1		本実験の対象者となる条件をすべて満たしていますか？##○ 先日実施した「【Outlook経験あり・パソコン限定】メールアドレス入力実験」のタスクに参加していない（先日補償対象となった方は例外として参加可能です）##○ 年齢が18歳以上の女性##○ 日本語の読み書きに堪能##○ PCでOutlookを使用したメール送信経験あり##○ 約30分を確実に確保でき、課題に集中可能な環境がある##○ 安定したインターネット環境があり、必須環境を用意できる##○ 本実験に関する説明文書に同意する##○ 「実験参加の前に行なっていただきたい作業」が完了している	はい@いいえ	はい	1225635235
1		本実験の対象者となる条件をすべて満たしていますか？##○ 先日実施した「【Outlook経験あり・パソコン限定】メールアドレス入力実験」のタスクに参加していない（先日補償対象となった方は例外として参加可能です）##○ 年齢が18歳以上の女性##○ 日本語の読み書きに堪能##○ PCでOutlookを使用したメール送信経験あり##○ 約30分を確実に確保でき、課題に集中可能な環境がある##○ 安定したインターネット環境があり、必須環境を用意できる##○ 本実験に関する説明文書に同意する##○ 「実験参加の前に行なっていただきたい作業」が完了している	はい@いいえ	はい	1226222607
1		本実験の対象者となる条件をすべて満たしていますか？##○ 先日実施した「【Outlook経験あり・パソコン限定】メールアドレス入力実験」のタスクに参加していない（先日補償対象となった方は例外として参加可能です）##○ 年齢が18歳以上の女性##○ 日本語の読み書きに堪能##○ PCでOutlookを使用したメール送信経験あり##○ 約30分を確実に確保でき、課題に集中可能な環境がある##○ 安定したインターネット環境があり、必須環境を用意できる##○ 本実験に関する説明文書に同意する##○ 「実験参加の前に行なっていただきたい作業」が完了している	はい@いいえ	はい	1226335812
1		本実験の対象者となる条件をすべて満たしていますか？##○ 先日実施した「【Outlook経験あり・パソコン限定】メールアドレス入力実験」のタスクに参加していない（先日補償対象となった方は例外として参加可能です）##○ 年齢が18歳以上の女性##○ 日本語の読み書きに堪能##○ PCでOutlookを使用したメール送信経験あり##○ 約30分を確実に確保でき、課題に集中可能な環境がある##○ 安定したインターネット環境があり、必須環境を用意できる##○ 本実験に関する説明文書に同意する##○ 「実験参加の前に行なっていただきたい作業」が完了している	はい@いいえ	はい	1226712276
1		本実験の対象者となる条件をすべて満たしていますか？##○ 先日実施した「【Outlook経験あり・パソコン限定】メールアドレス入力実験」のタスクに参加していない（先日補償対象となった方は例外として参加可能です）##○ 年齢が18歳以上の女性##○ 日本語の読み書きに堪能##○ PCでOutlookを使用したメール送信経験あり##○ 約30分を確実に確保でき、課題に集中可能な環境がある##○ 安定したインターネット環境があり、必須環境を用意できる##○ 本実験に関する説明文書に同意する##○ 「実験参加の前に行なっていただきたい作業」が完了している	はい@いいえ	はい	1226897401
1		本実験の対象者となる条件をすべて満たしていますか？##○ 先日実施した「【Outlook経験あり・パソコン限定】メールアドレス入力実験」のタスクに参加していない（先日補償対象となった方は例外として参加可能です）##○ 年齢が18歳以上の女性##○ 日本語の読み書きに堪能##○ PCでOutlookを使用したメール送信経験あり##○ 約30分を確実に確保でき、課題に集中可能な環境がある##○ 安定したインターネット環境があり、必須環境を用意できる##○ 本実験に関する説明文書に同意する##○ 「実験参加の前に行なっていただきたい作業」が完了している	はい@いいえ	はい	1227142655
1		本実験の対象者となる条件をすべて満たしていますか？##○ 先日実施した「【Outlook経験あり・パソコン限定】メールアドレス入力実験」のタスクに参加していない（先日補償対象となった方は例外として参加可能です）##○ 年齢が18歳以上の女性##○ 日本語の読み書きに堪能##○ PCでOutlookを使用したメール送信経験あり##○ 約30分を確実に確保でき、課題に集中可能な環境がある##○ 安定したインターネット環境があり、必須環境を用意できる##○ 本実験に関する説明文書に同意する##○ 「実験参加の前に行なっていただきたい作業」が完了している	はい@いいえ	はい	1228431248
1		本実験の対象者となる条件をすべて満たしていますか？##○ 先日実施した「【Outlook経験あり・パソコン限定】メールアドレス入力実験」のタスクに参加していない（先日補償対象となった方は例外として参加可能です）##○ 年齢が18歳以上の女性##○ 日本語の読み書きに堪能##○ PCでOutlookを使用したメール送信経験あり##○ 約30分を確実に確保でき、課題に集中可能な環境がある##○ 安定したインターネット環境があり、必須環境を用意できる##○ 本実験に関する説明文書に同意する##○ 「実験参加の前に行なっていただきたい作業」が完了している	はい@いいえ	はい	1230989431
1		本実験の対象者となる条件をすべて満たしていますか？##○ 先日実施した「【Outlook経験あり・パソコン限定】メールアドレス入力実験」のタスクに参加していない（先日補償対象となった方は例外として参加可能です）##○ 年齢が18歳以上の女性##○ 日本語の読み書きに堪能##○ PCでOutlookを使用したメール送信経験あり##○ 約30分を確実に確保でき、課題に集中可能な環境がある##○ 安定したインターネット環境があり、必須環境を用意できる##○ 本実験に関する説明文書に同意する##○ 「実験参加の前に行なっていただきたい作業」が完了している	はい@いいえ	はい	1231106385
1		本実験の対象者となる条件をすべて満たしていますか？##○ 先日実施した「【Outlook経験あり・パソコン限定】メールアドレス入力実験」のタスクに参加していない（先日補償対象となった方は例外として参加可能です）##○ 年齢が18歳以上の女性##○ 日本語の読み書きに堪能##○ PCでOutlookを使用したメール送信経験あり##○ 約30分を確実に確保でき、課題に集中可能な環境がある##○ 安定したインターネット環境があり、必須環境を用意できる##○ 本実験に関する説明文書に同意する##○ 「実験参加の前に行なっていただきたい作業」が完了している	はい@いいえ	はい	1231315483
1		本実験の対象者となる条件をすべて満たしていますか？##○ 先日実施した「【Outlook経験あり・パソコン限定】メールアドレス入力実験」のタスクに参加していない（先日補償対象となった方は例外として参加可能です）##○ 年齢が18歳以上の女性##○ 日本語の読み書きに堪能##○ PCでOutlookを使用したメール送信経験あり##○ 約30分を確実に確保でき、課題に集中可能な環境がある##○ 安定したインターネット環境があり、必須環境を用意できる##○ 本実験に関する説明文書に同意する##○ 「実験参加の前に行なっていただきたい作業」が完了している	はい@いいえ	はい	1232126729
1		本実験の対象者となる条件をすべて満たしていますか？##○ 先日実施した「【Outlook経験あり・パソコン限定】メールアドレス入力実験」のタスクに参加していない（先日補償対象となった方は例外として参加可能です）##○ 年齢が18歳以上の女性##○ 日本語の読み書きに堪能##○ PCでOutlookを使用したメール送信経験あり##○ 約30分を確実に確保でき、課題に集中可能な環境がある##○ 安定したインターネット環境があり、必須環境を用意できる##○ 本実験に関する説明文書に同意する##○ 「実験参加の前に行なっていただきたい作業」が完了している	はい@いいえ	はい	1232160887
1		本実験の対象者となる条件をすべて満たしていますか？##○ 先日実施した「【Outlook経験あり・パソコン限定】メールアドレス入力実験」のタスクに参加していない（先日補償対象となった方は例外として参加可能です）##○ 年齢が18歳以上の女性##○ 日本語の読み書きに堪能##○ PCでOutlookを使用したメール送信経験あり##○ 約30分を確実に確保でき、課題に集中可能な環境がある##○ 安定したインターネット環境があり、必須環境を用意できる##○ 本実験に関する説明文書に同意する##○ 「実験参加の前に行なっていただきたい作業」が完了している	はい@いいえ	はい	1232296461
1		本実験の対象者となる条件をすべて満たしていますか？##○ 先日実施した「【Outlook経験あり・パソコン限定】メールアドレス入力実験」のタスクに参加していない（先日補償対象となった方は例外として参加可能です）##○ 年齢が18歳以上の女性##○ 日本語の読み書きに堪能##○ PCでOutlookを使用したメール送信経験あり##○ 約30分を確実に確保でき、課題に集中可能な環境がある##○ 安定したインターネット環境があり、必須環境を用意できる##○ 本実験に関する説明文書に同意する##○ 「実験参加の前に行なっていただきたい作業」が完了している	はい@いいえ	はい	1232619174
1		本実験の対象者となる条件をすべて満たしていますか？##○ 先日実施した「【Outlook経験あり・パソコン限定】メールアドレス入力実験」のタスクに参加していない（先日補償対象となった方は例外として参加可能です）##○ 年齢が18歳以上の女性##○ 日本語の読み書きに堪能##○ PCでOutlookを使用したメール送信経験あり##○ 約30分を確実に確保でき、課題に集中可能な環境がある##○ 安定したインターネット環境があり、必須環境を用意できる##○ 本実験に関する説明文書に同意する##○ 「実験参加の前に行なっていただきたい作業」が完了している	はい@いいえ	はい	1232695336
1		本実験の対象者となる条件をすべて満たしていますか？##○ 先日実施した「【Outlook経験あり・パソコン限定】メールアドレス入力実験」のタスクに参加していない（先日補償対象となった方は例外として参加可能です）##○ 年齢が18歳以上の女性##○ 日本語の読み書きに堪能##○ PCでOutlookを使用したメール送信経験あり##○ 約30分を確実に確保でき、課題に集中可能な環境がある##○ 安定したインターネット環境があり、必須環境を用意できる##○ 本実験に関する説明文書に同意する##○ 「実験参加の前に行なっていただきたい作業」が完了している	はい@いいえ	はい	1232984411
1		本実験の対象者となる条件をすべて満たしていますか？##○ 先日実施した「【Outlook経験あり・パソコン限定】メールアドレス入力実験」のタスクに参加していない（先日補償対象となった方は例外として参加可能です）##○ 年齢が18歳以上の女性##○ 日本語の読み書きに堪能##○ PCでOutlookを使用したメール送信経験あり##○ 約30分を確実に確保でき、課題に集中可能な環境がある##○ 安定したインターネット環境があり、必須環境を用意できる##○ 本実験に関する説明文書に同意する##○ 「実験参加の前に行なっていただきたい作業」が完了している	はい@いいえ	はい	1233151099
1		本実験の対象者となる条件をすべて満たしていますか？##○ 先日実施した「【Outlook経験あり・パソコン限定】メールアドレス入力実験」のタスクに参加していない（先日補償対象となった方は例外として参加可能です）##○ 年齢が18歳以上の女性##○ 日本語の読み書きに堪能##○ PCでOutlookを使用したメール送信経験あり##○ 約30分を確実に確保でき、課題に集中可能な環境がある##○ 安定したインターネット環境があり、必須環境を用意できる##○ 本実験に関する説明文書に同意する##○ 「実験参加の前に行なっていただきたい作業」が完了している	はい@いいえ	はい	1233169530
1		本実験の対象者となる条件をすべて満たしていますか？##○ 先日実施した「【Outlook経験あり・パソコン限定】メールアドレス入力実験」のタスクに参加していない（先日補償対象となった方は例外として参加可能です）##○ 年齢が18歳以上の女性##○ 日本語の読み書きに堪能##○ PCでOutlookを使用したメール送信経験あり##○ 約30分を確実に確保でき、課題に集中可能な環境がある##○ 安定したインターネット環境があり、必須環境を用意できる##○ 本実験に関する説明文書に同意する##○ 「実験参加の前に行なっていただきたい作業」が完了している	はい@いいえ	はい	1233400758
1		本実験の対象者となる条件をすべて満たしていますか？##○ 先日実施した「【Outlook経験あり・パソコン限定】メールアドレス入力実験」のタスクに参加していない（先日補償対象となった方は例外として参加可能です）##○ 年齢が18歳以上の女性##○ 日本語の読み書きに堪能##○ PCでOutlookを使用したメール送信経験あり##○ 約30分を確実に確保でき、課題に集中可能な環境がある##○ 安定したインターネット環境があり、必須環境を用意できる##○ 本実験に関する説明文書に同意する##○ 「実験参加の前に行なっていただきたい作業」が完了している	はい@いいえ	はい	1233455517
1		本実験の対象者となる条件をすべて満たしていますか？##○ 先日実施した「【Outlook経験あり・パソコン限定】メールアドレス入力実験」のタスクに参加していない（先日補償対象となった方は例外として参加可能です）##○ 年齢が18歳以上の女性##○ 日本語の読み書きに堪能##○ PCでOutlookを使用したメール送信経験あり##○ 約30分を確実に確保でき、課題に集中可能な環境がある##○ 安定したインターネット環境があり、必須環境を用意できる##○ 本実験に関する説明文書に同意する##○ 「実験参加の前に行なっていただきたい作業」が完了している	はい@いいえ	はい	1233480837
1		本実験の対象者となる条件をすべて満たしていますか？##○ 先日実施した「【Outlook経験あり・パソコン限定】メールアドレス入力実験」のタスクに参加していない（先日補償対象となった方は例外として参加可能です）##○ 年齢が18歳以上の女性##○ 日本語の読み書きに堪能##○ PCでOutlookを使用したメール送信経験あり##○ 約30分を確実に確保でき、課題に集中可能な環境がある##○ 安定したインターネット環境があり、必須環境を用意できる##○ 本実験に関する説明文書に同意する##○ 「実験参加の前に行なっていただきたい作業」が完了している	はい@いいえ	はい	1234062932
1		本実験の対象者となる条件をすべて満たしていますか？##○ 先日実施した「【Outlook経験あり・パソコン限定】メールアドレス入力実験」のタスクに参加していない（先日補償対象となった方は例外として参加可能です）##○ 年齢が18歳以上の女性##○ 日本語の読み書きに堪能##○ PCでOutlookを使用したメール送信経験あり##○ 約30分を確実に確保でき、課題に集中可能な環境がある##○ 安定したインターネット環境があり、必須環境を用意できる##○ 本実験に関する説明文書に同意する##○ 「実験参加の前に行なっていただきたい作業」が完了している	はい@いいえ	はい	1234422726
1		本実験の対象者となる条件をすべて満たしていますか？##○ 先日実施した「【Outlook経験あり・パソコン限定】メールアドレス入力実験」のタスクに参加していない（先日補償対象となった方は例外として参加可能です）##○ 年齢が18歳以上の女性##○ 日本語の読み書きに堪能##○ PCでOutlookを使用したメール送信経験あり##○ 約30分を確実に確保でき、課題に集中可能な環境がある##○ 安定したインターネット環境があり、必須環境を用意できる##○ 本実験に関する説明文書に同意する##○ 「実験参加の前に行なっていただきたい作業」が完了している	はい@いいえ	はい	1234512071
1		本実験の対象者となる条件をすべて満たしていますか？##○ 先日実施した「【Outlook経験あり・パソコン限定】メールアドレス入力実験」のタスクに参加していない（先日補償対象となった方は例外として参加可能です）##○ 年齢が18歳以上の女性##○ 日本語の読み書きに堪能##○ PCでOutlookを使用したメール送信経験あり##○ 約30分を確実に確保でき、課題に集中可能な環境がある##○ 安定したインターネット環境があり、必須環境を用意できる##○ 本実験に関する説明文書に同意する##○ 「実験参加の前に行なっていただきたい作業」が完了している	はい@いいえ	はい	1234857524
1		本実験の対象者となる条件をすべて満たしていますか？##○ 先日実施した「【Outlook経験あり・パソコン限定】メールアドレス入力実験」のタスクに参加していない（先日補償対象となった方は例外として参加可能です）##○ 年齢が18歳以上の女性##○ 日本語の読み書きに堪能##○ PCでOutlookを使用したメール送信経験あり##○ 約30分を確実に確保でき、課題に集中可能な環境がある##○ 安定したインターネット環境があり、必須環境を用意できる##○ 本実験に関する説明文書に同意する##○ 「実験参加の前に行なっていただきたい作業」が完了している	はい@いいえ	はい	1235000129
1		本実験の対象者となる条件をすべて満たしていますか？##○ 先日実施した「【Outlook経験あり・パソコン限定】メールアドレス入力実験」のタスクに参加していない（先日補償対象となった方は例外として参加可能です）##○ 年齢が18歳以上の女性##○ 日本語の読み書きに堪能##○ PCでOutlookを使用したメール送信経験あり##○ 約30分を確実に確保でき、課題に集中可能な環境がある##○ 安定したインターネット環境があり、必須環境を用意できる##○ 本実験に関する説明文書に同意する##○ 「実験参加の前に行なっていただきたい作業」が完了している	はい@いいえ	はい	1235436623
1		本実験の対象者となる条件をすべて満たしていますか？##○ 先日実施した「【Outlook経験あり・パソコン限定】メールアドレス入力実験」のタスクに参加していない（先日補償対象となった方は例外として参加可能です）##○ 年齢が18歳以上の女性##○ 日本語の読み書きに堪能##○ PCでOutlookを使用したメール送信経験あり##○ 約30分を確実に確保でき、課題に集中可能な環境がある##○ 安定したインターネット環境があり、必須環境を用意できる##○ 本実験に関する説明文書に同意する##○ 「実験参加の前に行なっていただきたい作業」が完了している	はい@いいえ	はい	1235777464
1		本実験の対象者となる条件をすべて満たしていますか？##○ 先日実施した「【Outlook経験あり・パソコン限定】メールアドレス入力実験」のタスクに参加していない（先日補償対象となった方は例外として参加可能です）##○ 年齢が18歳以上の女性##○ 日本語の読み書きに堪能##○ PCでOutlookを使用したメール送信経験あり##○ 約30分を確実に確保でき、課題に集中可能な環境がある##○ 安定したインターネット環境があり、必須環境を用意できる##○ 本実験に関する説明文書に同意する##○ 「実験参加の前に行なっていただきたい作業」が完了している	はい@いいえ	はい	1235974099
1		本実験の対象者となる条件をすべて満たしていますか？##○ 先日実施した「【Outlook経験あり・パソコン限定】メールアドレス入力実験」のタスクに参加していない（先日補償対象となった方は例外として参加可能です）##○ 年齢が18歳以上の女性##○ 日本語の読み書きに堪能##○ PCでOutlookを使用したメール送信経験あり##○ 約30分を確実に確保でき、課題に集中可能な環境がある##○ 安定したインターネット環境があり、必須環境を用意できる##○ 本実験に関する説明文書に同意する##○ 「実験参加の前に行なっていただきたい作業」が完了している	はい@いいえ	はい	1236284816
1		本実験の対象者となる条件をすべて満たしていますか？##○ 先日実施した「【Outlook経験あり・パソコン限定】メールアドレス入力実験」のタスクに参加していない（先日補償対象となった方は例外として参加可能です）##○ 年齢が18歳以上の女性##○ 日本語の読み書きに堪能##○ PCでOutlookを使用したメール送信経験あり##○ 約30分を確実に確保でき、課題に集中可能な環境がある##○ 安定したインターネット環境があり、必須環境を用意できる##○ 本実験に関する説明文書に同意する##○ 「実験参加の前に行なっていただきたい作業」が完了している	はい@いいえ	はい	1236300194
1		本実験の対象者となる条件をすべて満たしていますか？##○ 先日実施した「【Outlook経験あり・パソコン限定】メールアドレス入力実験」のタスクに参加していない（先日補償対象となった方は例外として参加可能です）##○ 年齢が18歳以上の女性##○ 日本語の読み書きに堪能##○ PCでOutlookを使用したメール送信経験あり##○ 約30分を確実に確保でき、課題に集中可能な環境がある##○ 安定したインターネット環境があり、必須環境を用意できる##○ 本実験に関する説明文書に同意する##○ 「実験参加の前に行なっていただきたい作業」が完了している	はい@いいえ	はい	1236346868
1		本実験の対象者となる条件をすべて満たしていますか？##○ 先日実施した「【Outlook経験あり・パソコン限定】メールアドレス入力実験」のタスクに参加していない（先日補償対象となった方は例外として参加可能です）##○ 年齢が18歳以上の女性##○ 日本語の読み書きに堪能##○ PCでOutlookを使用したメール送信経験あり##○ 約30分を確実に確保でき、課題に集中可能な環境がある##○ 安定したインターネット環境があり、必須環境を用意できる##○ 本実験に関する説明文書に同意する##○ 「実験参加の前に行なっていただきたい作業」が完了している	はい@いいえ	はい	1236689076
1		本実験の対象者となる条件をすべて満たしていますか？##○ 先日実施した「【Outlook経験あり・パソコン限定】メールアドレス入力実験」のタスクに参加していない（先日補償対象となった方は例外として参加可能です）##○ 年齢が18歳以上の女性##○ 日本語の読み書きに堪能##○ PCでOutlookを使用したメール送信経験あり##○ 約30分を確実に確保でき、課題に集中可能な環境がある##○ 安定したインターネット環境があり、必須環境を用意できる##○ 本実験に関する説明文書に同意する##○ 「実験参加の前に行なっていただきたい作業」が完了している	はい@いいえ	はい	1237066615
1		本実験の対象者となる条件をすべて満たしていますか？##○ 先日実施した「【Outlook経験あり・パソコン限定】メールアドレス入力実験」のタスクに参加していない（先日補償対象となった方は例外として参加可能です）##○ 年齢が18歳以上の女性##○ 日本語の読み書きに堪能##○ PCでOutlookを使用したメール送信経験あり##○ 約30分を確実に確保でき、課題に集中可能な環境がある##○ 安定したインターネット環境があり、必須環境を用意できる##○ 本実験に関する説明文書に同意する##○ 「実験参加の前に行なっていただきたい作業」が完了している	はい@いいえ	はい	1237281878
1		本実験の対象者となる条件をすべて満たしていますか？##○ 先日実施した「【Outlook経験あり・パソコン限定】メールアドレス入力実験」のタスクに参加していない（先日補償対象となった方は例外として参加可能です）##○ 年齢が18歳以上の女性##○ 日本語の読み書きに堪能##○ PCでOutlookを使用したメール送信経験あり##○ 約30分を確実に確保でき、課題に集中可能な環境がある##○ 安定したインターネット環境があり、必須環境を用意できる##○ 本実験に関する説明文書に同意する##○ 「実験参加の前に行なっていただきたい作業」が完了している	はい@いいえ	はい	1237410516
1		本実験の対象者となる条件をすべて満たしていますか？##○ 先日実施した「【Outlook経験あり・パソコン限定】メールアドレス入力実験」のタスクに参加していない（先日補償対象となった方は例外として参加可能です）##○ 年齢が18歳以上の女性##○ 日本語の読み書きに堪能##○ PCでOutlookを使用したメール送信経験あり##○ 約30分を確実に確保でき、課題に集中可能な環境がある##○ 安定したインターネット環境があり、必須環境を用意できる##○ 本実験に関する説明文書に同意する##○ 「実験参加の前に行なっていただきたい作業」が完了している	はい@いいえ	はい	1237586190
1		本実験の対象者となる条件をすべて満たしていますか？##○ 先日実施した「【Outlook経験あり・パソコン限定】メールアドレス入力実験」のタスクに参加していない（先日補償対象となった方は例外として参加可能です）##○ 年齢が18歳以上の女性##○ 日本語の読み書きに堪能##○ PCでOutlookを使用したメール送信経験あり##○ 約30分を確実に確保でき、課題に集中可能な環境がある##○ 安定したインターネット環境があり、必須環境を用意できる##○ 本実験に関する説明文書に同意する##○ 「実験参加の前に行なっていただきたい作業」が完了している	はい@いいえ	はい	1237654803
1		本実験の対象者となる条件をすべて満たしていますか？##○ 先日実施した「【Outlook経験あり・パソコン限定】メールアドレス入力実験」のタスクに参加していない（先日補償対象となった方は例外として参加可能です）##○ 年齢が18歳以上の女性##○ 日本語の読み書きに堪能##○ PCでOutlookを使用したメール送信経験あり##○ 約30分を確実に確保でき、課題に集中可能な環境がある##○ 安定したインターネット環境があり、必須環境を用意できる##○ 本実験に関する説明文書に同意する##○ 「実験参加の前に行なっていただきたい作業」が完了している	はい@いいえ	はい	1237669848
1		本実験の対象者となる条件をすべて満たしていますか？##○ 先日実施した「【Outlook経験あり・パソコン限定】メールアドレス入力実験」のタスクに参加していない（先日補償対象となった方は例外として参加可能です）##○ 年齢が18歳以上の女性##○ 日本語の読み書きに堪能##○ PCでOutlookを使用したメール送信経験あり##○ 約30分を確実に確保でき、課題に集中可能な環境がある##○ 安定したインターネット環境があり、必須環境を用意できる##○ 本実験に関する説明文書に同意する##○ 「実験参加の前に行なっていただきたい作業」が完了している	はい@いいえ	はい	1237800822
1		本実験の対象者となる条件をすべて満たしていますか？##○ 先日実施した「【Outlook経験あり・パソコン限定】メールアドレス入力実験」のタスクに参加していない（先日補償対象となった方は例外として参加可能です）##○ 年齢が18歳以上の女性##○ 日本語の読み書きに堪能##○ PCでOutlookを使用したメール送信経験あり##○ 約30分を確実に確保でき、課題に集中可能な環境がある##○ 安定したインターネット環境があり、必須環境を用意できる##○ 本実験に関する説明文書に同意する##○ 「実験参加の前に行なっていただきたい作業」が完了している	はい@いいえ	はい	1237827097
1		本実験の対象者となる条件をすべて満たしていますか？##○ 先日実施した「【Outlook経験あり・パソコン限定】メールアドレス入力実験」のタスクに参加していない（先日補償対象となった方は例外として参加可能です）##○ 年齢が18歳以上の女性##○ 日本語の読み書きに堪能##○ PCでOutlookを使用したメール送信経験あり##○ 約30分を確実に確保でき、課題に集中可能な環境がある##○ 安定したインターネット環境があり、必須環境を用意できる##○ 本実験に関する説明文書に同意する##○ 「実験参加の前に行なっていただきたい作業」が完了している	はい@いいえ	はい	1237836770
1		本実験の対象者となる条件をすべて満たしていますか？##○ 先日実施した「【Outlook経験あり・パソコン限定】メールアドレス入力実験」のタスクに参加していない（先日補償対象となった方は例外として参加可能です）##○ 年齢が18歳以上の女性##○ 日本語の読み書きに堪能##○ PCでOutlookを使用したメール送信経験あり##○ 約30分を確実に確保でき、課題に集中可能な環境がある##○ 安定したインターネット環境があり、必須環境を用意できる##○ 本実験に関する説明文書に同意する##○ 「実験参加の前に行なっていただきたい作業」が完了している	はい@いいえ	はい	1237906285
1		本実験の対象者となる条件をすべて満たしていますか？##○ 先日実施した「【Outlook経験あり・パソコン限定】メールアドレス入力実験」のタスクに参加していない（先日補償対象となった方は例外として参加可能です）##○ 年齢が18歳以上の女性##○ 日本語の読み書きに堪能##○ PCでOutlookを使用したメール送信経験あり##○ 約30分を確実に確保でき、課題に集中可能な環境がある##○ 安定したインターネット環境があり、必須環境を用意できる##○ 本実験に関する説明文書に同意する##○ 「実験参加の前に行なっていただきたい作業」が完了している	はい@いいえ	はい	1237913367
1		本実験の対象者となる条件をすべて満たしていますか？##○ 先日実施した「【Outlook経験あり・パソコン限定】メールアドレス入力実験」のタスクに参加していない（先日補償対象となった方は例外として参加可能です）##○ 年齢が18歳以上の女性##○ 日本語の読み書きに堪能##○ PCでOutlookを使用したメール送信経験あり##○ 約30分を確実に確保でき、課題に集中可能な環境がある##○ 安定したインターネット環境があり、必須環境を用意できる##○ 本実験に関する説明文書に同意する##○ 「実験参加の前に行なっていただきたい作業」が完了している	はい@いいえ	はい	1238103947
1		本実験の対象者となる条件をすべて満たしていますか？##○ 先日実施した「【Outlook経験あり・パソコン限定】メールアドレス入力実験」のタスクに参加していない（先日補償対象となった方は例外として参加可能です）##○ 年齢が18歳以上の女性##○ 日本語の読み書きに堪能##○ PCでOutlookを使用したメール送信経験あり##○ 約30分を確実に確保でき、課題に集中可能な環境がある##○ 安定したインターネット環境があり、必須環境を用意できる##○ 本実験に関する説明文書に同意する##○ 「実験参加の前に行なっていただきたい作業」が完了している	はい@いいえ	はい	1238717867
1		本実験の対象者となる条件をすべて満たしていますか？##○ 先日実施した「【Outlook経験あり・パソコン限定】メールアドレス入力実験」のタスクに参加していない（先日補償対象となった方は例外として参加可能です）##○ 年齢が18歳以上の女性##○ 日本語の読み書きに堪能##○ PCでOutlookを使用したメール送信経験あり##○ 約30分を確実に確保でき、課題に集中可能な環境がある##○ 安定したインターネット環境があり、必須環境を用意できる##○ 本実験に関する説明文書に同意する##○ 「実験参加の前に行なっていただきたい作業」が完了している	はい@いいえ	はい	1238744397
1		本実験の対象者となる条件をすべて満たしていますか？##○ 先日実施した「【Outlook経験あり・パソコン限定】メールアドレス入力実験」のタスクに参加していない（先日補償対象となった方は例外として参加可能です）##○ 年齢が18歳以上の女性##○ 日本語の読み書きに堪能##○ PCでOutlookを使用したメール送信経験あり##○ 約30分を確実に確保でき、課題に集中可能な環境がある##○ 安定したインターネット環境があり、必須環境を用意できる##○ 本実験に関する説明文書に同意する##○ 「実験参加の前に行なっていただきたい作業」が完了している	はい@いいえ	はい	1239124266
1		本実験の対象者となる条件をすべて満たしていますか？##○ 先日実施した「【Outlook経験あり・パソコン限定】メールアドレス入力実験」のタスクに参加していない（先日補償対象となった方は例外として参加可能です）##○ 年齢が18歳以上の女性##○ 日本語の読み書きに堪能##○ PCでOutlookを使用したメール送信経験あり##○ 約30分を確実に確保でき、課題に集中可能な環境がある##○ 安定したインターネット環境があり、必須環境を用意できる##○ 本実験に関する説明文書に同意する##○ 「実験参加の前に行なっていただきたい作業」が完了している	はい@いいえ	はい	1239138628
1		本実験の対象者となる条件をすべて満たしていますか？##○ 先日実施した「【Outlook経験あり・パソコン限定】メールアドレス入力実験」のタスクに参加していない（先日補償対象となった方は例外として参加可能です）##○ 年齢が18歳以上の女性##○ 日本語の読み書きに堪能##○ PCでOutlookを使用したメール送信経験あり##○ 約30分を確実に確保でき、課題に集中可能な環境がある##○ 安定したインターネット環境があり、必須環境を用意できる##○ 本実験に関する説明文書に同意する##○ 「実験参加の前に行なっていただきたい作業」が完了している	はい@いいえ	はい	1239144371
2		「実験参加の前に行なっていただきたい作業」##1. 本実験専用のWebサイトを使用する関係で、キーボードの設定変更をお願いいたします。##2. 実験用Webサイトの操作手順について、動画を視聴してください。	キーボードの設定変更手順 説明資料	https://cysec-lab.notion.site/1533a3874f7280dbbac9d004094f6089?pvs=4	実験用Webサイト操作手順 説明動画（Youtube）	https://www.youtube.com/watch?v=wqqQ1WCVfXo	「実験参加の前に行なっていただきたい作業」は完了していますか？	完了している@完了していない		ここには何も入力しないでください。	完了している	ここには何も入力しないでください。	1225635235
2		「実験参加の前に行なっていただきたい作業」##1. 本実験専用のWebサイトを使用する関係で、キーボードの設定変更をお願いいたします。##2. 実験用Webサイトの操作手順について、動画を視聴してください。	キーボードの設定変更手順 説明資料	https://cysec-lab.notion.site/1533a3874f7280dbbac9d004094f6089?pvs=4	実験用Webサイト操作手順 説明動画（Youtube）	https://www.youtube.com/watch?v=wqqQ1WCVfXo	「実験参加の前に行なっていただきたい作業」は完了していますか？	完了している@完了していない		ここには何も入力しないでください。	完了している	ここには何も入力しないでください。	1226222607
2		「実験参加の前に行なっていただきたい作業」##1. 本実験専用のWebサイトを使用する関係で、キーボードの設定変更をお願いいたします。##2. 実験用Webサイトの操作手順について、動画を視聴してください。	キーボードの設定変更手順 説明資料	https://cysec-lab.notion.site/1533a3874f7280dbbac9d004094f6089?pvs=4	実験用Webサイト操作手順 説明動画（Youtube）	https://www.youtube.com/watch?v=wqqQ1WCVfXo	「実験参加の前に行なっていただきたい作業」は完了していますか？	完了している@完了していない		ここには何も入力しないでください。	完了している	ここには何も入力しないでください。	1226335812
2		「実験参加の前に行なっていただきたい作業」##1. 本実験専用のWebサイトを使用する関係で、キーボードの設定変更をお願いいたします。##2. 実験用Webサイトの操作手順について、動画を視聴してください。	キーボードの設定変更手順 説明資料	https://cysec-lab.notion.site/1533a3874f7280dbbac9d004094f6089?pvs=4	実験用Webサイト操作手順 説明動画（Youtube）	https://www.youtube.com/watch?v=wqqQ1WCVfXo	「実験参加の前に行なっていただきたい作業」は完了していますか？	完了している@完了していない		ここには何も入力しないでください。	完了している	ここには何も入力しないでください。	1226712276
2		「実験参加の前に行なっていただきたい作業」##1. 本実験専用のWebサイトを使用する関係で、キーボードの設定変更をお願いいたします。##2. 実験用Webサイトの操作手順について、動画を視聴してください。	キーボードの設定変更手順 説明資料	https://cysec-lab.notion.site/1533a3874f7280dbbac9d004094f6089?pvs=4	実験用Webサイト操作手順 説明動画（Youtube）	https://www.youtube.com/watch?v=wqqQ1WCVfXo	「実験参加の前に行なっていただきたい作業」は完了していますか？	完了している@完了していない		ここには何も入力しないでください。	完了している	ここには何も入力しないでください。	1226897401
2		「実験参加の前に行なっていただきたい作業」##1. 本実験専用のWebサイトを使用する関係で、キーボードの設定変更をお願いいたします。##2. 実験用Webサイトの操作手順について、動画を視聴してください。	キーボードの設定変更手順 説明資料	https://cysec-lab.notion.site/1533a3874f7280dbbac9d004094f6089?pvs=4	実験用Webサイト操作手順 説明動画（Youtube）	https://www.youtube.com/watch?v=wqqQ1WCVfXo	「実験参加の前に行なっていただきたい作業」は完了していますか？	完了している@完了していない		ここには何も入力しないでください。	完了している	ここには何も入力しないでください。	1227142655
2		「実験参加の前に行なっていただきたい作業」##1. 本実験専用のWebサイトを使用する関係で、キーボードの設定変更をお願いいたします。##2. 実験用Webサイトの操作手順について、動画を視聴してください。	キーボードの設定変更手順 説明資料	https://cysec-lab.notion.site/1533a3874f7280dbbac9d004094f6089?pvs=4	実験用Webサイト操作手順 説明動画（Youtube）	https://www.youtube.com/watch?v=wqqQ1WCVfXo	「実験参加の前に行なっていただきたい作業」は完了していますか？	完了している@完了していない		ここには何も入力しないでください。	完了している	ここには何も入力しないでください。	1228431248
2		「実験参加の前に行なっていただきたい作業」##1. 本実験専用のWebサイトを使用する関係で、キーボードの設定変更をお願いいたします。##2. 実験用Webサイトの操作手順について、動画を視聴してください。	キーボードの設定変更手順 説明資料	https://cysec-lab.notion.site/1533a3874f7280dbbac9d004094f6089?pvs=4	実験用Webサイト操作手順 説明動画（Youtube）	https://www.youtube.com/watch?v=wqqQ1WCVfXo	「実験参加の前に行なっていただきたい作業」は完了していますか？	完了している@完了していない		ここには何も入力しないでください。	完了している	ここには何も入力しないでください。	1230989431
2		「実験参加の前に行なっていただきたい作業」##1. 本実験専用のWebサイトを使用する関係で、キーボードの設定変更をお願いいたします。##2. 実験用Webサイトの操作手順について、動画を視聴してください。	キーボードの設定変更手順 説明資料	https://cysec-lab.notion.site/1533a3874f7280dbbac9d004094f6089?pvs=4	実験用Webサイト操作手順 説明動画（Youtube）	https://www.youtube.com/watch?v=wqqQ1WCVfXo	「実験参加の前に行なっていただきたい作業」は完了していますか？	完了している@完了していない		ここには何も入力しないでください。	完了している	ここには何も入力しないでください。	1231106385
2		「実験参加の前に行なっていただきたい作業」##1. 本実験専用のWebサイトを使用する関係で、キーボードの設定変更をお願いいたします。##2. 実験用Webサイトの操作手順について、動画を視聴してください。	キーボードの設定変更手順 説明資料	https://cysec-lab.notion.site/1533a3874f7280dbbac9d004094f6089?pvs=4	実験用Webサイト操作手順 説明動画（Youtube）	https://www.youtube.com/watch?v=wqqQ1WCVfXo	「実験参加の前に行なっていただきたい作業」は完了していますか？	完了している@完了していない		ここには何も入力しないでください。	完了している	ここには何も入力しないでください。	1231315483
2		「実験参加の前に行なっていただきたい作業」##1. 本実験専用のWebサイトを使用する関係で、キーボードの設定変更をお願いいたします。##2. 実験用Webサイトの操作手順について、動画を視聴してください。	キーボードの設定変更手順 説明資料	https://cysec-lab.notion.site/1533a3874f7280dbbac9d004094f6089?pvs=4	実験用Webサイト操作手順 説明動画（Youtube）	https://www.youtube.com/watch?v=wqqQ1WCVfXo	「実験参加の前に行なっていただきたい作業」は完了していますか？	完了している@完了していない		ここには何も入力しないでください。	完了している	ここには何も入力しないでください。	1232126729
2		「実験参加の前に行なっていただきたい作業」##1. 本実験専用のWebサイトを使用する関係で、キーボードの設定変更をお願いいたします。##2. 実験用Webサイトの操作手順について、動画を視聴してください。	キーボードの設定変更手順 説明資料	https://cysec-lab.notion.site/1533a3874f7280dbbac9d004094f6089?pvs=4	実験用Webサイト操作手順 説明動画（Youtube）	https://www.youtube.com/watch?v=wqqQ1WCVfXo	「実験参加の前に行なっていただきたい作業」は完了していますか？	完了している@完了していない		ここには何も入力しないでください。	完了している	ここには何も入力しないでください。	1232160887
2		「実験参加の前に行なっていただきたい作業」##1. 本実験専用のWebサイトを使用する関係で、キーボードの設定変更をお願いいたします。##2. 実験用Webサイトの操作手順について、動画を視聴してください。	キーボードの設定変更手順 説明資料	https://cysec-lab.notion.site/1533a3874f7280dbbac9d004094f6089?pvs=4	実験用Webサイト操作手順 説明動画（Youtube）	https://www.youtube.com/watch?v=wqqQ1WCVfXo	「実験参加の前に行なっていただきたい作業」は完了していますか？	完了している@完了していない		ここには何も入力しないでください。	完了している	ここには何も入力しないでください。	1232296461
2		「実験参加の前に行なっていただきたい作業」##1. 本実験専用のWebサイトを使用する関係で、キーボードの設定変更をお願いいたします。##2. 実験用Webサイトの操作手順について、動画を視聴してください。	キーボードの設定変更手順 説明資料	https://cysec-lab.notion.site/1533a3874f7280dbbac9d004094f6089?pvs=4	実験用Webサイト操作手順 説明動画（Youtube）	https://www.youtube.com/watch?v=wqqQ1WCVfXo	「実験参加の前に行なっていただきたい作業」は完了していますか？	完了している@完了していない		ここには何も入力しないでください。	完了している	ここには何も入力しないでください。	1232619174
2		「実験参加の前に行なっていただきたい作業」##1. 本実験専用のWebサイトを使用する関係で、キーボードの設定変更をお願いいたします。##2. 実験用Webサイトの操作手順について、動画を視聴してください。	キーボードの設定変更手順 説明資料	https://cysec-lab.notion.site/1533a3874f7280dbbac9d004094f6089?pvs=4	実験用Webサイト操作手順 説明動画（Youtube）	https://www.youtube.com/watch?v=wqqQ1WCVfXo	「実験参加の前に行なっていただきたい作業」は完了していますか？	完了している@完了していない		ここには何も入力しないでください。	完了している	ここには何も入力しないでください。	1232695336
2		「実験参加の前に行なっていただきたい作業」##1. 本実験専用のWebサイトを使用する関係で、キーボードの設定変更をお願いいたします。##2. 実験用Webサイトの操作手順について、動画を視聴してください。	キーボードの設定変更手順 説明資料	https://cysec-lab.notion.site/1533a3874f7280dbbac9d004094f6089?pvs=4	実験用Webサイト操作手順 説明動画（Youtube）	https://www.youtube.com/watch?v=wqqQ1WCVfXo	「実験参加の前に行なっていただきたい作業」は完了していますか？	完了している@完了していない		ここには何も入力しないでください。	完了している	ここには何も入力しないでください。	1232984411
2		「実験参加の前に行なっていただきたい作業」##1. 本実験専用のWebサイトを使用する関係で、キーボードの設定変更をお願いいたします。##2. 実験用Webサイトの操作手順について、動画を視聴してください。	キーボードの設定変更手順 説明資料	https://cysec-lab.notion.site/1533a3874f7280dbbac9d004094f6089?pvs=4	実験用Webサイト操作手順 説明動画（Youtube）	https://www.youtube.com/watch?v=wqqQ1WCVfXo	「実験参加の前に行なっていただきたい作業」は完了していますか？	完了している@完了していない		ここには何も入力しないでください。	完了している	ここには何も入力しないでください。	1233151099
2		「実験参加の前に行なっていただきたい作業」##1. 本実験専用のWebサイトを使用する関係で、キーボードの設定変更をお願いいたします。##2. 実験用Webサイトの操作手順について、動画を視聴してください。	キーボードの設定変更手順 説明資料	https://cysec-lab.notion.site/1533a3874f7280dbbac9d004094f6089?pvs=4	実験用Webサイト操作手順 説明動画（Youtube）	https://www.youtube.com/watch?v=wqqQ1WCVfXo	「実験参加の前に行なっていただきたい作業」は完了していますか？	完了している@完了していない		ここには何も入力しないでください。	完了している	ここには何も入力しないでください。	1233169530
2		「実験参加の前に行なっていただきたい作業」##1. 本実験専用のWebサイトを使用する関係で、キーボードの設定変更をお願いいたします。##2. 実験用Webサイトの操作手順について、動画を視聴してください。	キーボードの設定変更手順 説明資料	https://cysec-lab.notion.site/1533a3874f7280dbbac9d004094f6089?pvs=4	実験用Webサイト操作手順 説明動画（Youtube）	https://www.youtube.com/watch?v=wqqQ1WCVfXo	「実験参加の前に行なっていただきたい作業」は完了していますか？	完了している@完了していない		ここには何も入力しないでください。	完了している	ここには何も入力しないでください。	1233400758
2		「実験参加の前に行なっていただきたい作業」##1. 本実験専用のWebサイトを使用する関係で、キーボードの設定変更をお願いいたします。##2. 実験用Webサイトの操作手順について、動画を視聴してください。	キーボードの設定変更手順 説明資料	https://cysec-lab.notion.site/1533a3874f7280dbbac9d004094f6089?pvs=4	実験用Webサイト操作手順 説明動画（Youtube）	https://www.youtube.com/watch?v=wqqQ1WCVfXo	「実験参加の前に行なっていただきたい作業」は完了していますか？	完了している@完了していない		ここには何も入力しないでください。	完了している	ここには何も入力しないでください。	1233455517
2		「実験参加の前に行なっていただきたい作業」##1. 本実験専用のWebサイトを使用する関係で、キーボードの設定変更をお願いいたします。##2. 実験用Webサイトの操作手順について、動画を視聴してください。	キーボードの設定変更手順 説明資料	https://cysec-lab.notion.site/1533a3874f7280dbbac9d004094f6089?pvs=4	実験用Webサイト操作手順 説明動画（Youtube）	https://www.youtube.com/watch?v=wqqQ1WCVfXo	「実験参加の前に行なっていただきたい作業」は完了していますか？	完了している@完了していない		ここには何も入力しないでください。	完了している	ここには何も入力しないでください。	1233480837
2		「実験参加の前に行なっていただきたい作業」##1. 本実験専用のWebサイトを使用する関係で、キーボードの設定変更をお願いいたします。##2. 実験用Webサイトの操作手順について、動画を視聴してください。	キーボードの設定変更手順 説明資料	https://cysec-lab.notion.site/1533a3874f7280dbbac9d004094f6089?pvs=4	実験用Webサイト操作手順 説明動画（Youtube）	https://www.youtube.com/watch?v=wqqQ1WCVfXo	「実験参加の前に行なっていただきたい作業」は完了していますか？	完了している@完了していない		ここには何も入力しないでください。	完了している	ここには何も入力しないでください。	1234062932
2		「実験参加の前に行なっていただきたい作業」##1. 本実験専用のWebサイトを使用する関係で、キーボードの設定変更をお願いいたします。##2. 実験用Webサイトの操作手順について、動画を視聴してください。	キーボードの設定変更手順 説明資料	https://cysec-lab.notion.site/1533a3874f7280dbbac9d004094f6089?pvs=4	実験用Webサイト操作手順 説明動画（Youtube）	https://www.youtube.com/watch?v=wqqQ1WCVfXo	「実験参加の前に行なっていただきたい作業」は完了していますか？	完了している@完了していない		ここには何も入力しないでください。	完了している	ここには何も入力しないでください。	1234422726
2		「実験参加の前に行なっていただきたい作業」##1. 本実験専用のWebサイトを使用する関係で、キーボードの設定変更をお願いいたします。##2. 実験用Webサイトの操作手順について、動画を視聴してください。	キーボードの設定変更手順 説明資料	https://cysec-lab.notion.site/1533a3874f7280dbbac9d004094f6089?pvs=4	実験用Webサイト操作手順 説明動画（Youtube）	https://www.youtube.com/watch?v=wqqQ1WCVfXo	「実験参加の前に行なっていただきたい作業」は完了していますか？	完了している@完了していない		ここには何も入力しないでください。	完了している	ここには何も入力しないでください。	1234512071
2		「実験参加の前に行なっていただきたい作業」##1. 本実験専用のWebサイトを使用する関係で、キーボードの設定変更をお願いいたします。##2. 実験用Webサイトの操作手順について、動画を視聴してください。	キーボードの設定変更手順 説明資料	https://cysec-lab.notion.site/1533a3874f7280dbbac9d004094f6089?pvs=4	実験用Webサイト操作手順 説明動画（Youtube）	https://www.youtube.com/watch?v=wqqQ1WCVfXo	「実験参加の前に行なっていただきたい作業」は完了していますか？	完了している@完了していない		ここには何も入力しないでください。	完了している	ここには何も入力しないでください。	1234857524
2		「実験参加の前に行なっていただきたい作業」##1. 本実験専用のWebサイトを使用する関係で、キーボードの設定変更をお願いいたします。##2. 実験用Webサイトの操作手順について、動画を視聴してください。	キーボードの設定変更手順 説明資料	https://cysec-lab.notion.site/1533a3874f7280dbbac9d004094f6089?pvs=4	実験用Webサイト操作手順 説明動画（Youtube）	https://www.youtube.com/watch?v=wqqQ1WCVfXo	「実験参加の前に行なっていただきたい作業」は完了していますか？	完了している@完了していない		ここには何も入力しないでください。	完了している	ここには何も入力しないでください。	1235000129
2		「実験参加の前に行なっていただきたい作業」##1. 本実験専用のWebサイトを使用する関係で、キーボードの設定変更をお願いいたします。##2. 実験用Webサイトの操作手順について、動画を視聴してください。	キーボードの設定変更手順 説明資料	https://cysec-lab.notion.site/1533a3874f7280dbbac9d004094f6089?pvs=4	実験用Webサイト操作手順 説明動画（Youtube）	https://www.youtube.com/watch?v=wqqQ1WCVfXo	「実験参加の前に行なっていただきたい作業」は完了していますか？	完了している@完了していない		ここには何も入力しないでください。	完了している	ここには何も入力しないでください。	1235436623
2		「実験参加の前に行なっていただきたい作業」##1. 本実験専用のWebサイトを使用する関係で、キーボードの設定変更をお願いいたします。##2. 実験用Webサイトの操作手順について、動画を視聴してください。	キーボードの設定変更手順 説明資料	https://cysec-lab.notion.site/1533a3874f7280dbbac9d004094f6089?pvs=4	実験用Webサイト操作手順 説明動画（Youtube）	https://www.youtube.com/watch?v=wqqQ1WCVfXo	「実験参加の前に行なっていただきたい作業」は完了していますか？	完了している@完了していない		ここには何も入力しないでください。	完了している	ここには何も入力しないでください。	1235777464
2		「実験参加の前に行なっていただきたい作業」##1. 本実験専用のWebサイトを使用する関係で、キーボードの設定変更をお願いいたします。##2. 実験用Webサイトの操作手順について、動画を視聴してください。	キーボードの設定変更手順 説明資料	https://cysec-lab.notion.site/1533a3874f7280dbbac9d004094f6089?pvs=4	実験用Webサイト操作手順 説明動画（Youtube）	https://www.youtube.com/watch?v=wqqQ1WCVfXo	「実験参加の前に行なっていただきたい作業」は完了していますか？	完了している@完了していない		ここには何も入力しないでください。	完了している	ここには何も入力しないでください。	1235974099
2		「実験参加の前に行なっていただきたい作業」##1. 本実験専用のWebサイトを使用する関係で、キーボードの設定変更をお願いいたします。##2. 実験用Webサイトの操作手順について、動画を視聴してください。	キーボードの設定変更手順 説明資料	https://cysec-lab.notion.site/1533a3874f7280dbbac9d004094f6089?pvs=4	実験用Webサイト操作手順 説明動画（Youtube）	https://www.youtube.com/watch?v=wqqQ1WCVfXo	「実験参加の前に行なっていただきたい作業」は完了していますか？	完了している@完了していない		ここには何も入力しないでください。	完了している	ここには何も入力しないでください。	1236284816
2		「実験参加の前に行なっていただきたい作業」##1. 本実験専用のWebサイトを使用する関係で、キーボードの設定変更をお願いいたします。##2. 実験用Webサイトの操作手順について、動画を視聴してください。	キーボードの設定変更手順 説明資料	https://cysec-lab.notion.site/1533a3874f7280dbbac9d004094f6089?pvs=4	実験用Webサイト操作手順 説明動画（Youtube）	https://www.youtube.com/watch?v=wqqQ1WCVfXo	「実験参加の前に行なっていただきたい作業」は完了していますか？	完了している@完了していない		ここには何も入力しないでください。	完了している	ここには何も入力しないでください。	1236300194
2		「実験参加の前に行なっていただきたい作業」##1. 本実験専用のWebサイトを使用する関係で、キーボードの設定変更をお願いいたします。##2. 実験用Webサイトの操作手順について、動画を視聴してください。	キーボードの設定変更手順 説明資料	https://cysec-lab.notion.site/1533a3874f7280dbbac9d004094f6089?pvs=4	実験用Webサイト操作手順 説明動画（Youtube）	https://www.youtube.com/watch?v=wqqQ1WCVfXo	「実験参加の前に行なっていただきたい作業」は完了していますか？	完了している@完了していない		ここには何も入力しないでください。	完了している	ここには何も入力しないでください。	1236346868
2		「実験参加の前に行なっていただきたい作業」##1. 本実験専用のWebサイトを使用する関係で、キーボードの設定変更をお願いいたします。##2. 実験用Webサイトの操作手順について、動画を視聴してください。	キーボードの設定変更手順 説明資料	https://cysec-lab.notion.site/1533a3874f7280dbbac9d004094f6089?pvs=4	実験用Webサイト操作手順 説明動画（Youtube）	https://www.youtube.com/watch?v=wqqQ1WCVfXo	「実験参加の前に行なっていただきたい作業」は完了していますか？	完了している@完了していない		ここには何も入力しないでください。	完了している	ここには何も入力しないでください。	1236689076
2		「実験参加の前に行なっていただきたい作業」##1. 本実験専用のWebサイトを使用する関係で、キーボードの設定変更をお願いいたします。##2. 実験用Webサイトの操作手順について、動画を視聴してください。	キーボードの設定変更手順 説明資料	https://cysec-lab.notion.site/1533a3874f7280dbbac9d004094f6089?pvs=4	実験用Webサイト操作手順 説明動画（Youtube）	https://www.youtube.com/watch?v=wqqQ1WCVfXo	「実験参加の前に行なっていただきたい作業」は完了していますか？	完了している@完了していない		ここには何も入力しないでください。	完了している	ここには何も入力しないでください。	1237066615
2		「実験参加の前に行なっていただきたい作業」##1. 本実験専用のWebサイトを使用する関係で、キーボードの設定変更をお願いいたします。##2. 実験用Webサイトの操作手順について、動画を視聴してください。	キーボードの設定変更手順 説明資料	https://cysec-lab.notion.site/1533a3874f7280dbbac9d004094f6089?pvs=4	実験用Webサイト操作手順 説明動画（Youtube）	https://www.youtube.com/watch?v=wqqQ1WCVfXo	「実験参加の前に行なっていただきたい作業」は完了していますか？	完了している@完了していない		ここには何も入力しないでください。	完了している	ここには何も入力しないでください。	1237281878
2		「実験参加の前に行なっていただきたい作業」##1. 本実験専用のWebサイトを使用する関係で、キーボードの設定変更をお願いいたします。##2. 実験用Webサイトの操作手順について、動画を視聴してください。	キーボードの設定変更手順 説明資料	https://cysec-lab.notion.site/1533a3874f7280dbbac9d004094f6089?pvs=4	実験用Webサイト操作手順 説明動画（Youtube）	https://www.youtube.com/watch?v=wqqQ1WCVfXo	「実験参加の前に行なっていただきたい作業」は完了していますか？	完了している@完了していない		ここには何も入力しないでください。	完了している	ここには何も入力しないでください。	1237410516
2		「実験参加の前に行なっていただきたい作業」##1. 本実験専用のWebサイトを使用する関係で、キーボードの設定変更をお願いいたします。##2. 実験用Webサイトの操作手順について、動画を視聴してください。	キーボードの設定変更手順 説明資料	https://cysec-lab.notion.site/1533a3874f7280dbbac9d004094f6089?pvs=4	実験用Webサイト操作手順 説明動画（Youtube）	https://www.youtube.com/watch?v=wqqQ1WCVfXo	「実験参加の前に行なっていただきたい作業」は完了していますか？	完了している@完了していない		ここには何も入力しないでください。	完了している	ここには何も入力しないでください。	1237586190
2		「実験参加の前に行なっていただきたい作業」##1. 本実験専用のWebサイトを使用する関係で、キーボードの設定変更をお願いいたします。##2. 実験用Webサイトの操作手順について、動画を視聴してください。	キーボードの設定変更手順 説明資料	https://cysec-lab.notion.site/1533a3874f7280dbbac9d004094f6089?pvs=4	実験用Webサイト操作手順 説明動画（Youtube）	https://www.youtube.com/watch?v=wqqQ1WCVfXo	「実験参加の前に行なっていただきたい作業」は完了していますか？	完了している@完了していない		ここには何も入力しないでください。	完了している	ここには何も入力しないでください。	1237654803
2		「実験参加の前に行なっていただきたい作業」##1. 本実験専用のWebサイトを使用する関係で、キーボードの設定変更をお願いいたします。##2. 実験用Webサイトの操作手順について、動画を視聴してください。	キーボードの設定変更手順 説明資料	https://cysec-lab.notion.site/1533a3874f7280dbbac9d004094f6089?pvs=4	実験用Webサイト操作手順 説明動画（Youtube）	https://www.youtube.com/watch?v=wqqQ1WCVfXo	「実験参加の前に行なっていただきたい作業」は完了していますか？	完了している@完了していない		ここには何も入力しないでください。	完了している	ここには何も入力しないでください。	1237669848
2		「実験参加の前に行なっていただきたい作業」##1. 本実験専用のWebサイトを使用する関係で、キーボードの設定変更をお願いいたします。##2. 実験用Webサイトの操作手順について、動画を視聴してください。	キーボードの設定変更手順 説明資料	https://cysec-lab.notion.site/1533a3874f7280dbbac9d004094f6089?pvs=4	実験用Webサイト操作手順 説明動画（Youtube）	https://www.youtube.com/watch?v=wqqQ1WCVfXo	「実験参加の前に行なっていただきたい作業」は完了していますか？	完了している@完了していない		ここには何も入力しないでください。	完了している	ここには何も入力しないでください。	1237800822
2		「実験参加の前に行なっていただきたい作業」##1. 本実験専用のWebサイトを使用する関係で、キーボードの設定変更をお願いいたします。##2. 実験用Webサイトの操作手順について、動画を視聴してください。	キーボードの設定変更手順 説明資料	https://cysec-lab.notion.site/1533a3874f7280dbbac9d004094f6089?pvs=4	実験用Webサイト操作手順 説明動画（Youtube）	https://www.youtube.com/watch?v=wqqQ1WCVfXo	「実験参加の前に行なっていただきたい作業」は完了していますか？	完了している@完了していない		ここには何も入力しないでください。	完了している	ここには何も入力しないでください。	1237827097
2		「実験参加の前に行なっていただきたい作業」##1. 本実験専用のWebサイトを使用する関係で、キーボードの設定変更をお願いいたします。##2. 実験用Webサイトの操作手順について、動画を視聴してください。	キーボードの設定変更手順 説明資料	https://cysec-lab.notion.site/1533a3874f7280dbbac9d004094f6089?pvs=4	実験用Webサイト操作手順 説明動画（Youtube）	https://www.youtube.com/watch?v=wqqQ1WCVfXo	「実験参加の前に行なっていただきたい作業」は完了していますか？	完了している@完了していない		ここには何も入力しないでください。	完了している	ここには何も入力しないでください。	1237836770
2		「実験参加の前に行なっていただきたい作業」##1. 本実験専用のWebサイトを使用する関係で、キーボードの設定変更をお願いいたします。##2. 実験用Webサイトの操作手順について、動画を視聴してください。	キーボードの設定変更手順 説明資料	https://cysec-lab.notion.site/1533a3874f7280dbbac9d004094f6089?pvs=4	実験用Webサイト操作手順 説明動画（Youtube）	https://www.youtube.com/watch?v=wqqQ1WCVfXo	「実験参加の前に行なっていただきたい作業」は完了していますか？	完了している@完了していない		ここには何も入力しないでください。	完了している	ここには何も入力しないでください。	1237906285
2		「実験参加の前に行なっていただきたい作業」##1. 本実験専用のWebサイトを使用する関係で、キーボードの設定変更をお願いいたします。##2. 実験用Webサイトの操作手順について、動画を視聴してください。	キーボードの設定変更手順 説明資料	https://cysec-lab.notion.site/1533a3874f7280dbbac9d004094f6089?pvs=4	実験用Webサイト操作手順 説明動画（Youtube）	https://www.youtube.com/watch?v=wqqQ1WCVfXo	「実験参加の前に行なっていただきたい作業」は完了していますか？	完了している@完了していない		ここには何も入力しないでください。	完了している	ここには何も入力しないでください。	1237913367
2		「実験参加の前に行なっていただきたい作業」##1. 本実験専用のWebサイトを使用する関係で、キーボードの設定変更をお願いいたします。##2. 実験用Webサイトの操作手順について、動画を視聴してください。	キーボードの設定変更手順 説明資料	https://cysec-lab.notion.site/1533a3874f7280dbbac9d004094f6089?pvs=4	実験用Webサイト操作手順 説明動画（Youtube）	https://www.youtube.com/watch?v=wqqQ1WCVfXo	「実験参加の前に行なっていただきたい作業」は完了していますか？	完了している@完了していない		ここには何も入力しないでください。	完了している	ここには何も入力しないでください。	1238103947
2		「実験参加の前に行なっていただきたい作業」##1. 本実験専用のWebサイトを使用する関係で、キーボードの設定変更をお願いいたします。##2. 実験用Webサイトの操作手順について、動画を視聴してください。	キーボードの設定変更手順 説明資料	https://cysec-lab.notion.site/1533a3874f7280dbbac9d004094f6089?pvs=4	実験用Webサイト操作手順 説明動画（Youtube）	https://www.youtube.com/watch?v=wqqQ1WCVfXo	「実験参加の前に行なっていただきたい作業」は完了していますか？	完了している@完了していない		ここには何も入力しないでください。	完了している	ここには何も入力しないでください。	1238717867
2		「実験参加の前に行なっていただきたい作業」##1. 本実験専用のWebサイトを使用する関係で、キーボードの設定変更をお願いいたします。##2. 実験用Webサイトの操作手順について、動画を視聴してください。	キーボードの設定変更手順 説明資料	https://cysec-lab.notion.site/1533a3874f7280dbbac9d004094f6089?pvs=4	実験用Webサイト操作手順 説明動画（Youtube）	https://www.youtube.com/watch?v=wqqQ1WCVfXo	「実験参加の前に行なっていただきたい作業」は完了していますか？	完了している@完了していない		ここには何も入力しないでください。	完了している	ここには何も入力しないでください。	1238744397
2		「実験参加の前に行なっていただきたい作業」##1. 本実験専用のWebサイトを使用する関係で、キーボードの設定変更をお願いいたします。##2. 実験用Webサイトの操作手順について、動画を視聴してください。	キーボードの設定変更手順 説明資料	https://cysec-lab.notion.site/1533a3874f7280dbbac9d004094f6089?pvs=4	実験用Webサイト操作手順 説明動画（Youtube）	https://www.youtube.com/watch?v=wqqQ1WCVfXo	「実験参加の前に行なっていただきたい作業」は完了していますか？	完了している@完了していない		ここには何も入力しないでください。	完了している	ここには何も入力しないでください。	1239124266
2		「実験参加の前に行なっていただきたい作業」##1. 本実験専用のWebサイトを使用する関係で、キーボードの設定変更をお願いいたします。##2. 実験用Webサイトの操作手順について、動画を視聴してください。	キーボードの設定変更手順 説明資料	https://cysec-lab.notion.site/1533a3874f7280dbbac9d004094f6089?pvs=4	実験用Webサイト操作手順 説明動画（Youtube）	https://www.youtube.com/watch?v=wqqQ1WCVfXo	「実験参加の前に行なっていただきたい作業」は完了していますか？	完了している@完了していない		ここには何も入力しないでください。	完了している	ここには何も入力しないでください。	1239138628
2		「実験参加の前に行なっていただきたい作業」##1. 本実験専用のWebサイトを使用する関係で、キーボードの設定変更をお願いいたします。##2. 実験用Webサイトの操作手順について、動画を視聴してください。	キーボードの設定変更手順 説明資料	https://cysec-lab.notion.site/1533a3874f7280dbbac9d004094f6089?pvs=4	実験用Webサイト操作手順 説明動画（Youtube）	https://www.youtube.com/watch?v=wqqQ1WCVfXo	「実験参加の前に行なっていただきたい作業」は完了していますか？	完了している@完了していない		ここには何も入力しないでください。	完了している	ここには何も入力しないでください。	1239144371
3		あなたの年齢を教えてください。	10代@20代@30代@40代@50代@60代@70代以上	50代	1225635235
3		あなたの年齢を教えてください。	10代@20代@30代@40代@50代@60代@70代以上	50代	1226222607
3		あなたの年齢を教えてください。	10代@20代@30代@40代@50代@60代@70代以上	40代	1226335812
3		あなたの年齢を教えてください。	10代@20代@30代@40代@50代@60代@70代以上	40代	1226712276
3		あなたの年齢を教えてください。	10代@20代@30代@40代@50代@60代@70代以上	50代	1226897401
3		あなたの年齢を教えてください。	10代@20代@30代@40代@50代@60代@70代以上	50代	1227142655
3		あなたの年齢を教えてください。	10代@20代@30代@40代@50代@60代@70代以上	40代	1228431248
3		あなたの年齢を教えてください。	10代@20代@30代@40代@50代@60代@70代以上	40代	1230989431
3		あなたの年齢を教えてください。	10代@20代@30代@40代@50代@60代@70代以上	50代	1231106385
3		あなたの年齢を教えてください。	10代@20代@30代@40代@50代@60代@70代以上	50代	1231315483
3		あなたの年齢を教えてください。	10代@20代@30代@40代@50代@60代@70代以上	40代	1232126729
3		あなたの年齢を教えてください。	10代@20代@30代@40代@50代@60代@70代以上	40代	1232160887
3		あなたの年齢を教えてください。	10代@20代@30代@40代@50代@60代@70代以上	60代	1232296461
3		あなたの年齢を教えてください。	10代@20代@30代@40代@50代@60代@70代以上	30代	1232619174
3		あなたの年齢を教えてください。	10代@20代@30代@40代@50代@60代@70代以上	50代	1232695336
3		あなたの年齢を教えてください。	10代@20代@30代@40代@50代@60代@70代以上	40代	1232984411
3		あなたの年齢を教えてください。	10代@20代@30代@40代@50代@60代@70代以上	50代	1233151099
3		あなたの年齢を教えてください。	10代@20代@30代@40代@50代@60代@70代以上	30代	1233169530
3		あなたの年齢を教えてください。	10代@20代@30代@40代@50代@60代@70代以上	20代	1233400758
3		あなたの年齢を教えてください。	10代@20代@30代@40代@50代@60代@70代以上	40代	1233455517
3		あなたの年齢を教えてください。	10代@20代@30代@40代@50代@60代@70代以上	50代	1233480837
3		あなたの年齢を教えてください。	10代@20代@30代@40代@50代@60代@70代以上	20代	1234062932
3		あなたの年齢を教えてください。	10代@20代@30代@40代@50代@60代@70代以上	40代	1234422726
3		あなたの年齢を教えてください。	10代@20代@30代@40代@50代@60代@70代以上	30代	1234512071
3		あなたの年齢を教えてください。	10代@20代@30代@40代@50代@60代@70代以上	50代	1234857524
3		あなたの年齢を教えてください。	10代@20代@30代@40代@50代@60代@70代以上	50代	1235000129
3		あなたの年齢を教えてください。	10代@20代@30代@40代@50代@60代@70代以上	40代	1235436623
3		あなたの年齢を教えてください。	10代@20代@30代@40代@50代@60代@70代以上	40代	1235777464
3		あなたの年齢を教えてください。	10代@20代@30代@40代@50代@60代@70代以上	50代	1235974099
3		あなたの年齢を教えてください。	10代@20代@30代@40代@50代@60代@70代以上	30代	1236284816
3		あなたの年齢を教えてください。	10代@20代@30代@40代@50代@60代@70代以上	50代	1236300194
3		あなたの年齢を教えてください。	10代@20代@30代@40代@50代@60代@70代以上	30代	1236346868
3		あなたの年齢を教えてください。	10代@20代@30代@40代@50代@60代@70代以上	30代	1236689076
3		あなたの年齢を教えてください。	10代@20代@30代@40代@50代@60代@70代以上	20代	1237066615
3		あなたの年齢を教えてください。	10代@20代@30代@40代@50代@60代@70代以上	40代	1237281878
3		あなたの年齢を教えてください。	10代@20代@30代@40代@50代@60代@70代以上	40代	1237410516
3		あなたの年齢を教えてください。	10代@20代@30代@40代@50代@60代@70代以上	50代	1237586190
3		あなたの年齢を教えてください。	10代@20代@30代@40代@50代@60代@70代以上	30代	1237654803
3		あなたの年齢を教えてください。	10代@20代@30代@40代@50代@60代@70代以上	50代	1237669848
3		あなたの年齢を教えてください。	10代@20代@30代@40代@50代@60代@70代以上	40代	1237800822
3		あなたの年齢を教えてください。	10代@20代@30代@40代@50代@60代@70代以上	20代	1237827097
3		あなたの年齢を教えてください。	10代@20代@30代@40代@50代@60代@70代以上	20代	1237836770
3		あなたの年齢を教えてください。	10代@20代@30代@40代@50代@60代@70代以上	40代	1237906285
3		あなたの年齢を教えてください。	10代@20代@30代@40代@50代@60代@70代以上	50代	1237913367
3		あなたの年齢を教えてください。	10代@20代@30代@40代@50代@60代@70代以上	50代	1238103947
3		あなたの年齢を教えてください。	10代@20代@30代@40代@50代@60代@70代以上	20代	1238717867
3		あなたの年齢を教えてください。	10代@20代@30代@40代@50代@60代@70代以上	30代	1238744397
3		あなたの年齢を教えてください。	10代@20代@30代@40代@50代@60代@70代以上	40代	1239124266
3		あなたの年齢を教えてください。	10代@20代@30代@40代@50代@60代@70代以上	50代	1239138628
3		あなたの年齢を教えてください。	10代@20代@30代@40代@50代@60代@70代以上	50代	1239144371
4		あなたの性別を教えてください。	男性@女性@その他	女性	1225635235
4		あなたの性別を教えてください。	男性@女性@その他	女性	1226222607
4		あなたの性別を教えてください。	男性@女性@その他	女性	1226335812
4		あなたの性別を教えてください。	男性@女性@その他	女性	1226712276
4		あなたの性別を教えてください。	男性@女性@その他	女性	1226897401
4		あなたの性別を教えてください。	男性@女性@その他	女性	1227142655
4		あなたの性別を教えてください。	男性@女性@その他	女性	1228431248
4		あなたの性別を教えてください。	男性@女性@その他	女性	1230989431
4		あなたの性別を教えてください。	男性@女性@その他	女性	1231106385
4		あなたの性別を教えてください。	男性@女性@その他	女性	1231315483
4		あなたの性別を教えてください。	男性@女性@その他	女性	1232126729
4		あなたの性別を教えてください。	男性@女性@その他	女性	1232160887
4		あなたの性別を教えてください。	男性@女性@その他	女性	1232296461
4		あなたの性別を教えてください。	男性@女性@その他	女性	1232619174
4		あなたの性別を教えてください。	男性@女性@その他	女性	1232695336
4		あなたの性別を教えてください。	男性@女性@その他	女性	1232984411
4		あなたの性別を教えてください。	男性@女性@その他	女性	1233151099
4		あなたの性別を教えてください。	男性@女性@その他	女性	1233169530
4		あなたの性別を教えてください。	男性@女性@その他	女性	1233400758
4		あなたの性別を教えてください。	男性@女性@その他	女性	1233455517
4		あなたの性別を教えてください。	男性@女性@その他	女性	1233480837
4		あなたの性別を教えてください。	男性@女性@その他	女性	1234062932
4		あなたの性別を教えてください。	男性@女性@その他	女性	1234422726
4		あなたの性別を教えてください。	男性@女性@その他	女性	1234512071
4		あなたの性別を教えてください。	男性@女性@その他	女性	1234857524
4		あなたの性別を教えてください。	男性@女性@その他	女性	1235000129
4		あなたの性別を教えてください。	男性@女性@その他	女性	1235436623
4		あなたの性別を教えてください。	男性@女性@その他	女性	1235777464
4		あなたの性別を教えてください。	男性@女性@その他	女性	1235974099
4		あなたの性別を教えてください。	男性@女性@その他	女性	1236284816
4		あなたの性別を教えてください。	男性@女性@その他	女性	1236300194
4		あなたの性別を教えてください。	男性@女性@その他	女性	1236346868
4		あなたの性別を教えてください。	男性@女性@その他	女性	1236689076
4		あなたの性別を教えてください。	男性@女性@その他	女性	1237066615
4		あなたの性別を教えてください。	男性@女性@その他	女性	1237281878
4		あなたの性別を教えてください。	男性@女性@その他	女性	1237410516
4		あなたの性別を教えてください。	男性@女性@その他	女性	1237586190
4		あなたの性別を教えてください。	男性@女性@その他	女性	1237654803
4		あなたの性別を教えてください。	男性@女性@その他	女性	1237669848
4		あなたの性別を教えてください。	男性@女性@その他	女性	1237800822
4		あなたの性別を教えてください。	男性@女性@その他	女性	1237827097
4		あなたの性別を教えてください。	男性@女性@その他	女性	1237836770
4		あなたの性別を教えてください。	男性@女性@その他	女性	1237906285
4		あなたの性別を教えてください。	男性@女性@その他	女性	1237913367
4		あなたの性別を教えてください。	男性@女性@その他	女性	1238103947
4		あなたの性別を教えてください。	男性@女性@その他	女性	1238717867
4		あなたの性別を教えてください。	男性@女性@その他	女性	1238744397
4		あなたの性別を教えてください。	男性@女性@その他	女性	1239124266
4		あなたの性別を教えてください。	男性@女性@その他	女性	1239138628
4		あなたの性別を教えてください。	男性@女性@その他	女性	1239144371
5		あなたの職業を教えてください。	会社勤務（一般社員）@会社勤務（管理職）@会社経営（経営者・役員）@公務員・教職員・非営利団体職員@派遣社員・契約社員@自営業（商工サービス）@SOHO@農林漁業@専門職（弁護士・税理士等・医療関連）@パート・アルバイト@専業主婦・主夫@学生@無職@その他の職業	「その他の職業」と回答された方は、以下に職業をご記入ください。		パート・アルバイト		1225635235
5		あなたの職業を教えてください。	会社勤務（一般社員）@会社勤務（管理職）@会社経営（経営者・役員）@公務員・教職員・非営利団体職員@派遣社員・契約社員@自営業（商工サービス）@SOHO@農林漁業@専門職（弁護士・税理士等・医療関連）@パート・アルバイト@専業主婦・主夫@学生@無職@その他の職業	「その他の職業」と回答された方は、以下に職業をご記入ください。		パート・アルバイト		1226222607
5		あなたの職業を教えてください。	会社勤務（一般社員）@会社勤務（管理職）@会社経営（経営者・役員）@公務員・教職員・非営利団体職員@派遣社員・契約社員@自営業（商工サービス）@SOHO@農林漁業@専門職（弁護士・税理士等・医療関連）@パート・アルバイト@専業主婦・主夫@学生@無職@その他の職業	「その他の職業」と回答された方は、以下に職業をご記入ください。		派遣社員・契約社員		1226335812
5		あなたの職業を教えてください。	会社勤務（一般社員）@会社勤務（管理職）@会社経営（経営者・役員）@公務員・教職員・非営利団体職員@派遣社員・契約社員@自営業（商工サービス）@SOHO@農林漁業@専門職（弁護士・税理士等・医療関連）@パート・アルバイト@専業主婦・主夫@学生@無職@その他の職業	「その他の職業」と回答された方は、以下に職業をご記入ください。		パート・アルバイト		1226712276
5		あなたの職業を教えてください。	会社勤務（一般社員）@会社勤務（管理職）@会社経営（経営者・役員）@公務員・教職員・非営利団体職員@派遣社員・契約社員@自営業（商工サービス）@SOHO@農林漁業@専門職（弁護士・税理士等・医療関連）@パート・アルバイト@専業主婦・主夫@学生@無職@その他の職業	「その他の職業」と回答された方は、以下に職業をご記入ください。		専業主婦・主夫		1226897401
5		あなたの職業を教えてください。	会社勤務（一般社員）@会社勤務（管理職）@会社経営（経営者・役員）@公務員・教職員・非営利団体職員@派遣社員・契約社員@自営業（商工サービス）@SOHO@農林漁業@専門職（弁護士・税理士等・医療関連）@パート・アルバイト@専業主婦・主夫@学生@無職@その他の職業	「その他の職業」と回答された方は、以下に職業をご記入ください。		パート・アルバイト		1227142655
5		あなたの職業を教えてください。	会社勤務（一般社員）@会社勤務（管理職）@会社経営（経営者・役員）@公務員・教職員・非営利団体職員@派遣社員・契約社員@自営業（商工サービス）@SOHO@農林漁業@専門職（弁護士・税理士等・医療関連）@パート・アルバイト@専業主婦・主夫@学生@無職@その他の職業	「その他の職業」と回答された方は、以下に職業をご記入ください。		派遣社員・契約社員		1228431248
5		あなたの職業を教えてください。	会社勤務（一般社員）@会社勤務（管理職）@会社経営（経営者・役員）@公務員・教職員・非営利団体職員@派遣社員・契約社員@自営業（商工サービス）@SOHO@農林漁業@専門職（弁護士・税理士等・医療関連）@パート・アルバイト@専業主婦・主夫@学生@無職@その他の職業	「その他の職業」と回答された方は、以下に職業をご記入ください。		会社勤務（一般社員）		1230989431
5		あなたの職業を教えてください。	会社勤務（一般社員）@会社勤務（管理職）@会社経営（経営者・役員）@公務員・教職員・非営利団体職員@派遣社員・契約社員@自営業（商工サービス）@SOHO@農林漁業@専門職（弁護士・税理士等・医療関連）@パート・アルバイト@専業主婦・主夫@学生@無職@その他の職業	「その他の職業」と回答された方は、以下に職業をご記入ください。		パート・アルバイト		1231106385
5		あなたの職業を教えてください。	会社勤務（一般社員）@会社勤務（管理職）@会社経営（経営者・役員）@公務員・教職員・非営利団体職員@派遣社員・契約社員@自営業（商工サービス）@SOHO@農林漁業@専門職（弁護士・税理士等・医療関連）@パート・アルバイト@専業主婦・主夫@学生@無職@その他の職業	「その他の職業」と回答された方は、以下に職業をご記入ください。		派遣社員・契約社員		1231315483
5		あなたの職業を教えてください。	会社勤務（一般社員）@会社勤務（管理職）@会社経営（経営者・役員）@公務員・教職員・非営利団体職員@派遣社員・契約社員@自営業（商工サービス）@SOHO@農林漁業@専門職（弁護士・税理士等・医療関連）@パート・アルバイト@専業主婦・主夫@学生@無職@その他の職業	「その他の職業」と回答された方は、以下に職業をご記入ください。		会社勤務（一般社員）		1232126729
5		あなたの職業を教えてください。	会社勤務（一般社員）@会社勤務（管理職）@会社経営（経営者・役員）@公務員・教職員・非営利団体職員@派遣社員・契約社員@自営業（商工サービス）@SOHO@農林漁業@専門職（弁護士・税理士等・医療関連）@パート・アルバイト@専業主婦・主夫@学生@無職@その他の職業	「その他の職業」と回答された方は、以下に職業をご記入ください。		派遣社員・契約社員		1232160887
5		あなたの職業を教えてください。	会社勤務（一般社員）@会社勤務（管理職）@会社経営（経営者・役員）@公務員・教職員・非営利団体職員@派遣社員・契約社員@自営業（商工サービス）@SOHO@農林漁業@専門職（弁護士・税理士等・医療関連）@パート・アルバイト@専業主婦・主夫@学生@無職@その他の職業	「その他の職業」と回答された方は、以下に職業をご記入ください。		自営業（商工サービス）		1232296461
5		あなたの職業を教えてください。	会社勤務（一般社員）@会社勤務（管理職）@会社経営（経営者・役員）@公務員・教職員・非営利団体職員@派遣社員・契約社員@自営業（商工サービス）@SOHO@農林漁業@専門職（弁護士・税理士等・医療関連）@パート・アルバイト@専業主婦・主夫@学生@無職@その他の職業	「その他の職業」と回答された方は、以下に職業をご記入ください。		パート・アルバイト		1232619174
5		あなたの職業を教えてください。	会社勤務（一般社員）@会社勤務（管理職）@会社経営（経営者・役員）@公務員・教職員・非営利団体職員@派遣社員・契約社員@自営業（商工サービス）@SOHO@農林漁業@専門職（弁護士・税理士等・医療関連）@パート・アルバイト@専業主婦・主夫@学生@無職@その他の職業	「その他の職業」と回答された方は、以下に職業をご記入ください。		会社勤務（一般社員）		1232695336
5		あなたの職業を教えてください。	会社勤務（一般社員）@会社勤務（管理職）@会社経営（経営者・役員）@公務員・教職員・非営利団体職員@派遣社員・契約社員@自営業（商工サービス）@SOHO@農林漁業@専門職（弁護士・税理士等・医療関連）@パート・アルバイト@専業主婦・主夫@学生@無職@その他の職業	「その他の職業」と回答された方は、以下に職業をご記入ください。		パート・アルバイト		1232984411
5		あなたの職業を教えてください。	会社勤務（一般社員）@会社勤務（管理職）@会社経営（経営者・役員）@公務員・教職員・非営利団体職員@派遣社員・契約社員@自営業（商工サービス）@SOHO@農林漁業@専門職（弁護士・税理士等・医療関連）@パート・アルバイト@専業主婦・主夫@学生@無職@その他の職業	「その他の職業」と回答された方は、以下に職業をご記入ください。		パート・アルバイト		1233151099
5		あなたの職業を教えてください。	会社勤務（一般社員）@会社勤務（管理職）@会社経営（経営者・役員）@公務員・教職員・非営利団体職員@派遣社員・契約社員@自営業（商工サービス）@SOHO@農林漁業@専門職（弁護士・税理士等・医療関連）@パート・アルバイト@専業主婦・主夫@学生@無職@その他の職業	「その他の職業」と回答された方は、以下に職業をご記入ください。		自営業（商工サービス）		1233169530
5		あなたの職業を教えてください。	会社勤務（一般社員）@会社勤務（管理職）@会社経営（経営者・役員）@公務員・教職員・非営利団体職員@派遣社員・契約社員@自営業（商工サービス）@SOHO@農林漁業@専門職（弁護士・税理士等・医療関連）@パート・アルバイト@専業主婦・主夫@学生@無職@その他の職業	「その他の職業」と回答された方は、以下に職業をご記入ください。		学生		1233400758
5		あなたの職業を教えてください。	会社勤務（一般社員）@会社勤務（管理職）@会社経営（経営者・役員）@公務員・教職員・非営利団体職員@派遣社員・契約社員@自営業（商工サービス）@SOHO@農林漁業@専門職（弁護士・税理士等・医療関連）@パート・アルバイト@専業主婦・主夫@学生@無職@その他の職業	「その他の職業」と回答された方は、以下に職業をご記入ください。		パート・アルバイト		1233455517
5		あなたの職業を教えてください。	会社勤務（一般社員）@会社勤務（管理職）@会社経営（経営者・役員）@公務員・教職員・非営利団体職員@派遣社員・契約社員@自営業（商工サービス）@SOHO@農林漁業@専門職（弁護士・税理士等・医療関連）@パート・アルバイト@専業主婦・主夫@学生@無職@その他の職業	「その他の職業」と回答された方は、以下に職業をご記入ください。		無職		1233480837
5		あなたの職業を教えてください。	会社勤務（一般社員）@会社勤務（管理職）@会社経営（経営者・役員）@公務員・教職員・非営利団体職員@派遣社員・契約社員@自営業（商工サービス）@SOHO@農林漁業@専門職（弁護士・税理士等・医療関連）@パート・アルバイト@専業主婦・主夫@学生@無職@その他の職業	「その他の職業」と回答された方は、以下に職業をご記入ください。		無職		1234062932
5		あなたの職業を教えてください。	会社勤務（一般社員）@会社勤務（管理職）@会社経営（経営者・役員）@公務員・教職員・非営利団体職員@派遣社員・契約社員@自営業（商工サービス）@SOHO@農林漁業@専門職（弁護士・税理士等・医療関連）@パート・アルバイト@専業主婦・主夫@学生@無職@その他の職業	「その他の職業」と回答された方は、以下に職業をご記入ください。		SOHO		1234422726
5		あなたの職業を教えてください。	会社勤務（一般社員）@会社勤務（管理職）@会社経営（経営者・役員）@公務員・教職員・非営利団体職員@派遣社員・契約社員@自営業（商工サービス）@SOHO@農林漁業@専門職（弁護士・税理士等・医療関連）@パート・アルバイト@専業主婦・主夫@学生@無職@その他の職業	「その他の職業」と回答された方は、以下に職業をご記入ください。		パート・アルバイト		1234512071
5		あなたの職業を教えてください。	会社勤務（一般社員）@会社勤務（管理職）@会社経営（経営者・役員）@公務員・教職員・非営利団体職員@派遣社員・契約社員@自営業（商工サービス）@SOHO@農林漁業@専門職（弁護士・税理士等・医療関連）@パート・アルバイト@専業主婦・主夫@学生@無職@その他の職業	「その他の職業」と回答された方は、以下に職業をご記入ください。		パート・アルバイト		1234857524
5		あなたの職業を教えてください。	会社勤務（一般社員）@会社勤務（管理職）@会社経営（経営者・役員）@公務員・教職員・非営利団体職員@派遣社員・契約社員@自営業（商工サービス）@SOHO@農林漁業@専門職（弁護士・税理士等・医療関連）@パート・アルバイト@専業主婦・主夫@学生@無職@その他の職業	「その他の職業」と回答された方は、以下に職業をご記入ください。		派遣社員・契約社員		1235000129
5		あなたの職業を教えてください。	会社勤務（一般社員）@会社勤務（管理職）@会社経営（経営者・役員）@公務員・教職員・非営利団体職員@派遣社員・契約社員@自営業（商工サービス）@SOHO@農林漁業@専門職（弁護士・税理士等・医療関連）@パート・アルバイト@専業主婦・主夫@学生@無職@その他の職業	「その他の職業」と回答された方は、以下に職業をご記入ください。		パート・アルバイト		1235436623
5		あなたの職業を教えてください。	会社勤務（一般社員）@会社勤務（管理職）@会社経営（経営者・役員）@公務員・教職員・非営利団体職員@派遣社員・契約社員@自営業（商工サービス）@SOHO@農林漁業@専門職（弁護士・税理士等・医療関連）@パート・アルバイト@専業主婦・主夫@学生@無職@その他の職業	「その他の職業」と回答された方は、以下に職業をご記入ください。		会社勤務（一般社員）		1235777464
5		あなたの職業を教えてください。	会社勤務（一般社員）@会社勤務（管理職）@会社経営（経営者・役員）@公務員・教職員・非営利団体職員@派遣社員・契約社員@自営業（商工サービス）@SOHO@農林漁業@専門職（弁護士・税理士等・医療関連）@パート・アルバイト@専業主婦・主夫@学生@無職@その他の職業	「その他の職業」と回答された方は、以下に職業をご記入ください。		会社勤務（一般社員）		1235974099
5		あなたの職業を教えてください。	会社勤務（一般社員）@会社勤務（管理職）@会社経営（経営者・役員）@公務員・教職員・非営利団体職員@派遣社員・契約社員@自営業（商工サービス）@SOHO@農林漁業@専門職（弁護士・税理士等・医療関連）@パート・アルバイト@専業主婦・主夫@学生@無職@その他の職業	「その他の職業」と回答された方は、以下に職業をご記入ください。		パート・アルバイト		1236284816
5		あなたの職業を教えてください。	会社勤務（一般社員）@会社勤務（管理職）@会社経営（経営者・役員）@公務員・教職員・非営利団体職員@派遣社員・契約社員@自営業（商工サービス）@SOHO@農林漁業@専門職（弁護士・税理士等・医療関連）@パート・アルバイト@専業主婦・主夫@学生@無職@その他の職業	「その他の職業」と回答された方は、以下に職業をご記入ください。		専業主婦・主夫		1236300194
5		あなたの職業を教えてください。	会社勤務（一般社員）@会社勤務（管理職）@会社経営（経営者・役員）@公務員・教職員・非営利団体職員@派遣社員・契約社員@自営業（商工サービス）@SOHO@農林漁業@専門職（弁護士・税理士等・医療関連）@パート・アルバイト@専業主婦・主夫@学生@無職@その他の職業	「その他の職業」と回答された方は、以下に職業をご記入ください。		パート・アルバイト		1236346868
5		あなたの職業を教えてください。	会社勤務（一般社員）@会社勤務（管理職）@会社経営（経営者・役員）@公務員・教職員・非営利団体職員@派遣社員・契約社員@自営業（商工サービス）@SOHO@農林漁業@専門職（弁護士・税理士等・医療関連）@パート・アルバイト@専業主婦・主夫@学生@無職@その他の職業	「その他の職業」と回答された方は、以下に職業をご記入ください。		会社勤務（一般社員）		1236689076
5		あなたの職業を教えてください。	会社勤務（一般社員）@会社勤務（管理職）@会社経営（経営者・役員）@公務員・教職員・非営利団体職員@派遣社員・契約社員@自営業（商工サービス）@SOHO@農林漁業@専門職（弁護士・税理士等・医療関連）@パート・アルバイト@専業主婦・主夫@学生@無職@その他の職業	「その他の職業」と回答された方は、以下に職業をご記入ください。		学生		1237066615
5		あなたの職業を教えてください。	会社勤務（一般社員）@会社勤務（管理職）@会社経営（経営者・役員）@公務員・教職員・非営利団体職員@派遣社員・契約社員@自営業（商工サービス）@SOHO@農林漁業@専門職（弁護士・税理士等・医療関連）@パート・アルバイト@専業主婦・主夫@学生@無職@その他の職業	「その他の職業」と回答された方は、以下に職業をご記入ください。		SOHO		1237281878
5		あなたの職業を教えてください。	会社勤務（一般社員）@会社勤務（管理職）@会社経営（経営者・役員）@公務員・教職員・非営利団体職員@派遣社員・契約社員@自営業（商工サービス）@SOHO@農林漁業@専門職（弁護士・税理士等・医療関連）@パート・アルバイト@専業主婦・主夫@学生@無職@その他の職業	「その他の職業」と回答された方は、以下に職業をご記入ください。		自営業（商工サービス）		1237410516
5		あなたの職業を教えてください。	会社勤務（一般社員）@会社勤務（管理職）@会社経営（経営者・役員）@公務員・教職員・非営利団体職員@派遣社員・契約社員@自営業（商工サービス）@SOHO@農林漁業@専門職（弁護士・税理士等・医療関連）@パート・アルバイト@専業主婦・主夫@学生@無職@その他の職業	「その他の職業」と回答された方は、以下に職業をご記入ください。		会社勤務（一般社員）		1237586190
5		あなたの職業を教えてください。	会社勤務（一般社員）@会社勤務（管理職）@会社経営（経営者・役員）@公務員・教職員・非営利団体職員@派遣社員・契約社員@自営業（商工サービス）@SOHO@農林漁業@専門職（弁護士・税理士等・医療関連）@パート・アルバイト@専業主婦・主夫@学生@無職@その他の職業	「その他の職業」と回答された方は、以下に職業をご記入ください。		会社勤務（一般社員）		1237654803
5		あなたの職業を教えてください。	会社勤務（一般社員）@会社勤務（管理職）@会社経営（経営者・役員）@公務員・教職員・非営利団体職員@派遣社員・契約社員@自営業（商工サービス）@SOHO@農林漁業@専門職（弁護士・税理士等・医療関連）@パート・アルバイト@専業主婦・主夫@学生@無職@その他の職業	「その他の職業」と回答された方は、以下に職業をご記入ください。		専業主婦・主夫		1237669848
5		あなたの職業を教えてください。	会社勤務（一般社員）@会社勤務（管理職）@会社経営（経営者・役員）@公務員・教職員・非営利団体職員@派遣社員・契約社員@自営業（商工サービス）@SOHO@農林漁業@専門職（弁護士・税理士等・医療関連）@パート・アルバイト@専業主婦・主夫@学生@無職@その他の職業	「その他の職業」と回答された方は、以下に職業をご記入ください。		会社勤務（管理職）		1237800822
5		あなたの職業を教えてください。	会社勤務（一般社員）@会社勤務（管理職）@会社経営（経営者・役員）@公務員・教職員・非営利団体職員@派遣社員・契約社員@自営業（商工サービス）@SOHO@農林漁業@専門職（弁護士・税理士等・医療関連）@パート・アルバイト@専業主婦・主夫@学生@無職@その他の職業	「その他の職業」と回答された方は、以下に職業をご記入ください。		会社勤務（一般社員）		1237827097
5		あなたの職業を教えてください。	会社勤務（一般社員）@会社勤務（管理職）@会社経営（経営者・役員）@公務員・教職員・非営利団体職員@派遣社員・契約社員@自営業（商工サービス）@SOHO@農林漁業@専門職（弁護士・税理士等・医療関連）@パート・アルバイト@専業主婦・主夫@学生@無職@その他の職業	「その他の職業」と回答された方は、以下に職業をご記入ください。		会社勤務（一般社員）		1237836770
5		あなたの職業を教えてください。	会社勤務（一般社員）@会社勤務（管理職）@会社経営（経営者・役員）@公務員・教職員・非営利団体職員@派遣社員・契約社員@自営業（商工サービス）@SOHO@農林漁業@専門職（弁護士・税理士等・医療関連）@パート・アルバイト@専業主婦・主夫@学生@無職@その他の職業	「その他の職業」と回答された方は、以下に職業をご記入ください。		パート・アルバイト		1237906285
5		あなたの職業を教えてください。	会社勤務（一般社員）@会社勤務（管理職）@会社経営（経営者・役員）@公務員・教職員・非営利団体職員@派遣社員・契約社員@自営業（商工サービス）@SOHO@農林漁業@専門職（弁護士・税理士等・医療関連）@パート・アルバイト@専業主婦・主夫@学生@無職@その他の職業	「その他の職業」と回答された方は、以下に職業をご記入ください。		パート・アルバイト		1237913367
5		あなたの職業を教えてください。	会社勤務（一般社員）@会社勤務（管理職）@会社経営（経営者・役員）@公務員・教職員・非営利団体職員@派遣社員・契約社員@自営業（商工サービス）@SOHO@農林漁業@専門職（弁護士・税理士等・医療関連）@パート・アルバイト@専業主婦・主夫@学生@無職@その他の職業	「その他の職業」と回答された方は、以下に職業をご記入ください。		無職		1238103947
5		あなたの職業を教えてください。	会社勤務（一般社員）@会社勤務（管理職）@会社経営（経営者・役員）@公務員・教職員・非営利団体職員@派遣社員・契約社員@自営業（商工サービス）@SOHO@農林漁業@専門職（弁護士・税理士等・医療関連）@パート・アルバイト@専業主婦・主夫@学生@無職@その他の職業	「その他の職業」と回答された方は、以下に職業をご記入ください。		無職		1238717867
5		あなたの職業を教えてください。	会社勤務（一般社員）@会社勤務（管理職）@会社経営（経営者・役員）@公務員・教職員・非営利団体職員@派遣社員・契約社員@自営業（商工サービス）@SOHO@農林漁業@専門職（弁護士・税理士等・医療関連）@パート・アルバイト@専業主婦・主夫@学生@無職@その他の職業	「その他の職業」と回答された方は、以下に職業をご記入ください。		無職		1238744397
5		あなたの職業を教えてください。	会社勤務（一般社員）@会社勤務（管理職）@会社経営（経営者・役員）@公務員・教職員・非営利団体職員@派遣社員・契約社員@自営業（商工サービス）@SOHO@農林漁業@専門職（弁護士・税理士等・医療関連）@パート・アルバイト@専業主婦・主夫@学生@無職@その他の職業	「その他の職業」と回答された方は、以下に職業をご記入ください。		会社勤務（一般社員）		1239124266
5		あなたの職業を教えてください。	会社勤務（一般社員）@会社勤務（管理職）@会社経営（経営者・役員）@公務員・教職員・非営利団体職員@派遣社員・契約社員@自営業（商工サービス）@SOHO@農林漁業@専門職（弁護士・税理士等・医療関連）@パート・アルバイト@専業主婦・主夫@学生@無職@その他の職業	「その他の職業」と回答された方は、以下に職業をご記入ください。		派遣社員・契約社員		1239138628
5		あなたの職業を教えてください。	会社勤務（一般社員）@会社勤務（管理職）@会社経営（経営者・役員）@公務員・教職員・非営利団体職員@派遣社員・契約社員@自営業（商工サービス）@SOHO@農林漁業@専門職（弁護士・税理士等・医療関連）@パート・アルバイト@専業主婦・主夫@学生@無職@その他の職業	「その他の職業」と回答された方は、以下に職業をご記入ください。		専業主婦・主夫		1239144371
6		あなたがお勤めの組織の業種を教えてください。	エネルギー・素材・産業機械@食品@飲料・嗜好品@薬品・医療用品@化粧品・トイレタリー・サニタリー@ファッション・アクセサリー@精密機械・事務用品@家電・AV機器@自動車・輸送機器@家庭用品@趣味・スポーツ用品@不動産・住宅設備@情報・通信@流通・小売業@金融・保険@交通・レジャー@外食・各種サービス@官公庁・団体@教育・医療サービス・宗教@新聞・雑誌・テレビ・ラジオ・広告等マスコミ関係@市場調査@その他@この中に当てはまるものがない	「その他」と回答したかたは、以下に業種をご記入ください。		教育・医療サービス・宗教		1225635235
6		あなたがお勤めの組織の業種を教えてください。	エネルギー・素材・産業機械@食品@飲料・嗜好品@薬品・医療用品@化粧品・トイレタリー・サニタリー@ファッション・アクセサリー@精密機械・事務用品@家電・AV機器@自動車・輸送機器@家庭用品@趣味・スポーツ用品@不動産・住宅設備@情報・通信@流通・小売業@金融・保険@交通・レジャー@外食・各種サービス@官公庁・団体@教育・医療サービス・宗教@新聞・雑誌・テレビ・ラジオ・広告等マスコミ関係@市場調査@その他@この中に当てはまるものがない	「その他」と回答したかたは、以下に業種をご記入ください。		家電・AV機器		1226222607
6		あなたがお勤めの組織の業種を教えてください。	エネルギー・素材・産業機械@食品@飲料・嗜好品@薬品・医療用品@化粧品・トイレタリー・サニタリー@ファッション・アクセサリー@精密機械・事務用品@家電・AV機器@自動車・輸送機器@家庭用品@趣味・スポーツ用品@不動産・住宅設備@情報・通信@流通・小売業@金融・保険@交通・レジャー@外食・各種サービス@官公庁・団体@教育・医療サービス・宗教@新聞・雑誌・テレビ・ラジオ・広告等マスコミ関係@市場調査@その他@この中に当てはまるものがない	「その他」と回答したかたは、以下に業種をご記入ください。		官公庁・団体		1226335812
6		あなたがお勤めの組織の業種を教えてください。	エネルギー・素材・産業機械@食品@飲料・嗜好品@薬品・医療用品@化粧品・トイレタリー・サニタリー@ファッション・アクセサリー@精密機械・事務用品@家電・AV機器@自動車・輸送機器@家庭用品@趣味・スポーツ用品@不動産・住宅設備@情報・通信@流通・小売業@金融・保険@交通・レジャー@外食・各種サービス@官公庁・団体@教育・医療サービス・宗教@新聞・雑誌・テレビ・ラジオ・広告等マスコミ関係@市場調査@その他@この中に当てはまるものがない	「その他」と回答したかたは、以下に業種をご記入ください。		外食・各種サービス		1226712276
6		あなたがお勤めの組織の業種を教えてください。	エネルギー・素材・産業機械@食品@飲料・嗜好品@薬品・医療用品@化粧品・トイレタリー・サニタリー@ファッション・アクセサリー@精密機械・事務用品@家電・AV機器@自動車・輸送機器@家庭用品@趣味・スポーツ用品@不動産・住宅設備@情報・通信@流通・小売業@金融・保険@交通・レジャー@外食・各種サービス@官公庁・団体@教育・医療サービス・宗教@新聞・雑誌・テレビ・ラジオ・広告等マスコミ関係@市場調査@その他@この中に当てはまるものがない	「その他」と回答したかたは、以下に業種をご記入ください。		この中に当てはまるものがない		1226897401
6		あなたがお勤めの組織の業種を教えてください。	エネルギー・素材・産業機械@食品@飲料・嗜好品@薬品・医療用品@化粧品・トイレタリー・サニタリー@ファッション・アクセサリー@精密機械・事務用品@家電・AV機器@自動車・輸送機器@家庭用品@趣味・スポーツ用品@不動産・住宅設備@情報・通信@流通・小売業@金融・保険@交通・レジャー@外食・各種サービス@官公庁・団体@教育・医療サービス・宗教@新聞・雑誌・テレビ・ラジオ・広告等マスコミ関係@市場調査@その他@この中に当てはまるものがない	「その他」と回答したかたは、以下に業種をご記入ください。		流通・小売業		1227142655
6		あなたがお勤めの組織の業種を教えてください。	エネルギー・素材・産業機械@食品@飲料・嗜好品@薬品・医療用品@化粧品・トイレタリー・サニタリー@ファッション・アクセサリー@精密機械・事務用品@家電・AV機器@自動車・輸送機器@家庭用品@趣味・スポーツ用品@不動産・住宅設備@情報・通信@流通・小売業@金融・保険@交通・レジャー@外食・各種サービス@官公庁・団体@教育・医療サービス・宗教@新聞・雑誌・テレビ・ラジオ・広告等マスコミ関係@市場調査@その他@この中に当てはまるものがない	「その他」と回答したかたは、以下に業種をご記入ください。		教育・医療サービス・宗教		1228431248
6		あなたがお勤めの組織の業種を教えてください。	エネルギー・素材・産業機械@食品@飲料・嗜好品@薬品・医療用品@化粧品・トイレタリー・サニタリー@ファッション・アクセサリー@精密機械・事務用品@家電・AV機器@自動車・輸送機器@家庭用品@趣味・スポーツ用品@不動産・住宅設備@情報・通信@流通・小売業@金融・保険@交通・レジャー@外食・各種サービス@官公庁・団体@教育・医療サービス・宗教@新聞・雑誌・テレビ・ラジオ・広告等マスコミ関係@市場調査@その他@この中に当てはまるものがない	「その他」と回答したかたは、以下に業種をご記入ください。		この中に当てはまるものがない		1230989431
6		あなたがお勤めの組織の業種を教えてください。	エネルギー・素材・産業機械@食品@飲料・嗜好品@薬品・医療用品@化粧品・トイレタリー・サニタリー@ファッション・アクセサリー@精密機械・事務用品@家電・AV機器@自動車・輸送機器@家庭用品@趣味・スポーツ用品@不動産・住宅設備@情報・通信@流通・小売業@金融・保険@交通・レジャー@外食・各種サービス@官公庁・団体@教育・医療サービス・宗教@新聞・雑誌・テレビ・ラジオ・広告等マスコミ関係@市場調査@その他@この中に当てはまるものがない	「その他」と回答したかたは、以下に業種をご記入ください。		教育・医療サービス・宗教		1231106385
6		あなたがお勤めの組織の業種を教えてください。	エネルギー・素材・産業機械@食品@飲料・嗜好品@薬品・医療用品@化粧品・トイレタリー・サニタリー@ファッション・アクセサリー@精密機械・事務用品@家電・AV機器@自動車・輸送機器@家庭用品@趣味・スポーツ用品@不動産・住宅設備@情報・通信@流通・小売業@金融・保険@交通・レジャー@外食・各種サービス@官公庁・団体@教育・医療サービス・宗教@新聞・雑誌・テレビ・ラジオ・広告等マスコミ関係@市場調査@その他@この中に当てはまるものがない	「その他」と回答したかたは、以下に業種をご記入ください。		情報・通信		1231315483
6		あなたがお勤めの組織の業種を教えてください。	エネルギー・素材・産業機械@食品@飲料・嗜好品@薬品・医療用品@化粧品・トイレタリー・サニタリー@ファッション・アクセサリー@精密機械・事務用品@家電・AV機器@自動車・輸送機器@家庭用品@趣味・スポーツ用品@不動産・住宅設備@情報・通信@流通・小売業@金融・保険@交通・レジャー@外食・各種サービス@官公庁・団体@教育・医療サービス・宗教@新聞・雑誌・テレビ・ラジオ・広告等マスコミ関係@市場調査@その他@この中に当てはまるものがない	「その他」と回答したかたは、以下に業種をご記入ください。		その他	建設業	1232126729
6		あなたがお勤めの組織の業種を教えてください。	エネルギー・素材・産業機械@食品@飲料・嗜好品@薬品・医療用品@化粧品・トイレタリー・サニタリー@ファッション・アクセサリー@精密機械・事務用品@家電・AV機器@自動車・輸送機器@家庭用品@趣味・スポーツ用品@不動産・住宅設備@情報・通信@流通・小売業@金融・保険@交通・レジャー@外食・各種サービス@官公庁・団体@教育・医療サービス・宗教@新聞・雑誌・テレビ・ラジオ・広告等マスコミ関係@市場調査@その他@この中に当てはまるものがない	「その他」と回答したかたは、以下に業種をご記入ください。		流通・小売業		1232160887
6		あなたがお勤めの組織の業種を教えてください。	エネルギー・素材・産業機械@食品@飲料・嗜好品@薬品・医療用品@化粧品・トイレタリー・サニタリー@ファッション・アクセサリー@精密機械・事務用品@家電・AV機器@自動車・輸送機器@家庭用品@趣味・スポーツ用品@不動産・住宅設備@情報・通信@流通・小売業@金融・保険@交通・レジャー@外食・各種サービス@官公庁・団体@教育・医療サービス・宗教@新聞・雑誌・テレビ・ラジオ・広告等マスコミ関係@市場調査@その他@この中に当てはまるものがない	「その他」と回答したかたは、以下に業種をご記入ください。		不動産・住宅設備		1232296461
6		あなたがお勤めの組織の業種を教えてください。	エネルギー・素材・産業機械@食品@飲料・嗜好品@薬品・医療用品@化粧品・トイレタリー・サニタリー@ファッション・アクセサリー@精密機械・事務用品@家電・AV機器@自動車・輸送機器@家庭用品@趣味・スポーツ用品@不動産・住宅設備@情報・通信@流通・小売業@金融・保険@交通・レジャー@外食・各種サービス@官公庁・団体@教育・医療サービス・宗教@新聞・雑誌・テレビ・ラジオ・広告等マスコミ関係@市場調査@その他@この中に当てはまるものがない	「その他」と回答したかたは、以下に業種をご記入ください。		流通・小売業		1232619174
6		あなたがお勤めの組織の業種を教えてください。	エネルギー・素材・産業機械@食品@飲料・嗜好品@薬品・医療用品@化粧品・トイレタリー・サニタリー@ファッション・アクセサリー@精密機械・事務用品@家電・AV機器@自動車・輸送機器@家庭用品@趣味・スポーツ用品@不動産・住宅設備@情報・通信@流通・小売業@金融・保険@交通・レジャー@外食・各種サービス@官公庁・団体@教育・医療サービス・宗教@新聞・雑誌・テレビ・ラジオ・広告等マスコミ関係@市場調査@その他@この中に当てはまるものがない	「その他」と回答したかたは、以下に業種をご記入ください。		精密機械・事務用品		1232695336
6		あなたがお勤めの組織の業種を教えてください。	エネルギー・素材・産業機械@食品@飲料・嗜好品@薬品・医療用品@化粧品・トイレタリー・サニタリー@ファッション・アクセサリー@精密機械・事務用品@家電・AV機器@自動車・輸送機器@家庭用品@趣味・スポーツ用品@不動産・住宅設備@情報・通信@流通・小売業@金融・保険@交通・レジャー@外食・各種サービス@官公庁・団体@教育・医療サービス・宗教@新聞・雑誌・テレビ・ラジオ・広告等マスコミ関係@市場調査@その他@この中に当てはまるものがない	「その他」と回答したかたは、以下に業種をご記入ください。		ファッション・アクセサリー		1232984411
6		あなたがお勤めの組織の業種を教えてください。	エネルギー・素材・産業機械@食品@飲料・嗜好品@薬品・医療用品@化粧品・トイレタリー・サニタリー@ファッション・アクセサリー@精密機械・事務用品@家電・AV機器@自動車・輸送機器@家庭用品@趣味・スポーツ用品@不動産・住宅設備@情報・通信@流通・小売業@金融・保険@交通・レジャー@外食・各種サービス@官公庁・団体@教育・医療サービス・宗教@新聞・雑誌・テレビ・ラジオ・広告等マスコミ関係@市場調査@その他@この中に当てはまるものがない	「その他」と回答したかたは、以下に業種をご記入ください。		教育・医療サービス・宗教		1233151099
6		あなたがお勤めの組織の業種を教えてください。	エネルギー・素材・産業機械@食品@飲料・嗜好品@薬品・医療用品@化粧品・トイレタリー・サニタリー@ファッション・アクセサリー@精密機械・事務用品@家電・AV機器@自動車・輸送機器@家庭用品@趣味・スポーツ用品@不動産・住宅設備@情報・通信@流通・小売業@金融・保険@交通・レジャー@外食・各種サービス@官公庁・団体@教育・医療サービス・宗教@新聞・雑誌・テレビ・ラジオ・広告等マスコミ関係@市場調査@その他@この中に当てはまるものがない	「その他」と回答したかたは、以下に業種をご記入ください。		この中に当てはまるものがない		1233169530
6		あなたがお勤めの組織の業種を教えてください。	エネルギー・素材・産業機械@食品@飲料・嗜好品@薬品・医療用品@化粧品・トイレタリー・サニタリー@ファッション・アクセサリー@精密機械・事務用品@家電・AV機器@自動車・輸送機器@家庭用品@趣味・スポーツ用品@不動産・住宅設備@情報・通信@流通・小売業@金融・保険@交通・レジャー@外食・各種サービス@官公庁・団体@教育・医療サービス・宗教@新聞・雑誌・テレビ・ラジオ・広告等マスコミ関係@市場調査@その他@この中に当てはまるものがない	「その他」と回答したかたは、以下に業種をご記入ください。		この中に当てはまるものがない		1233400758
6		あなたがお勤めの組織の業種を教えてください。	エネルギー・素材・産業機械@食品@飲料・嗜好品@薬品・医療用品@化粧品・トイレタリー・サニタリー@ファッション・アクセサリー@精密機械・事務用品@家電・AV機器@自動車・輸送機器@家庭用品@趣味・スポーツ用品@不動産・住宅設備@情報・通信@流通・小売業@金融・保険@交通・レジャー@外食・各種サービス@官公庁・団体@教育・医療サービス・宗教@新聞・雑誌・テレビ・ラジオ・広告等マスコミ関係@市場調査@その他@この中に当てはまるものがない	「その他」と回答したかたは、以下に業種をご記入ください。		流通・小売業		1233455517
6		あなたがお勤めの組織の業種を教えてください。	エネルギー・素材・産業機械@食品@飲料・嗜好品@薬品・医療用品@化粧品・トイレタリー・サニタリー@ファッション・アクセサリー@精密機械・事務用品@家電・AV機器@自動車・輸送機器@家庭用品@趣味・スポーツ用品@不動産・住宅設備@情報・通信@流通・小売業@金融・保険@交通・レジャー@外食・各種サービス@官公庁・団体@教育・医療サービス・宗教@新聞・雑誌・テレビ・ラジオ・広告等マスコミ関係@市場調査@その他@この中に当てはまるものがない	「その他」と回答したかたは、以下に業種をご記入ください。		この中に当てはまるものがない		1233480837
6		あなたがお勤めの組織の業種を教えてください。	エネルギー・素材・産業機械@食品@飲料・嗜好品@薬品・医療用品@化粧品・トイレタリー・サニタリー@ファッション・アクセサリー@精密機械・事務用品@家電・AV機器@自動車・輸送機器@家庭用品@趣味・スポーツ用品@不動産・住宅設備@情報・通信@流通・小売業@金融・保険@交通・レジャー@外食・各種サービス@官公庁・団体@教育・医療サービス・宗教@新聞・雑誌・テレビ・ラジオ・広告等マスコミ関係@市場調査@その他@この中に当てはまるものがない	「その他」と回答したかたは、以下に業種をご記入ください。		この中に当てはまるものがない		1234062932
6		あなたがお勤めの組織の業種を教えてください。	エネルギー・素材・産業機械@食品@飲料・嗜好品@薬品・医療用品@化粧品・トイレタリー・サニタリー@ファッション・アクセサリー@精密機械・事務用品@家電・AV機器@自動車・輸送機器@家庭用品@趣味・スポーツ用品@不動産・住宅設備@情報・通信@流通・小売業@金融・保険@交通・レジャー@外食・各種サービス@官公庁・団体@教育・医療サービス・宗教@新聞・雑誌・テレビ・ラジオ・広告等マスコミ関係@市場調査@その他@この中に当てはまるものがない	「その他」と回答したかたは、以下に業種をご記入ください。		その他	グラフィックデザイン	1234422726
6		あなたがお勤めの組織の業種を教えてください。	エネルギー・素材・産業機械@食品@飲料・嗜好品@薬品・医療用品@化粧品・トイレタリー・サニタリー@ファッション・アクセサリー@精密機械・事務用品@家電・AV機器@自動車・輸送機器@家庭用品@趣味・スポーツ用品@不動産・住宅設備@情報・通信@流通・小売業@金融・保険@交通・レジャー@外食・各種サービス@官公庁・団体@教育・医療サービス・宗教@新聞・雑誌・テレビ・ラジオ・広告等マスコミ関係@市場調査@その他@この中に当てはまるものがない	「その他」と回答したかたは、以下に業種をご記入ください。		教育・医療サービス・宗教		1234512071
6		あなたがお勤めの組織の業種を教えてください。	エネルギー・素材・産業機械@食品@飲料・嗜好品@薬品・医療用品@化粧品・トイレタリー・サニタリー@ファッション・アクセサリー@精密機械・事務用品@家電・AV機器@自動車・輸送機器@家庭用品@趣味・スポーツ用品@不動産・住宅設備@情報・通信@流通・小売業@金融・保険@交通・レジャー@外食・各種サービス@官公庁・団体@教育・医療サービス・宗教@新聞・雑誌・テレビ・ラジオ・広告等マスコミ関係@市場調査@その他@この中に当てはまるものがない	「その他」と回答したかたは、以下に業種をご記入ください。		官公庁・団体		1234857524
6		あなたがお勤めの組織の業種を教えてください。	エネルギー・素材・産業機械@食品@飲料・嗜好品@薬品・医療用品@化粧品・トイレタリー・サニタリー@ファッション・アクセサリー@精密機械・事務用品@家電・AV機器@自動車・輸送機器@家庭用品@趣味・スポーツ用品@不動産・住宅設備@情報・通信@流通・小売業@金融・保険@交通・レジャー@外食・各種サービス@官公庁・団体@教育・医療サービス・宗教@新聞・雑誌・テレビ・ラジオ・広告等マスコミ関係@市場調査@その他@この中に当てはまるものがない	「その他」と回答したかたは、以下に業種をご記入ください。		エネルギー・素材・産業機械		1235000129
6		あなたがお勤めの組織の業種を教えてください。	エネルギー・素材・産業機械@食品@飲料・嗜好品@薬品・医療用品@化粧品・トイレタリー・サニタリー@ファッション・アクセサリー@精密機械・事務用品@家電・AV機器@自動車・輸送機器@家庭用品@趣味・スポーツ用品@不動産・住宅設備@情報・通信@流通・小売業@金融・保険@交通・レジャー@外食・各種サービス@官公庁・団体@教育・医療サービス・宗教@新聞・雑誌・テレビ・ラジオ・広告等マスコミ関係@市場調査@その他@この中に当てはまるものがない	「その他」と回答したかたは、以下に業種をご記入ください。		不動産・住宅設備		1235436623
6		あなたがお勤めの組織の業種を教えてください。	エネルギー・素材・産業機械@食品@飲料・嗜好品@薬品・医療用品@化粧品・トイレタリー・サニタリー@ファッション・アクセサリー@精密機械・事務用品@家電・AV機器@自動車・輸送機器@家庭用品@趣味・スポーツ用品@不動産・住宅設備@情報・通信@流通・小売業@金融・保険@交通・レジャー@外食・各種サービス@官公庁・団体@教育・医療サービス・宗教@新聞・雑誌・テレビ・ラジオ・広告等マスコミ関係@市場調査@その他@この中に当てはまるものがない	「その他」と回答したかたは、以下に業種をご記入ください。		不動産・住宅設備		1235777464
6		あなたがお勤めの組織の業種を教えてください。	エネルギー・素材・産業機械@食品@飲料・嗜好品@薬品・医療用品@化粧品・トイレタリー・サニタリー@ファッション・アクセサリー@精密機械・事務用品@家電・AV機器@自動車・輸送機器@家庭用品@趣味・スポーツ用品@不動産・住宅設備@情報・通信@流通・小売業@金融・保険@交通・レジャー@外食・各種サービス@官公庁・団体@教育・医療サービス・宗教@新聞・雑誌・テレビ・ラジオ・広告等マスコミ関係@市場調査@その他@この中に当てはまるものがない	「その他」と回答したかたは、以下に業種をご記入ください。		食品		1235974099
6		あなたがお勤めの組織の業種を教えてください。	エネルギー・素材・産業機械@食品@飲料・嗜好品@薬品・医療用品@化粧品・トイレタリー・サニタリー@ファッション・アクセサリー@精密機械・事務用品@家電・AV機器@自動車・輸送機器@家庭用品@趣味・スポーツ用品@不動産・住宅設備@情報・通信@流通・小売業@金融・保険@交通・レジャー@外食・各種サービス@官公庁・団体@教育・医療サービス・宗教@新聞・雑誌・テレビ・ラジオ・広告等マスコミ関係@市場調査@その他@この中に当てはまるものがない	「その他」と回答したかたは、以下に業種をご記入ください。		この中に当てはまるものがない		1236284816
6		あなたがお勤めの組織の業種を教えてください。	エネルギー・素材・産業機械@食品@飲料・嗜好品@薬品・医療用品@化粧品・トイレタリー・サニタリー@ファッション・アクセサリー@精密機械・事務用品@家電・AV機器@自動車・輸送機器@家庭用品@趣味・スポーツ用品@不動産・住宅設備@情報・通信@流通・小売業@金融・保険@交通・レジャー@外食・各種サービス@官公庁・団体@教育・医療サービス・宗教@新聞・雑誌・テレビ・ラジオ・広告等マスコミ関係@市場調査@その他@この中に当てはまるものがない	「その他」と回答したかたは、以下に業種をご記入ください。		この中に当てはまるものがない		1236300194
6		あなたがお勤めの組織の業種を教えてください。	エネルギー・素材・産業機械@食品@飲料・嗜好品@薬品・医療用品@化粧品・トイレタリー・サニタリー@ファッション・アクセサリー@精密機械・事務用品@家電・AV機器@自動車・輸送機器@家庭用品@趣味・スポーツ用品@不動産・住宅設備@情報・通信@流通・小売業@金融・保険@交通・レジャー@外食・各種サービス@官公庁・団体@教育・医療サービス・宗教@新聞・雑誌・テレビ・ラジオ・広告等マスコミ関係@市場調査@その他@この中に当てはまるものがない	「その他」と回答したかたは、以下に業種をご記入ください。		その他	コンサル	1236346868
6		あなたがお勤めの組織の業種を教えてください。	エネルギー・素材・産業機械@食品@飲料・嗜好品@薬品・医療用品@化粧品・トイレタリー・サニタリー@ファッション・アクセサリー@精密機械・事務用品@家電・AV機器@自動車・輸送機器@家庭用品@趣味・スポーツ用品@不動産・住宅設備@情報・通信@流通・小売業@金融・保険@交通・レジャー@外食・各種サービス@官公庁・団体@教育・医療サービス・宗教@新聞・雑誌・テレビ・ラジオ・広告等マスコミ関係@市場調査@その他@この中に当てはまるものがない	「その他」と回答したかたは、以下に業種をご記入ください。		精密機械・事務用品		1236689076
6		あなたがお勤めの組織の業種を教えてください。	エネルギー・素材・産業機械@食品@飲料・嗜好品@薬品・医療用品@化粧品・トイレタリー・サニタリー@ファッション・アクセサリー@精密機械・事務用品@家電・AV機器@自動車・輸送機器@家庭用品@趣味・スポーツ用品@不動産・住宅設備@情報・通信@流通・小売業@金融・保険@交通・レジャー@外食・各種サービス@官公庁・団体@教育・医療サービス・宗教@新聞・雑誌・テレビ・ラジオ・広告等マスコミ関係@市場調査@その他@この中に当てはまるものがない	「その他」と回答したかたは、以下に業種をご記入ください。		自動車・輸送機器		1237066615
6		あなたがお勤めの組織の業種を教えてください。	エネルギー・素材・産業機械@食品@飲料・嗜好品@薬品・医療用品@化粧品・トイレタリー・サニタリー@ファッション・アクセサリー@精密機械・事務用品@家電・AV機器@自動車・輸送機器@家庭用品@趣味・スポーツ用品@不動産・住宅設備@情報・通信@流通・小売業@金融・保険@交通・レジャー@外食・各種サービス@官公庁・団体@教育・医療サービス・宗教@新聞・雑誌・テレビ・ラジオ・広告等マスコミ関係@市場調査@その他@この中に当てはまるものがない	「その他」と回答したかたは、以下に業種をご記入ください。		情報・通信		1237281878
6		あなたがお勤めの組織の業種を教えてください。	エネルギー・素材・産業機械@食品@飲料・嗜好品@薬品・医療用品@化粧品・トイレタリー・サニタリー@ファッション・アクセサリー@精密機械・事務用品@家電・AV機器@自動車・輸送機器@家庭用品@趣味・スポーツ用品@不動産・住宅設備@情報・通信@流通・小売業@金融・保険@交通・レジャー@外食・各種サービス@官公庁・団体@教育・医療サービス・宗教@新聞・雑誌・テレビ・ラジオ・広告等マスコミ関係@市場調査@その他@この中に当てはまるものがない	「その他」と回答したかたは、以下に業種をご記入ください。		流通・小売業		1237410516
6		あなたがお勤めの組織の業種を教えてください。	エネルギー・素材・産業機械@食品@飲料・嗜好品@薬品・医療用品@化粧品・トイレタリー・サニタリー@ファッション・アクセサリー@精密機械・事務用品@家電・AV機器@自動車・輸送機器@家庭用品@趣味・スポーツ用品@不動産・住宅設備@情報・通信@流通・小売業@金融・保険@交通・レジャー@外食・各種サービス@官公庁・団体@教育・医療サービス・宗教@新聞・雑誌・テレビ・ラジオ・広告等マスコミ関係@市場調査@その他@この中に当てはまるものがない	「その他」と回答したかたは、以下に業種をご記入ください。		家庭用品		1237586190
6		あなたがお勤めの組織の業種を教えてください。	エネルギー・素材・産業機械@食品@飲料・嗜好品@薬品・医療用品@化粧品・トイレタリー・サニタリー@ファッション・アクセサリー@精密機械・事務用品@家電・AV機器@自動車・輸送機器@家庭用品@趣味・スポーツ用品@不動産・住宅設備@情報・通信@流通・小売業@金融・保険@交通・レジャー@外食・各種サービス@官公庁・団体@教育・医療サービス・宗教@新聞・雑誌・テレビ・ラジオ・広告等マスコミ関係@市場調査@その他@この中に当てはまるものがない	「その他」と回答したかたは、以下に業種をご記入ください。		官公庁・団体		1237654803
6		あなたがお勤めの組織の業種を教えてください。	エネルギー・素材・産業機械@食品@飲料・嗜好品@薬品・医療用品@化粧品・トイレタリー・サニタリー@ファッション・アクセサリー@精密機械・事務用品@家電・AV機器@自動車・輸送機器@家庭用品@趣味・スポーツ用品@不動産・住宅設備@情報・通信@流通・小売業@金融・保険@交通・レジャー@外食・各種サービス@官公庁・団体@教育・医療サービス・宗教@新聞・雑誌・テレビ・ラジオ・広告等マスコミ関係@市場調査@その他@この中に当てはまるものがない	「その他」と回答したかたは、以下に業種をご記入ください。		この中に当てはまるものがない		1237669848
6		あなたがお勤めの組織の業種を教えてください。	エネルギー・素材・産業機械@食品@飲料・嗜好品@薬品・医療用品@化粧品・トイレタリー・サニタリー@ファッション・アクセサリー@精密機械・事務用品@家電・AV機器@自動車・輸送機器@家庭用品@趣味・スポーツ用品@不動産・住宅設備@情報・通信@流通・小売業@金融・保険@交通・レジャー@外食・各種サービス@官公庁・団体@教育・医療サービス・宗教@新聞・雑誌・テレビ・ラジオ・広告等マスコミ関係@市場調査@その他@この中に当てはまるものがない	「その他」と回答したかたは、以下に業種をご記入ください。		この中に当てはまるものがない		1237800822
6		あなたがお勤めの組織の業種を教えてください。	エネルギー・素材・産業機械@食品@飲料・嗜好品@薬品・医療用品@化粧品・トイレタリー・サニタリー@ファッション・アクセサリー@精密機械・事務用品@家電・AV機器@自動車・輸送機器@家庭用品@趣味・スポーツ用品@不動産・住宅設備@情報・通信@流通・小売業@金融・保険@交通・レジャー@外食・各種サービス@官公庁・団体@教育・医療サービス・宗教@新聞・雑誌・テレビ・ラジオ・広告等マスコミ関係@市場調査@その他@この中に当てはまるものがない	「その他」と回答したかたは、以下に業種をご記入ください。		金融・保険		1237827097
6		あなたがお勤めの組織の業種を教えてください。	エネルギー・素材・産業機械@食品@飲料・嗜好品@薬品・医療用品@化粧品・トイレタリー・サニタリー@ファッション・アクセサリー@精密機械・事務用品@家電・AV機器@自動車・輸送機器@家庭用品@趣味・スポーツ用品@不動産・住宅設備@情報・通信@流通・小売業@金融・保険@交通・レジャー@外食・各種サービス@官公庁・団体@教育・医療サービス・宗教@新聞・雑誌・テレビ・ラジオ・広告等マスコミ関係@市場調査@その他@この中に当てはまるものがない	「その他」と回答したかたは、以下に業種をご記入ください。		自動車・輸送機器		1237836770
6		あなたがお勤めの組織の業種を教えてください。	エネルギー・素材・産業機械@食品@飲料・嗜好品@薬品・医療用品@化粧品・トイレタリー・サニタリー@ファッション・アクセサリー@精密機械・事務用品@家電・AV機器@自動車・輸送機器@家庭用品@趣味・スポーツ用品@不動産・住宅設備@情報・通信@流通・小売業@金融・保険@交通・レジャー@外食・各種サービス@官公庁・団体@教育・医療サービス・宗教@新聞・雑誌・テレビ・ラジオ・広告等マスコミ関係@市場調査@その他@この中に当てはまるものがない	「その他」と回答したかたは、以下に業種をご記入ください。		外食・各種サービス		1237906285
6		あなたがお勤めの組織の業種を教えてください。	エネルギー・素材・産業機械@食品@飲料・嗜好品@薬品・医療用品@化粧品・トイレタリー・サニタリー@ファッション・アクセサリー@精密機械・事務用品@家電・AV機器@自動車・輸送機器@家庭用品@趣味・スポーツ用品@不動産・住宅設備@情報・通信@流通・小売業@金融・保険@交通・レジャー@外食・各種サービス@官公庁・団体@教育・医療サービス・宗教@新聞・雑誌・テレビ・ラジオ・広告等マスコミ関係@市場調査@その他@この中に当てはまるものがない	「その他」と回答したかたは、以下に業種をご記入ください。		教育・医療サービス・宗教		1237913367
6		あなたがお勤めの組織の業種を教えてください。	エネルギー・素材・産業機械@食品@飲料・嗜好品@薬品・医療用品@化粧品・トイレタリー・サニタリー@ファッション・アクセサリー@精密機械・事務用品@家電・AV機器@自動車・輸送機器@家庭用品@趣味・スポーツ用品@不動産・住宅設備@情報・通信@流通・小売業@金融・保険@交通・レジャー@外食・各種サービス@官公庁・団体@教育・医療サービス・宗教@新聞・雑誌・テレビ・ラジオ・広告等マスコミ関係@市場調査@その他@この中に当てはまるものがない	「その他」と回答したかたは、以下に業種をご記入ください。		この中に当てはまるものがない		1238103947
6		あなたがお勤めの組織の業種を教えてください。	エネルギー・素材・産業機械@食品@飲料・嗜好品@薬品・医療用品@化粧品・トイレタリー・サニタリー@ファッション・アクセサリー@精密機械・事務用品@家電・AV機器@自動車・輸送機器@家庭用品@趣味・スポーツ用品@不動産・住宅設備@情報・通信@流通・小売業@金融・保険@交通・レジャー@外食・各種サービス@官公庁・団体@教育・医療サービス・宗教@新聞・雑誌・テレビ・ラジオ・広告等マスコミ関係@市場調査@その他@この中に当てはまるものがない	「その他」と回答したかたは、以下に業種をご記入ください。		この中に当てはまるものがない		1238717867
6		あなたがお勤めの組織の業種を教えてください。	エネルギー・素材・産業機械@食品@飲料・嗜好品@薬品・医療用品@化粧品・トイレタリー・サニタリー@ファッション・アクセサリー@精密機械・事務用品@家電・AV機器@自動車・輸送機器@家庭用品@趣味・スポーツ用品@不動産・住宅設備@情報・通信@流通・小売業@金融・保険@交通・レジャー@外食・各種サービス@官公庁・団体@教育・医療サービス・宗教@新聞・雑誌・テレビ・ラジオ・広告等マスコミ関係@市場調査@その他@この中に当てはまるものがない	「その他」と回答したかたは、以下に業種をご記入ください。		この中に当てはまるものがない		1238744397
6		あなたがお勤めの組織の業種を教えてください。	エネルギー・素材・産業機械@食品@飲料・嗜好品@薬品・医療用品@化粧品・トイレタリー・サニタリー@ファッション・アクセサリー@精密機械・事務用品@家電・AV機器@自動車・輸送機器@家庭用品@趣味・スポーツ用品@不動産・住宅設備@情報・通信@流通・小売業@金融・保険@交通・レジャー@外食・各種サービス@官公庁・団体@教育・医療サービス・宗教@新聞・雑誌・テレビ・ラジオ・広告等マスコミ関係@市場調査@その他@この中に当てはまるものがない	「その他」と回答したかたは、以下に業種をご記入ください。		情報・通信		1239124266
6		あなたがお勤めの組織の業種を教えてください。	エネルギー・素材・産業機械@食品@飲料・嗜好品@薬品・医療用品@化粧品・トイレタリー・サニタリー@ファッション・アクセサリー@精密機械・事務用品@家電・AV機器@自動車・輸送機器@家庭用品@趣味・スポーツ用品@不動産・住宅設備@情報・通信@流通・小売業@金融・保険@交通・レジャー@外食・各種サービス@官公庁・団体@教育・医療サービス・宗教@新聞・雑誌・テレビ・ラジオ・広告等マスコミ関係@市場調査@その他@この中に当てはまるものがない	「その他」と回答したかたは、以下に業種をご記入ください。		流通・小売業		1239138628
6		あなたがお勤めの組織の業種を教えてください。	エネルギー・素材・産業機械@食品@飲料・嗜好品@薬品・医療用品@化粧品・トイレタリー・サニタリー@ファッション・アクセサリー@精密機械・事務用品@家電・AV機器@自動車・輸送機器@家庭用品@趣味・スポーツ用品@不動産・住宅設備@情報・通信@流通・小売業@金融・保険@交通・レジャー@外食・各種サービス@官公庁・団体@教育・医療サービス・宗教@新聞・雑誌・テレビ・ラジオ・広告等マスコミ関係@市場調査@その他@この中に当てはまるものがない	「その他」と回答したかたは、以下に業種をご記入ください。		この中に当てはまるものがない		1239144371
7		あなたが今使用しているキーボードのキー配列について教えてください。	日本語配列（JIS配列）##※一般的にはこちらが使用されています。	https://crowdsourcing-pctr.c.yimg.jp/BgIFgYJGVIVv8u0nVJvw8Hh6g6tTQ94_GtbibT0M2tGibgzMKCIgriJiGFe6eP88ANkjrMHnzYaHAcQAjsVjqwwZRw_FMzoPg2QRJwCNmnO0PtPdBKQhMBr-E9EVUN-BZLXnimzemwd-rirBNcfumAkLWAmAOAEQszshvWazv2hoE7ie47HZ2tVV9mt_goSmtIPkH2f2ooQ49DaBDWtGHQ==	英語配列（US配列）	https://crowdsourcing-pctr.c.yimg.jp/BgIFgYJGVIVv8u0nVJvw8Hh6g6tTQ94_GtbibT0M2tGibgzMKCIgriJiGFe6eP88ANkjrMHnzYaHAcQAjsVjq4nVWzXhUs9ffdQOomiKRcYRukgZQWudcFTJxB0re9c3nFSsKQ-gYIO2yrkwWTx5cUHxJERprdcEyb5QCOaEJckQUdc-HA-jHe-brRcSOUG-03jpgfAqA7wmCgabzhgGiw==	日本語配列（JIS配列）@英語配列（US配列）@その他	「その他」と回答したかたは、以下にキー配列をご記入ください。			日本語配列（JIS配列）		1225635235
7		あなたが今使用しているキーボードのキー配列について教えてください。	日本語配列（JIS配列）##※一般的にはこちらが使用されています。	https://crowdsourcing-pctr.c.yimg.jp/BgIFgYJGVIVv8u0nVJvw8Hh6g6tTQ94_GtbibT0M2tGibgzMKCIgriJiGFe6eP88ANkjrMHnzYaHAcQAjsVjqwwZRw_FMzoPg2QRJwCNmnO0PtPdBKQhMBr-E9EVUN-BZLXnimzemwd-rirBNcfumAkLWAmAOAEQszshvWazv2hoE7ie47HZ2tVV9mt_goSmtIPkH2f2ooQ49DaBDWtGHQ==	英語配列（US配列）	https://crowdsourcing-pctr.c.yimg.jp/BgIFgYJGVIVv8u0nVJvw8Hh6g6tTQ94_GtbibT0M2tGibgzMKCIgriJiGFe6eP88ANkjrMHnzYaHAcQAjsVjq4nVWzXhUs9ffdQOomiKRcYRukgZQWudcFTJxB0re9c3nFSsKQ-gYIO2yrkwWTx5cUHxJERprdcEyb5QCOaEJckQUdc-HA-jHe-brRcSOUG-03jpgfAqA7wmCgabzhgGiw==	日本語配列（JIS配列）@英語配列（US配列）@その他	「その他」と回答したかたは、以下にキー配列をご記入ください。			日本語配列（JIS配列）		1226222607
7		あなたが今使用しているキーボードのキー配列について教えてください。	日本語配列（JIS配列）##※一般的にはこちらが使用されています。	https://crowdsourcing-pctr.c.yimg.jp/BgIFgYJGVIVv8u0nVJvw8Hh6g6tTQ94_GtbibT0M2tGibgzMKCIgriJiGFe6eP88ANkjrMHnzYaHAcQAjsVjqwwZRw_FMzoPg2QRJwCNmnO0PtPdBKQhMBr-E9EVUN-BZLXnimzemwd-rirBNcfumAkLWAmAOAEQszshvWazv2hoE7ie47HZ2tVV9mt_goSmtIPkH2f2ooQ49DaBDWtGHQ==	英語配列（US配列）	https://crowdsourcing-pctr.c.yimg.jp/BgIFgYJGVIVv8u0nVJvw8Hh6g6tTQ94_GtbibT0M2tGibgzMKCIgriJiGFe6eP88ANkjrMHnzYaHAcQAjsVjq4nVWzXhUs9ffdQOomiKRcYRukgZQWudcFTJxB0re9c3nFSsKQ-gYIO2yrkwWTx5cUHxJERprdcEyb5QCOaEJckQUdc-HA-jHe-brRcSOUG-03jpgfAqA7wmCgabzhgGiw==	日本語配列（JIS配列）@英語配列（US配列）@その他	「その他」と回答したかたは、以下にキー配列をご記入ください。			日本語配列（JIS配列）		1226335812
7		あなたが今使用しているキーボードのキー配列について教えてください。	日本語配列（JIS配列）##※一般的にはこちらが使用されています。	https://crowdsourcing-pctr.c.yimg.jp/BgIFgYJGVIVv8u0nVJvw8Hh6g6tTQ94_GtbibT0M2tGibgzMKCIgriJiGFe6eP88ANkjrMHnzYaHAcQAjsVjqwwZRw_FMzoPg2QRJwCNmnO0PtPdBKQhMBr-E9EVUN-BZLXnimzemwd-rirBNcfumAkLWAmAOAEQszshvWazv2hoE7ie47HZ2tVV9mt_goSmtIPkH2f2ooQ49DaBDWtGHQ==	英語配列（US配列）	https://crowdsourcing-pctr.c.yimg.jp/BgIFgYJGVIVv8u0nVJvw8Hh6g6tTQ94_GtbibT0M2tGibgzMKCIgriJiGFe6eP88ANkjrMHnzYaHAcQAjsVjq4nVWzXhUs9ffdQOomiKRcYRukgZQWudcFTJxB0re9c3nFSsKQ-gYIO2yrkwWTx5cUHxJERprdcEyb5QCOaEJckQUdc-HA-jHe-brRcSOUG-03jpgfAqA7wmCgabzhgGiw==	日本語配列（JIS配列）@英語配列（US配列）@その他	「その他」と回答したかたは、以下にキー配列をご記入ください。			日本語配列（JIS配列）		1226712276
7		あなたが今使用しているキーボードのキー配列について教えてください。	日本語配列（JIS配列）##※一般的にはこちらが使用されています。	https://crowdsourcing-pctr.c.yimg.jp/BgIFgYJGVIVv8u0nVJvw8Hh6g6tTQ94_GtbibT0M2tGibgzMKCIgriJiGFe6eP88ANkjrMHnzYaHAcQAjsVjqwwZRw_FMzoPg2QRJwCNmnO0PtPdBKQhMBr-E9EVUN-BZLXnimzemwd-rirBNcfumAkLWAmAOAEQszshvWazv2hoE7ie47HZ2tVV9mt_goSmtIPkH2f2ooQ49DaBDWtGHQ==	英語配列（US配列）	https://crowdsourcing-pctr.c.yimg.jp/BgIFgYJGVIVv8u0nVJvw8Hh6g6tTQ94_GtbibT0M2tGibgzMKCIgriJiGFe6eP88ANkjrMHnzYaHAcQAjsVjq4nVWzXhUs9ffdQOomiKRcYRukgZQWudcFTJxB0re9c3nFSsKQ-gYIO2yrkwWTx5cUHxJERprdcEyb5QCOaEJckQUdc-HA-jHe-brRcSOUG-03jpgfAqA7wmCgabzhgGiw==	日本語配列（JIS配列）@英語配列（US配列）@その他	「その他」と回答したかたは、以下にキー配列をご記入ください。			日本語配列（JIS配列）		1226897401
7		あなたが今使用しているキーボードのキー配列について教えてください。	日本語配列（JIS配列）##※一般的にはこちらが使用されています。	https://crowdsourcing-pctr.c.yimg.jp/BgIFgYJGVIVv8u0nVJvw8Hh6g6tTQ94_GtbibT0M2tGibgzMKCIgriJiGFe6eP88ANkjrMHnzYaHAcQAjsVjqwwZRw_FMzoPg2QRJwCNmnO0PtPdBKQhMBr-E9EVUN-BZLXnimzemwd-rirBNcfumAkLWAmAOAEQszshvWazv2hoE7ie47HZ2tVV9mt_goSmtIPkH2f2ooQ49DaBDWtGHQ==	英語配列（US配列）	https://crowdsourcing-pctr.c.yimg.jp/BgIFgYJGVIVv8u0nVJvw8Hh6g6tTQ94_GtbibT0M2tGibgzMKCIgriJiGFe6eP88ANkjrMHnzYaHAcQAjsVjq4nVWzXhUs9ffdQOomiKRcYRukgZQWudcFTJxB0re9c3nFSsKQ-gYIO2yrkwWTx5cUHxJERprdcEyb5QCOaEJckQUdc-HA-jHe-brRcSOUG-03jpgfAqA7wmCgabzhgGiw==	日本語配列（JIS配列）@英語配列（US配列）@その他	「その他」と回答したかたは、以下にキー配列をご記入ください。			日本語配列（JIS配列）		1227142655
7		あなたが今使用しているキーボードのキー配列について教えてください。	日本語配列（JIS配列）##※一般的にはこちらが使用されています。	https://crowdsourcing-pctr.c.yimg.jp/BgIFgYJGVIVv8u0nVJvw8Hh6g6tTQ94_GtbibT0M2tGibgzMKCIgriJiGFe6eP88ANkjrMHnzYaHAcQAjsVjqwwZRw_FMzoPg2QRJwCNmnO0PtPdBKQhMBr-E9EVUN-BZLXnimzemwd-rirBNcfumAkLWAmAOAEQszshvWazv2hoE7ie47HZ2tVV9mt_goSmtIPkH2f2ooQ49DaBDWtGHQ==	英語配列（US配列）	https://crowdsourcing-pctr.c.yimg.jp/BgIFgYJGVIVv8u0nVJvw8Hh6g6tTQ94_GtbibT0M2tGibgzMKCIgriJiGFe6eP88ANkjrMHnzYaHAcQAjsVjq4nVWzXhUs9ffdQOomiKRcYRukgZQWudcFTJxB0re9c3nFSsKQ-gYIO2yrkwWTx5cUHxJERprdcEyb5QCOaEJckQUdc-HA-jHe-brRcSOUG-03jpgfAqA7wmCgabzhgGiw==	日本語配列（JIS配列）@英語配列（US配列）@その他	「その他」と回答したかたは、以下にキー配列をご記入ください。			日本語配列（JIS配列）		1228431248
7		あなたが今使用しているキーボードのキー配列について教えてください。	日本語配列（JIS配列）##※一般的にはこちらが使用されています。	https://crowdsourcing-pctr.c.yimg.jp/BgIFgYJGVIVv8u0nVJvw8Hh6g6tTQ94_GtbibT0M2tGibgzMKCIgriJiGFe6eP88ANkjrMHnzYaHAcQAjsVjqwwZRw_FMzoPg2QRJwCNmnO0PtPdBKQhMBr-E9EVUN-BZLXnimzemwd-rirBNcfumAkLWAmAOAEQszshvWazv2hoE7ie47HZ2tVV9mt_goSmtIPkH2f2ooQ49DaBDWtGHQ==	英語配列（US配列）	https://crowdsourcing-pctr.c.yimg.jp/BgIFgYJGVIVv8u0nVJvw8Hh6g6tTQ94_GtbibT0M2tGibgzMKCIgriJiGFe6eP88ANkjrMHnzYaHAcQAjsVjq4nVWzXhUs9ffdQOomiKRcYRukgZQWudcFTJxB0re9c3nFSsKQ-gYIO2yrkwWTx5cUHxJERprdcEyb5QCOaEJckQUdc-HA-jHe-brRcSOUG-03jpgfAqA7wmCgabzhgGiw==	日本語配列（JIS配列）@英語配列（US配列）@その他	「その他」と回答したかたは、以下にキー配列をご記入ください。			日本語配列（JIS配列）		1230989431
7		あなたが今使用しているキーボードのキー配列について教えてください。	日本語配列（JIS配列）##※一般的にはこちらが使用されています。	https://crowdsourcing-pctr.c.yimg.jp/BgIFgYJGVIVv8u0nVJvw8Hh6g6tTQ94_GtbibT0M2tGibgzMKCIgriJiGFe6eP88ANkjrMHnzYaHAcQAjsVjqwwZRw_FMzoPg2QRJwCNmnO0PtPdBKQhMBr-E9EVUN-BZLXnimzemwd-rirBNcfumAkLWAmAOAEQszshvWazv2hoE7ie47HZ2tVV9mt_goSmtIPkH2f2ooQ49DaBDWtGHQ==	英語配列（US配列）	https://crowdsourcing-pctr.c.yimg.jp/BgIFgYJGVIVv8u0nVJvw8Hh6g6tTQ94_GtbibT0M2tGibgzMKCIgriJiGFe6eP88ANkjrMHnzYaHAcQAjsVjq4nVWzXhUs9ffdQOomiKRcYRukgZQWudcFTJxB0re9c3nFSsKQ-gYIO2yrkwWTx5cUHxJERprdcEyb5QCOaEJckQUdc-HA-jHe-brRcSOUG-03jpgfAqA7wmCgabzhgGiw==	日本語配列（JIS配列）@英語配列（US配列）@その他	「その他」と回答したかたは、以下にキー配列をご記入ください。			日本語配列（JIS配列）		1231106385
7		あなたが今使用しているキーボードのキー配列について教えてください。	日本語配列（JIS配列）##※一般的にはこちらが使用されています。	https://crowdsourcing-pctr.c.yimg.jp/BgIFgYJGVIVv8u0nVJvw8Hh6g6tTQ94_GtbibT0M2tGibgzMKCIgriJiGFe6eP88ANkjrMHnzYaHAcQAjsVjqwwZRw_FMzoPg2QRJwCNmnO0PtPdBKQhMBr-E9EVUN-BZLXnimzemwd-rirBNcfumAkLWAmAOAEQszshvWazv2hoE7ie47HZ2tVV9mt_goSmtIPkH2f2ooQ49DaBDWtGHQ==	英語配列（US配列）	https://crowdsourcing-pctr.c.yimg.jp/BgIFgYJGVIVv8u0nVJvw8Hh6g6tTQ94_GtbibT0M2tGibgzMKCIgriJiGFe6eP88ANkjrMHnzYaHAcQAjsVjq4nVWzXhUs9ffdQOomiKRcYRukgZQWudcFTJxB0re9c3nFSsKQ-gYIO2yrkwWTx5cUHxJERprdcEyb5QCOaEJckQUdc-HA-jHe-brRcSOUG-03jpgfAqA7wmCgabzhgGiw==	日本語配列（JIS配列）@英語配列（US配列）@その他	「その他」と回答したかたは、以下にキー配列をご記入ください。			日本語配列（JIS配列）		1231315483
7		あなたが今使用しているキーボードのキー配列について教えてください。	日本語配列（JIS配列）##※一般的にはこちらが使用されています。	https://crowdsourcing-pctr.c.yimg.jp/BgIFgYJGVIVv8u0nVJvw8Hh6g6tTQ94_GtbibT0M2tGibgzMKCIgriJiGFe6eP88ANkjrMHnzYaHAcQAjsVjqwwZRw_FMzoPg2QRJwCNmnO0PtPdBKQhMBr-E9EVUN-BZLXnimzemwd-rirBNcfumAkLWAmAOAEQszshvWazv2hoE7ie47HZ2tVV9mt_goSmtIPkH2f2ooQ49DaBDWtGHQ==	英語配列（US配列）	https://crowdsourcing-pctr.c.yimg.jp/BgIFgYJGVIVv8u0nVJvw8Hh6g6tTQ94_GtbibT0M2tGibgzMKCIgriJiGFe6eP88ANkjrMHnzYaHAcQAjsVjq4nVWzXhUs9ffdQOomiKRcYRukgZQWudcFTJxB0re9c3nFSsKQ-gYIO2yrkwWTx5cUHxJERprdcEyb5QCOaEJckQUdc-HA-jHe-brRcSOUG-03jpgfAqA7wmCgabzhgGiw==	日本語配列（JIS配列）@英語配列（US配列）@その他	「その他」と回答したかたは、以下にキー配列をご記入ください。			日本語配列（JIS配列）		1232126729
7		あなたが今使用しているキーボードのキー配列について教えてください。	日本語配列（JIS配列）##※一般的にはこちらが使用されています。	https://crowdsourcing-pctr.c.yimg.jp/BgIFgYJGVIVv8u0nVJvw8Hh6g6tTQ94_GtbibT0M2tGibgzMKCIgriJiGFe6eP88ANkjrMHnzYaHAcQAjsVjqwwZRw_FMzoPg2QRJwCNmnO0PtPdBKQhMBr-E9EVUN-BZLXnimzemwd-rirBNcfumAkLWAmAOAEQszshvWazv2hoE7ie47HZ2tVV9mt_goSmtIPkH2f2ooQ49DaBDWtGHQ==	英語配列（US配列）	https://crowdsourcing-pctr.c.yimg.jp/BgIFgYJGVIVv8u0nVJvw8Hh6g6tTQ94_GtbibT0M2tGibgzMKCIgriJiGFe6eP88ANkjrMHnzYaHAcQAjsVjq4nVWzXhUs9ffdQOomiKRcYRukgZQWudcFTJxB0re9c3nFSsKQ-gYIO2yrkwWTx5cUHxJERprdcEyb5QCOaEJckQUdc-HA-jHe-brRcSOUG-03jpgfAqA7wmCgabzhgGiw==	日本語配列（JIS配列）@英語配列（US配列）@その他	「その他」と回答したかたは、以下にキー配列をご記入ください。			日本語配列（JIS配列）		1232160887
7		あなたが今使用しているキーボードのキー配列について教えてください。	日本語配列（JIS配列）##※一般的にはこちらが使用されています。	https://crowdsourcing-pctr.c.yimg.jp/BgIFgYJGVIVv8u0nVJvw8Hh6g6tTQ94_GtbibT0M2tGibgzMKCIgriJiGFe6eP88ANkjrMHnzYaHAcQAjsVjqwwZRw_FMzoPg2QRJwCNmnO0PtPdBKQhMBr-E9EVUN-BZLXnimzemwd-rirBNcfumAkLWAmAOAEQszshvWazv2hoE7ie47HZ2tVV9mt_goSmtIPkH2f2ooQ49DaBDWtGHQ==	英語配列（US配列）	https://crowdsourcing-pctr.c.yimg.jp/BgIFgYJGVIVv8u0nVJvw8Hh6g6tTQ94_GtbibT0M2tGibgzMKCIgriJiGFe6eP88ANkjrMHnzYaHAcQAjsVjq4nVWzXhUs9ffdQOomiKRcYRukgZQWudcFTJxB0re9c3nFSsKQ-gYIO2yrkwWTx5cUHxJERprdcEyb5QCOaEJckQUdc-HA-jHe-brRcSOUG-03jpgfAqA7wmCgabzhgGiw==	日本語配列（JIS配列）@英語配列（US配列）@その他	「その他」と回答したかたは、以下にキー配列をご記入ください。			日本語配列（JIS配列）		1232296461
7		あなたが今使用しているキーボードのキー配列について教えてください。	日本語配列（JIS配列）##※一般的にはこちらが使用されています。	https://crowdsourcing-pctr.c.yimg.jp/BgIFgYJGVIVv8u0nVJvw8Hh6g6tTQ94_GtbibT0M2tGibgzMKCIgriJiGFe6eP88ANkjrMHnzYaHAcQAjsVjqwwZRw_FMzoPg2QRJwCNmnO0PtPdBKQhMBr-E9EVUN-BZLXnimzemwd-rirBNcfumAkLWAmAOAEQszshvWazv2hoE7ie47HZ2tVV9mt_goSmtIPkH2f2ooQ49DaBDWtGHQ==	英語配列（US配列）	https://crowdsourcing-pctr.c.yimg.jp/BgIFgYJGVIVv8u0nVJvw8Hh6g6tTQ94_GtbibT0M2tGibgzMKCIgriJiGFe6eP88ANkjrMHnzYaHAcQAjsVjq4nVWzXhUs9ffdQOomiKRcYRukgZQWudcFTJxB0re9c3nFSsKQ-gYIO2yrkwWTx5cUHxJERprdcEyb5QCOaEJckQUdc-HA-jHe-brRcSOUG-03jpgfAqA7wmCgabzhgGiw==	日本語配列（JIS配列）@英語配列（US配列）@その他	「その他」と回答したかたは、以下にキー配列をご記入ください。			日本語配列（JIS配列）		1232619174
7		あなたが今使用しているキーボードのキー配列について教えてください。	日本語配列（JIS配列）##※一般的にはこちらが使用されています。	https://crowdsourcing-pctr.c.yimg.jp/BgIFgYJGVIVv8u0nVJvw8Hh6g6tTQ94_GtbibT0M2tGibgzMKCIgriJiGFe6eP88ANkjrMHnzYaHAcQAjsVjqwwZRw_FMzoPg2QRJwCNmnO0PtPdBKQhMBr-E9EVUN-BZLXnimzemwd-rirBNcfumAkLWAmAOAEQszshvWazv2hoE7ie47HZ2tVV9mt_goSmtIPkH2f2ooQ49DaBDWtGHQ==	英語配列（US配列）	https://crowdsourcing-pctr.c.yimg.jp/BgIFgYJGVIVv8u0nVJvw8Hh6g6tTQ94_GtbibT0M2tGibgzMKCIgriJiGFe6eP88ANkjrMHnzYaHAcQAjsVjq4nVWzXhUs9ffdQOomiKRcYRukgZQWudcFTJxB0re9c3nFSsKQ-gYIO2yrkwWTx5cUHxJERprdcEyb5QCOaEJckQUdc-HA-jHe-brRcSOUG-03jpgfAqA7wmCgabzhgGiw==	日本語配列（JIS配列）@英語配列（US配列）@その他	「その他」と回答したかたは、以下にキー配列をご記入ください。			日本語配列（JIS配列）		1232695336
7		あなたが今使用しているキーボードのキー配列について教えてください。	日本語配列（JIS配列）##※一般的にはこちらが使用されています。	https://crowdsourcing-pctr.c.yimg.jp/BgIFgYJGVIVv8u0nVJvw8Hh6g6tTQ94_GtbibT0M2tGibgzMKCIgriJiGFe6eP88ANkjrMHnzYaHAcQAjsVjqwwZRw_FMzoPg2QRJwCNmnO0PtPdBKQhMBr-E9EVUN-BZLXnimzemwd-rirBNcfumAkLWAmAOAEQszshvWazv2hoE7ie47HZ2tVV9mt_goSmtIPkH2f2ooQ49DaBDWtGHQ==	英語配列（US配列）	https://crowdsourcing-pctr.c.yimg.jp/BgIFgYJGVIVv8u0nVJvw8Hh6g6tTQ94_GtbibT0M2tGibgzMKCIgriJiGFe6eP88ANkjrMHnzYaHAcQAjsVjq4nVWzXhUs9ffdQOomiKRcYRukgZQWudcFTJxB0re9c3nFSsKQ-gYIO2yrkwWTx5cUHxJERprdcEyb5QCOaEJckQUdc-HA-jHe-brRcSOUG-03jpgfAqA7wmCgabzhgGiw==	日本語配列（JIS配列）@英語配列（US配列）@その他	「その他」と回答したかたは、以下にキー配列をご記入ください。			日本語配列（JIS配列）		1232984411
7		あなたが今使用しているキーボードのキー配列について教えてください。	日本語配列（JIS配列）##※一般的にはこちらが使用されています。	https://crowdsourcing-pctr.c.yimg.jp/BgIFgYJGVIVv8u0nVJvw8Hh6g6tTQ94_GtbibT0M2tGibgzMKCIgriJiGFe6eP88ANkjrMHnzYaHAcQAjsVjqwwZRw_FMzoPg2QRJwCNmnO0PtPdBKQhMBr-E9EVUN-BZLXnimzemwd-rirBNcfumAkLWAmAOAEQszshvWazv2hoE7ie47HZ2tVV9mt_goSmtIPkH2f2ooQ49DaBDWtGHQ==	英語配列（US配列）	https://crowdsourcing-pctr.c.yimg.jp/BgIFgYJGVIVv8u0nVJvw8Hh6g6tTQ94_GtbibT0M2tGibgzMKCIgriJiGFe6eP88ANkjrMHnzYaHAcQAjsVjq4nVWzXhUs9ffdQOomiKRcYRukgZQWudcFTJxB0re9c3nFSsKQ-gYIO2yrkwWTx5cUHxJERprdcEyb5QCOaEJckQUdc-HA-jHe-brRcSOUG-03jpgfAqA7wmCgabzhgGiw==	日本語配列（JIS配列）@英語配列（US配列）@その他	「その他」と回答したかたは、以下にキー配列をご記入ください。			日本語配列（JIS配列）		1233151099
7		あなたが今使用しているキーボードのキー配列について教えてください。	日本語配列（JIS配列）##※一般的にはこちらが使用されています。	https://crowdsourcing-pctr.c.yimg.jp/BgIFgYJGVIVv8u0nVJvw8Hh6g6tTQ94_GtbibT0M2tGibgzMKCIgriJiGFe6eP88ANkjrMHnzYaHAcQAjsVjqwwZRw_FMzoPg2QRJwCNmnO0PtPdBKQhMBr-E9EVUN-BZLXnimzemwd-rirBNcfumAkLWAmAOAEQszshvWazv2hoE7ie47HZ2tVV9mt_goSmtIPkH2f2ooQ49DaBDWtGHQ==	英語配列（US配列）	https://crowdsourcing-pctr.c.yimg.jp/BgIFgYJGVIVv8u0nVJvw8Hh6g6tTQ94_GtbibT0M2tGibgzMKCIgriJiGFe6eP88ANkjrMHnzYaHAcQAjsVjq4nVWzXhUs9ffdQOomiKRcYRukgZQWudcFTJxB0re9c3nFSsKQ-gYIO2yrkwWTx5cUHxJERprdcEyb5QCOaEJckQUdc-HA-jHe-brRcSOUG-03jpgfAqA7wmCgabzhgGiw==	日本語配列（JIS配列）@英語配列（US配列）@その他	「その他」と回答したかたは、以下にキー配列をご記入ください。			英語配列（US配列）		1233169530
7		あなたが今使用しているキーボードのキー配列について教えてください。	日本語配列（JIS配列）##※一般的にはこちらが使用されています。	https://crowdsourcing-pctr.c.yimg.jp/BgIFgYJGVIVv8u0nVJvw8Hh6g6tTQ94_GtbibT0M2tGibgzMKCIgriJiGFe6eP88ANkjrMHnzYaHAcQAjsVjqwwZRw_FMzoPg2QRJwCNmnO0PtPdBKQhMBr-E9EVUN-BZLXnimzemwd-rirBNcfumAkLWAmAOAEQszshvWazv2hoE7ie47HZ2tVV9mt_goSmtIPkH2f2ooQ49DaBDWtGHQ==	英語配列（US配列）	https://crowdsourcing-pctr.c.yimg.jp/BgIFgYJGVIVv8u0nVJvw8Hh6g6tTQ94_GtbibT0M2tGibgzMKCIgriJiGFe6eP88ANkjrMHnzYaHAcQAjsVjq4nVWzXhUs9ffdQOomiKRcYRukgZQWudcFTJxB0re9c3nFSsKQ-gYIO2yrkwWTx5cUHxJERprdcEyb5QCOaEJckQUdc-HA-jHe-brRcSOUG-03jpgfAqA7wmCgabzhgGiw==	日本語配列（JIS配列）@英語配列（US配列）@その他	「その他」と回答したかたは、以下にキー配列をご記入ください。			日本語配列（JIS配列）		1233400758
7		あなたが今使用しているキーボードのキー配列について教えてください。	日本語配列（JIS配列）##※一般的にはこちらが使用されています。	https://crowdsourcing-pctr.c.yimg.jp/BgIFgYJGVIVv8u0nVJvw8Hh6g6tTQ94_GtbibT0M2tGibgzMKCIgriJiGFe6eP88ANkjrMHnzYaHAcQAjsVjqwwZRw_FMzoPg2QRJwCNmnO0PtPdBKQhMBr-E9EVUN-BZLXnimzemwd-rirBNcfumAkLWAmAOAEQszshvWazv2hoE7ie47HZ2tVV9mt_goSmtIPkH2f2ooQ49DaBDWtGHQ==	英語配列（US配列）	https://crowdsourcing-pctr.c.yimg.jp/BgIFgYJGVIVv8u0nVJvw8Hh6g6tTQ94_GtbibT0M2tGibgzMKCIgriJiGFe6eP88ANkjrMHnzYaHAcQAjsVjq4nVWzXhUs9ffdQOomiKRcYRukgZQWudcFTJxB0re9c3nFSsKQ-gYIO2yrkwWTx5cUHxJERprdcEyb5QCOaEJckQUdc-HA-jHe-brRcSOUG-03jpgfAqA7wmCgabzhgGiw==	日本語配列（JIS配列）@英語配列（US配列）@その他	「その他」と回答したかたは、以下にキー配列をご記入ください。			日本語配列（JIS配列）		1233455517
7		あなたが今使用しているキーボードのキー配列について教えてください。	日本語配列（JIS配列）##※一般的にはこちらが使用されています。	https://crowdsourcing-pctr.c.yimg.jp/BgIFgYJGVIVv8u0nVJvw8Hh6g6tTQ94_GtbibT0M2tGibgzMKCIgriJiGFe6eP88ANkjrMHnzYaHAcQAjsVjqwwZRw_FMzoPg2QRJwCNmnO0PtPdBKQhMBr-E9EVUN-BZLXnimzemwd-rirBNcfumAkLWAmAOAEQszshvWazv2hoE7ie47HZ2tVV9mt_goSmtIPkH2f2ooQ49DaBDWtGHQ==	英語配列（US配列）	https://crowdsourcing-pctr.c.yimg.jp/BgIFgYJGVIVv8u0nVJvw8Hh6g6tTQ94_GtbibT0M2tGibgzMKCIgriJiGFe6eP88ANkjrMHnzYaHAcQAjsVjq4nVWzXhUs9ffdQOomiKRcYRukgZQWudcFTJxB0re9c3nFSsKQ-gYIO2yrkwWTx5cUHxJERprdcEyb5QCOaEJckQUdc-HA-jHe-brRcSOUG-03jpgfAqA7wmCgabzhgGiw==	日本語配列（JIS配列）@英語配列（US配列）@その他	「その他」と回答したかたは、以下にキー配列をご記入ください。			日本語配列（JIS配列）		1233480837
7		あなたが今使用しているキーボードのキー配列について教えてください。	日本語配列（JIS配列）##※一般的にはこちらが使用されています。	https://crowdsourcing-pctr.c.yimg.jp/BgIFgYJGVIVv8u0nVJvw8Hh6g6tTQ94_GtbibT0M2tGibgzMKCIgriJiGFe6eP88ANkjrMHnzYaHAcQAjsVjqwwZRw_FMzoPg2QRJwCNmnO0PtPdBKQhMBr-E9EVUN-BZLXnimzemwd-rirBNcfumAkLWAmAOAEQszshvWazv2hoE7ie47HZ2tVV9mt_goSmtIPkH2f2ooQ49DaBDWtGHQ==	英語配列（US配列）	https://crowdsourcing-pctr.c.yimg.jp/BgIFgYJGVIVv8u0nVJvw8Hh6g6tTQ94_GtbibT0M2tGibgzMKCIgriJiGFe6eP88ANkjrMHnzYaHAcQAjsVjq4nVWzXhUs9ffdQOomiKRcYRukgZQWudcFTJxB0re9c3nFSsKQ-gYIO2yrkwWTx5cUHxJERprdcEyb5QCOaEJckQUdc-HA-jHe-brRcSOUG-03jpgfAqA7wmCgabzhgGiw==	日本語配列（JIS配列）@英語配列（US配列）@その他	「その他」と回答したかたは、以下にキー配列をご記入ください。			日本語配列（JIS配列）		1234062932
7		あなたが今使用しているキーボードのキー配列について教えてください。	日本語配列（JIS配列）##※一般的にはこちらが使用されています。	https://crowdsourcing-pctr.c.yimg.jp/BgIFgYJGVIVv8u0nVJvw8Hh6g6tTQ94_GtbibT0M2tGibgzMKCIgriJiGFe6eP88ANkjrMHnzYaHAcQAjsVjqwwZRw_FMzoPg2QRJwCNmnO0PtPdBKQhMBr-E9EVUN-BZLXnimzemwd-rirBNcfumAkLWAmAOAEQszshvWazv2hoE7ie47HZ2tVV9mt_goSmtIPkH2f2ooQ49DaBDWtGHQ==	英語配列（US配列）	https://crowdsourcing-pctr.c.yimg.jp/BgIFgYJGVIVv8u0nVJvw8Hh6g6tTQ94_GtbibT0M2tGibgzMKCIgriJiGFe6eP88ANkjrMHnzYaHAcQAjsVjq4nVWzXhUs9ffdQOomiKRcYRukgZQWudcFTJxB0re9c3nFSsKQ-gYIO2yrkwWTx5cUHxJERprdcEyb5QCOaEJckQUdc-HA-jHe-brRcSOUG-03jpgfAqA7wmCgabzhgGiw==	日本語配列（JIS配列）@英語配列（US配列）@その他	「その他」と回答したかたは、以下にキー配列をご記入ください。			日本語配列（JIS配列）		1234422726
7		あなたが今使用しているキーボードのキー配列について教えてください。	日本語配列（JIS配列）##※一般的にはこちらが使用されています。	https://crowdsourcing-pctr.c.yimg.jp/BgIFgYJGVIVv8u0nVJvw8Hh6g6tTQ94_GtbibT0M2tGibgzMKCIgriJiGFe6eP88ANkjrMHnzYaHAcQAjsVjqwwZRw_FMzoPg2QRJwCNmnO0PtPdBKQhMBr-E9EVUN-BZLXnimzemwd-rirBNcfumAkLWAmAOAEQszshvWazv2hoE7ie47HZ2tVV9mt_goSmtIPkH2f2ooQ49DaBDWtGHQ==	英語配列（US配列）	https://crowdsourcing-pctr.c.yimg.jp/BgIFgYJGVIVv8u0nVJvw8Hh6g6tTQ94_GtbibT0M2tGibgzMKCIgriJiGFe6eP88ANkjrMHnzYaHAcQAjsVjq4nVWzXhUs9ffdQOomiKRcYRukgZQWudcFTJxB0re9c3nFSsKQ-gYIO2yrkwWTx5cUHxJERprdcEyb5QCOaEJckQUdc-HA-jHe-brRcSOUG-03jpgfAqA7wmCgabzhgGiw==	日本語配列（JIS配列）@英語配列（US配列）@その他	「その他」と回答したかたは、以下にキー配列をご記入ください。			日本語配列（JIS配列）		1234512071
7		あなたが今使用しているキーボードのキー配列について教えてください。	日本語配列（JIS配列）##※一般的にはこちらが使用されています。	https://crowdsourcing-pctr.c.yimg.jp/BgIFgYJGVIVv8u0nVJvw8Hh6g6tTQ94_GtbibT0M2tGibgzMKCIgriJiGFe6eP88ANkjrMHnzYaHAcQAjsVjqwwZRw_FMzoPg2QRJwCNmnO0PtPdBKQhMBr-E9EVUN-BZLXnimzemwd-rirBNcfumAkLWAmAOAEQszshvWazv2hoE7ie47HZ2tVV9mt_goSmtIPkH2f2ooQ49DaBDWtGHQ==	英語配列（US配列）	https://crowdsourcing-pctr.c.yimg.jp/BgIFgYJGVIVv8u0nVJvw8Hh6g6tTQ94_GtbibT0M2tGibgzMKCIgriJiGFe6eP88ANkjrMHnzYaHAcQAjsVjq4nVWzXhUs9ffdQOomiKRcYRukgZQWudcFTJxB0re9c3nFSsKQ-gYIO2yrkwWTx5cUHxJERprdcEyb5QCOaEJckQUdc-HA-jHe-brRcSOUG-03jpgfAqA7wmCgabzhgGiw==	日本語配列（JIS配列）@英語配列（US配列）@その他	「その他」と回答したかたは、以下にキー配列をご記入ください。			日本語配列（JIS配列）		1234857524
7		あなたが今使用しているキーボードのキー配列について教えてください。	日本語配列（JIS配列）##※一般的にはこちらが使用されています。	https://crowdsourcing-pctr.c.yimg.jp/BgIFgYJGVIVv8u0nVJvw8Hh6g6tTQ94_GtbibT0M2tGibgzMKCIgriJiGFe6eP88ANkjrMHnzYaHAcQAjsVjqwwZRw_FMzoPg2QRJwCNmnO0PtPdBKQhMBr-E9EVUN-BZLXnimzemwd-rirBNcfumAkLWAmAOAEQszshvWazv2hoE7ie47HZ2tVV9mt_goSmtIPkH2f2ooQ49DaBDWtGHQ==	英語配列（US配列）	https://crowdsourcing-pctr.c.yimg.jp/BgIFgYJGVIVv8u0nVJvw8Hh6g6tTQ94_GtbibT0M2tGibgzMKCIgriJiGFe6eP88ANkjrMHnzYaHAcQAjsVjq4nVWzXhUs9ffdQOomiKRcYRukgZQWudcFTJxB0re9c3nFSsKQ-gYIO2yrkwWTx5cUHxJERprdcEyb5QCOaEJckQUdc-HA-jHe-brRcSOUG-03jpgfAqA7wmCgabzhgGiw==	日本語配列（JIS配列）@英語配列（US配列）@その他	「その他」と回答したかたは、以下にキー配列をご記入ください。			日本語配列（JIS配列）		1235000129
7		あなたが今使用しているキーボードのキー配列について教えてください。	日本語配列（JIS配列）##※一般的にはこちらが使用されています。	https://crowdsourcing-pctr.c.yimg.jp/BgIFgYJGVIVv8u0nVJvw8Hh6g6tTQ94_GtbibT0M2tGibgzMKCIgriJiGFe6eP88ANkjrMHnzYaHAcQAjsVjqwwZRw_FMzoPg2QRJwCNmnO0PtPdBKQhMBr-E9EVUN-BZLXnimzemwd-rirBNcfumAkLWAmAOAEQszshvWazv2hoE7ie47HZ2tVV9mt_goSmtIPkH2f2ooQ49DaBDWtGHQ==	英語配列（US配列）	https://crowdsourcing-pctr.c.yimg.jp/BgIFgYJGVIVv8u0nVJvw8Hh6g6tTQ94_GtbibT0M2tGibgzMKCIgriJiGFe6eP88ANkjrMHnzYaHAcQAjsVjq4nVWzXhUs9ffdQOomiKRcYRukgZQWudcFTJxB0re9c3nFSsKQ-gYIO2yrkwWTx5cUHxJERprdcEyb5QCOaEJckQUdc-HA-jHe-brRcSOUG-03jpgfAqA7wmCgabzhgGiw==	日本語配列（JIS配列）@英語配列（US配列）@その他	「その他」と回答したかたは、以下にキー配列をご記入ください。			日本語配列（JIS配列）		1235436623
7		あなたが今使用しているキーボードのキー配列について教えてください。	日本語配列（JIS配列）##※一般的にはこちらが使用されています。	https://crowdsourcing-pctr.c.yimg.jp/BgIFgYJGVIVv8u0nVJvw8Hh6g6tTQ94_GtbibT0M2tGibgzMKCIgriJiGFe6eP88ANkjrMHnzYaHAcQAjsVjqwwZRw_FMzoPg2QRJwCNmnO0PtPdBKQhMBr-E9EVUN-BZLXnimzemwd-rirBNcfumAkLWAmAOAEQszshvWazv2hoE7ie47HZ2tVV9mt_goSmtIPkH2f2ooQ49DaBDWtGHQ==	英語配列（US配列）	https://crowdsourcing-pctr.c.yimg.jp/BgIFgYJGVIVv8u0nVJvw8Hh6g6tTQ94_GtbibT0M2tGibgzMKCIgriJiGFe6eP88ANkjrMHnzYaHAcQAjsVjq4nVWzXhUs9ffdQOomiKRcYRukgZQWudcFTJxB0re9c3nFSsKQ-gYIO2yrkwWTx5cUHxJERprdcEyb5QCOaEJckQUdc-HA-jHe-brRcSOUG-03jpgfAqA7wmCgabzhgGiw==	日本語配列（JIS配列）@英語配列（US配列）@その他	「その他」と回答したかたは、以下にキー配列をご記入ください。			日本語配列（JIS配列）		1235777464
7		あなたが今使用しているキーボードのキー配列について教えてください。	日本語配列（JIS配列）##※一般的にはこちらが使用されています。	https://crowdsourcing-pctr.c.yimg.jp/BgIFgYJGVIVv8u0nVJvw8Hh6g6tTQ94_GtbibT0M2tGibgzMKCIgriJiGFe6eP88ANkjrMHnzYaHAcQAjsVjqwwZRw_FMzoPg2QRJwCNmnO0PtPdBKQhMBr-E9EVUN-BZLXnimzemwd-rirBNcfumAkLWAmAOAEQszshvWazv2hoE7ie47HZ2tVV9mt_goSmtIPkH2f2ooQ49DaBDWtGHQ==	英語配列（US配列）	https://crowdsourcing-pctr.c.yimg.jp/BgIFgYJGVIVv8u0nVJvw8Hh6g6tTQ94_GtbibT0M2tGibgzMKCIgriJiGFe6eP88ANkjrMHnzYaHAcQAjsVjq4nVWzXhUs9ffdQOomiKRcYRukgZQWudcFTJxB0re9c3nFSsKQ-gYIO2yrkwWTx5cUHxJERprdcEyb5QCOaEJckQUdc-HA-jHe-brRcSOUG-03jpgfAqA7wmCgabzhgGiw==	日本語配列（JIS配列）@英語配列（US配列）@その他	「その他」と回答したかたは、以下にキー配列をご記入ください。			日本語配列（JIS配列）		1235974099
7		あなたが今使用しているキーボードのキー配列について教えてください。	日本語配列（JIS配列）##※一般的にはこちらが使用されています。	https://crowdsourcing-pctr.c.yimg.jp/BgIFgYJGVIVv8u0nVJvw8Hh6g6tTQ94_GtbibT0M2tGibgzMKCIgriJiGFe6eP88ANkjrMHnzYaHAcQAjsVjqwwZRw_FMzoPg2QRJwCNmnO0PtPdBKQhMBr-E9EVUN-BZLXnimzemwd-rirBNcfumAkLWAmAOAEQszshvWazv2hoE7ie47HZ2tVV9mt_goSmtIPkH2f2ooQ49DaBDWtGHQ==	英語配列（US配列）	https://crowdsourcing-pctr.c.yimg.jp/BgIFgYJGVIVv8u0nVJvw8Hh6g6tTQ94_GtbibT0M2tGibgzMKCIgriJiGFe6eP88ANkjrMHnzYaHAcQAjsVjq4nVWzXhUs9ffdQOomiKRcYRukgZQWudcFTJxB0re9c3nFSsKQ-gYIO2yrkwWTx5cUHxJERprdcEyb5QCOaEJckQUdc-HA-jHe-brRcSOUG-03jpgfAqA7wmCgabzhgGiw==	日本語配列（JIS配列）@英語配列（US配列）@その他	「その他」と回答したかたは、以下にキー配列をご記入ください。			日本語配列（JIS配列）		1236284816
7		あなたが今使用しているキーボードのキー配列について教えてください。	日本語配列（JIS配列）##※一般的にはこちらが使用されています。	https://crowdsourcing-pctr.c.yimg.jp/BgIFgYJGVIVv8u0nVJvw8Hh6g6tTQ94_GtbibT0M2tGibgzMKCIgriJiGFe6eP88ANkjrMHnzYaHAcQAjsVjqwwZRw_FMzoPg2QRJwCNmnO0PtPdBKQhMBr-E9EVUN-BZLXnimzemwd-rirBNcfumAkLWAmAOAEQszshvWazv2hoE7ie47HZ2tVV9mt_goSmtIPkH2f2ooQ49DaBDWtGHQ==	英語配列（US配列）	https://crowdsourcing-pctr.c.yimg.jp/BgIFgYJGVIVv8u0nVJvw8Hh6g6tTQ94_GtbibT0M2tGibgzMKCIgriJiGFe6eP88ANkjrMHnzYaHAcQAjsVjq4nVWzXhUs9ffdQOomiKRcYRukgZQWudcFTJxB0re9c3nFSsKQ-gYIO2yrkwWTx5cUHxJERprdcEyb5QCOaEJckQUdc-HA-jHe-brRcSOUG-03jpgfAqA7wmCgabzhgGiw==	日本語配列（JIS配列）@英語配列（US配列）@その他	「その他」と回答したかたは、以下にキー配列をご記入ください。			日本語配列（JIS配列）		1236300194
7		あなたが今使用しているキーボードのキー配列について教えてください。	日本語配列（JIS配列）##※一般的にはこちらが使用されています。	https://crowdsourcing-pctr.c.yimg.jp/BgIFgYJGVIVv8u0nVJvw8Hh6g6tTQ94_GtbibT0M2tGibgzMKCIgriJiGFe6eP88ANkjrMHnzYaHAcQAjsVjqwwZRw_FMzoPg2QRJwCNmnO0PtPdBKQhMBr-E9EVUN-BZLXnimzemwd-rirBNcfumAkLWAmAOAEQszshvWazv2hoE7ie47HZ2tVV9mt_goSmtIPkH2f2ooQ49DaBDWtGHQ==	英語配列（US配列）	https://crowdsourcing-pctr.c.yimg.jp/BgIFgYJGVIVv8u0nVJvw8Hh6g6tTQ94_GtbibT0M2tGibgzMKCIgriJiGFe6eP88ANkjrMHnzYaHAcQAjsVjq4nVWzXhUs9ffdQOomiKRcYRukgZQWudcFTJxB0re9c3nFSsKQ-gYIO2yrkwWTx5cUHxJERprdcEyb5QCOaEJckQUdc-HA-jHe-brRcSOUG-03jpgfAqA7wmCgabzhgGiw==	日本語配列（JIS配列）@英語配列（US配列）@その他	「その他」と回答したかたは、以下にキー配列をご記入ください。			日本語配列（JIS配列）		1236346868
7		あなたが今使用しているキーボードのキー配列について教えてください。	日本語配列（JIS配列）##※一般的にはこちらが使用されています。	https://crowdsourcing-pctr.c.yimg.jp/BgIFgYJGVIVv8u0nVJvw8Hh6g6tTQ94_GtbibT0M2tGibgzMKCIgriJiGFe6eP88ANkjrMHnzYaHAcQAjsVjqwwZRw_FMzoPg2QRJwCNmnO0PtPdBKQhMBr-E9EVUN-BZLXnimzemwd-rirBNcfumAkLWAmAOAEQszshvWazv2hoE7ie47HZ2tVV9mt_goSmtIPkH2f2ooQ49DaBDWtGHQ==	英語配列（US配列）	https://crowdsourcing-pctr.c.yimg.jp/BgIFgYJGVIVv8u0nVJvw8Hh6g6tTQ94_GtbibT0M2tGibgzMKCIgriJiGFe6eP88ANkjrMHnzYaHAcQAjsVjq4nVWzXhUs9ffdQOomiKRcYRukgZQWudcFTJxB0re9c3nFSsKQ-gYIO2yrkwWTx5cUHxJERprdcEyb5QCOaEJckQUdc-HA-jHe-brRcSOUG-03jpgfAqA7wmCgabzhgGiw==	日本語配列（JIS配列）@英語配列（US配列）@その他	「その他」と回答したかたは、以下にキー配列をご記入ください。			日本語配列（JIS配列）		1236689076
7		あなたが今使用しているキーボードのキー配列について教えてください。	日本語配列（JIS配列）##※一般的にはこちらが使用されています。	https://crowdsourcing-pctr.c.yimg.jp/BgIFgYJGVIVv8u0nVJvw8Hh6g6tTQ94_GtbibT0M2tGibgzMKCIgriJiGFe6eP88ANkjrMHnzYaHAcQAjsVjqwwZRw_FMzoPg2QRJwCNmnO0PtPdBKQhMBr-E9EVUN-BZLXnimzemwd-rirBNcfumAkLWAmAOAEQszshvWazv2hoE7ie47HZ2tVV9mt_goSmtIPkH2f2ooQ49DaBDWtGHQ==	英語配列（US配列）	https://crowdsourcing-pctr.c.yimg.jp/BgIFgYJGVIVv8u0nVJvw8Hh6g6tTQ94_GtbibT0M2tGibgzMKCIgriJiGFe6eP88ANkjrMHnzYaHAcQAjsVjq4nVWzXhUs9ffdQOomiKRcYRukgZQWudcFTJxB0re9c3nFSsKQ-gYIO2yrkwWTx5cUHxJERprdcEyb5QCOaEJckQUdc-HA-jHe-brRcSOUG-03jpgfAqA7wmCgabzhgGiw==	日本語配列（JIS配列）@英語配列（US配列）@その他	「その他」と回答したかたは、以下にキー配列をご記入ください。			日本語配列（JIS配列）		1237066615
7		あなたが今使用しているキーボードのキー配列について教えてください。	日本語配列（JIS配列）##※一般的にはこちらが使用されています。	https://crowdsourcing-pctr.c.yimg.jp/BgIFgYJGVIVv8u0nVJvw8Hh6g6tTQ94_GtbibT0M2tGibgzMKCIgriJiGFe6eP88ANkjrMHnzYaHAcQAjsVjqwwZRw_FMzoPg2QRJwCNmnO0PtPdBKQhMBr-E9EVUN-BZLXnimzemwd-rirBNcfumAkLWAmAOAEQszshvWazv2hoE7ie47HZ2tVV9mt_goSmtIPkH2f2ooQ49DaBDWtGHQ==	英語配列（US配列）	https://crowdsourcing-pctr.c.yimg.jp/BgIFgYJGVIVv8u0nVJvw8Hh6g6tTQ94_GtbibT0M2tGibgzMKCIgriJiGFe6eP88ANkjrMHnzYaHAcQAjsVjq4nVWzXhUs9ffdQOomiKRcYRukgZQWudcFTJxB0re9c3nFSsKQ-gYIO2yrkwWTx5cUHxJERprdcEyb5QCOaEJckQUdc-HA-jHe-brRcSOUG-03jpgfAqA7wmCgabzhgGiw==	日本語配列（JIS配列）@英語配列（US配列）@その他	「その他」と回答したかたは、以下にキー配列をご記入ください。			日本語配列（JIS配列）		1237281878
7		あなたが今使用しているキーボードのキー配列について教えてください。	日本語配列（JIS配列）##※一般的にはこちらが使用されています。	https://crowdsourcing-pctr.c.yimg.jp/BgIFgYJGVIVv8u0nVJvw8Hh6g6tTQ94_GtbibT0M2tGibgzMKCIgriJiGFe6eP88ANkjrMHnzYaHAcQAjsVjqwwZRw_FMzoPg2QRJwCNmnO0PtPdBKQhMBr-E9EVUN-BZLXnimzemwd-rirBNcfumAkLWAmAOAEQszshvWazv2hoE7ie47HZ2tVV9mt_goSmtIPkH2f2ooQ49DaBDWtGHQ==	英語配列（US配列）	https://crowdsourcing-pctr.c.yimg.jp/BgIFgYJGVIVv8u0nVJvw8Hh6g6tTQ94_GtbibT0M2tGibgzMKCIgriJiGFe6eP88ANkjrMHnzYaHAcQAjsVjq4nVWzXhUs9ffdQOomiKRcYRukgZQWudcFTJxB0re9c3nFSsKQ-gYIO2yrkwWTx5cUHxJERprdcEyb5QCOaEJckQUdc-HA-jHe-brRcSOUG-03jpgfAqA7wmCgabzhgGiw==	日本語配列（JIS配列）@英語配列（US配列）@その他	「その他」と回答したかたは、以下にキー配列をご記入ください。			日本語配列（JIS配列）		1237410516
7		あなたが今使用しているキーボードのキー配列について教えてください。	日本語配列（JIS配列）##※一般的にはこちらが使用されています。	https://crowdsourcing-pctr.c.yimg.jp/BgIFgYJGVIVv8u0nVJvw8Hh6g6tTQ94_GtbibT0M2tGibgzMKCIgriJiGFe6eP88ANkjrMHnzYaHAcQAjsVjqwwZRw_FMzoPg2QRJwCNmnO0PtPdBKQhMBr-E9EVUN-BZLXnimzemwd-rirBNcfumAkLWAmAOAEQszshvWazv2hoE7ie47HZ2tVV9mt_goSmtIPkH2f2ooQ49DaBDWtGHQ==	英語配列（US配列）	https://crowdsourcing-pctr.c.yimg.jp/BgIFgYJGVIVv8u0nVJvw8Hh6g6tTQ94_GtbibT0M2tGibgzMKCIgriJiGFe6eP88ANkjrMHnzYaHAcQAjsVjq4nVWzXhUs9ffdQOomiKRcYRukgZQWudcFTJxB0re9c3nFSsKQ-gYIO2yrkwWTx5cUHxJERprdcEyb5QCOaEJckQUdc-HA-jHe-brRcSOUG-03jpgfAqA7wmCgabzhgGiw==	日本語配列（JIS配列）@英語配列（US配列）@その他	「その他」と回答したかたは、以下にキー配列をご記入ください。			日本語配列（JIS配列）		1237586190
7		あなたが今使用しているキーボードのキー配列について教えてください。	日本語配列（JIS配列）##※一般的にはこちらが使用されています。	https://crowdsourcing-pctr.c.yimg.jp/BgIFgYJGVIVv8u0nVJvw8Hh6g6tTQ94_GtbibT0M2tGibgzMKCIgriJiGFe6eP88ANkjrMHnzYaHAcQAjsVjqwwZRw_FMzoPg2QRJwCNmnO0PtPdBKQhMBr-E9EVUN-BZLXnimzemwd-rirBNcfumAkLWAmAOAEQszshvWazv2hoE7ie47HZ2tVV9mt_goSmtIPkH2f2ooQ49DaBDWtGHQ==	英語配列（US配列）	https://crowdsourcing-pctr.c.yimg.jp/BgIFgYJGVIVv8u0nVJvw8Hh6g6tTQ94_GtbibT0M2tGibgzMKCIgriJiGFe6eP88ANkjrMHnzYaHAcQAjsVjq4nVWzXhUs9ffdQOomiKRcYRukgZQWudcFTJxB0re9c3nFSsKQ-gYIO2yrkwWTx5cUHxJERprdcEyb5QCOaEJckQUdc-HA-jHe-brRcSOUG-03jpgfAqA7wmCgabzhgGiw==	日本語配列（JIS配列）@英語配列（US配列）@その他	「その他」と回答したかたは、以下にキー配列をご記入ください。			日本語配列（JIS配列）		1237654803
7		あなたが今使用しているキーボードのキー配列について教えてください。	日本語配列（JIS配列）##※一般的にはこちらが使用されています。	https://crowdsourcing-pctr.c.yimg.jp/BgIFgYJGVIVv8u0nVJvw8Hh6g6tTQ94_GtbibT0M2tGibgzMKCIgriJiGFe6eP88ANkjrMHnzYaHAcQAjsVjqwwZRw_FMzoPg2QRJwCNmnO0PtPdBKQhMBr-E9EVUN-BZLXnimzemwd-rirBNcfumAkLWAmAOAEQszshvWazv2hoE7ie47HZ2tVV9mt_goSmtIPkH2f2ooQ49DaBDWtGHQ==	英語配列（US配列）	https://crowdsourcing-pctr.c.yimg.jp/BgIFgYJGVIVv8u0nVJvw8Hh6g6tTQ94_GtbibT0M2tGibgzMKCIgriJiGFe6eP88ANkjrMHnzYaHAcQAjsVjq4nVWzXhUs9ffdQOomiKRcYRukgZQWudcFTJxB0re9c3nFSsKQ-gYIO2yrkwWTx5cUHxJERprdcEyb5QCOaEJckQUdc-HA-jHe-brRcSOUG-03jpgfAqA7wmCgabzhgGiw==	日本語配列（JIS配列）@英語配列（US配列）@その他	「その他」と回答したかたは、以下にキー配列をご記入ください。			日本語配列（JIS配列）		1237669848
7		あなたが今使用しているキーボードのキー配列について教えてください。	日本語配列（JIS配列）##※一般的にはこちらが使用されています。	https://crowdsourcing-pctr.c.yimg.jp/BgIFgYJGVIVv8u0nVJvw8Hh6g6tTQ94_GtbibT0M2tGibgzMKCIgriJiGFe6eP88ANkjrMHnzYaHAcQAjsVjqwwZRw_FMzoPg2QRJwCNmnO0PtPdBKQhMBr-E9EVUN-BZLXnimzemwd-rirBNcfumAkLWAmAOAEQszshvWazv2hoE7ie47HZ2tVV9mt_goSmtIPkH2f2ooQ49DaBDWtGHQ==	英語配列（US配列）	https://crowdsourcing-pctr.c.yimg.jp/BgIFgYJGVIVv8u0nVJvw8Hh6g6tTQ94_GtbibT0M2tGibgzMKCIgriJiGFe6eP88ANkjrMHnzYaHAcQAjsVjq4nVWzXhUs9ffdQOomiKRcYRukgZQWudcFTJxB0re9c3nFSsKQ-gYIO2yrkwWTx5cUHxJERprdcEyb5QCOaEJckQUdc-HA-jHe-brRcSOUG-03jpgfAqA7wmCgabzhgGiw==	日本語配列（JIS配列）@英語配列（US配列）@その他	「その他」と回答したかたは、以下にキー配列をご記入ください。			英語配列（US配列）		1237800822
7		あなたが今使用しているキーボードのキー配列について教えてください。	日本語配列（JIS配列）##※一般的にはこちらが使用されています。	https://crowdsourcing-pctr.c.yimg.jp/BgIFgYJGVIVv8u0nVJvw8Hh6g6tTQ94_GtbibT0M2tGibgzMKCIgriJiGFe6eP88ANkjrMHnzYaHAcQAjsVjqwwZRw_FMzoPg2QRJwCNmnO0PtPdBKQhMBr-E9EVUN-BZLXnimzemwd-rirBNcfumAkLWAmAOAEQszshvWazv2hoE7ie47HZ2tVV9mt_goSmtIPkH2f2ooQ49DaBDWtGHQ==	英語配列（US配列）	https://crowdsourcing-pctr.c.yimg.jp/BgIFgYJGVIVv8u0nVJvw8Hh6g6tTQ94_GtbibT0M2tGibgzMKCIgriJiGFe6eP88ANkjrMHnzYaHAcQAjsVjq4nVWzXhUs9ffdQOomiKRcYRukgZQWudcFTJxB0re9c3nFSsKQ-gYIO2yrkwWTx5cUHxJERprdcEyb5QCOaEJckQUdc-HA-jHe-brRcSOUG-03jpgfAqA7wmCgabzhgGiw==	日本語配列（JIS配列）@英語配列（US配列）@その他	「その他」と回答したかたは、以下にキー配列をご記入ください。			日本語配列（JIS配列）		1237827097
7		あなたが今使用しているキーボードのキー配列について教えてください。	日本語配列（JIS配列）##※一般的にはこちらが使用されています。	https://crowdsourcing-pctr.c.yimg.jp/BgIFgYJGVIVv8u0nVJvw8Hh6g6tTQ94_GtbibT0M2tGibgzMKCIgriJiGFe6eP88ANkjrMHnzYaHAcQAjsVjqwwZRw_FMzoPg2QRJwCNmnO0PtPdBKQhMBr-E9EVUN-BZLXnimzemwd-rirBNcfumAkLWAmAOAEQszshvWazv2hoE7ie47HZ2tVV9mt_goSmtIPkH2f2ooQ49DaBDWtGHQ==	英語配列（US配列）	https://crowdsourcing-pctr.c.yimg.jp/BgIFgYJGVIVv8u0nVJvw8Hh6g6tTQ94_GtbibT0M2tGibgzMKCIgriJiGFe6eP88ANkjrMHnzYaHAcQAjsVjq4nVWzXhUs9ffdQOomiKRcYRukgZQWudcFTJxB0re9c3nFSsKQ-gYIO2yrkwWTx5cUHxJERprdcEyb5QCOaEJckQUdc-HA-jHe-brRcSOUG-03jpgfAqA7wmCgabzhgGiw==	日本語配列（JIS配列）@英語配列（US配列）@その他	「その他」と回答したかたは、以下にキー配列をご記入ください。			日本語配列（JIS配列）		1237836770
7		あなたが今使用しているキーボードのキー配列について教えてください。	日本語配列（JIS配列）##※一般的にはこちらが使用されています。	https://crowdsourcing-pctr.c.yimg.jp/BgIFgYJGVIVv8u0nVJvw8Hh6g6tTQ94_GtbibT0M2tGibgzMKCIgriJiGFe6eP88ANkjrMHnzYaHAcQAjsVjqwwZRw_FMzoPg2QRJwCNmnO0PtPdBKQhMBr-E9EVUN-BZLXnimzemwd-rirBNcfumAkLWAmAOAEQszshvWazv2hoE7ie47HZ2tVV9mt_goSmtIPkH2f2ooQ49DaBDWtGHQ==	英語配列（US配列）	https://crowdsourcing-pctr.c.yimg.jp/BgIFgYJGVIVv8u0nVJvw8Hh6g6tTQ94_GtbibT0M2tGibgzMKCIgriJiGFe6eP88ANkjrMHnzYaHAcQAjsVjq4nVWzXhUs9ffdQOomiKRcYRukgZQWudcFTJxB0re9c3nFSsKQ-gYIO2yrkwWTx5cUHxJERprdcEyb5QCOaEJckQUdc-HA-jHe-brRcSOUG-03jpgfAqA7wmCgabzhgGiw==	日本語配列（JIS配列）@英語配列（US配列）@その他	「その他」と回答したかたは、以下にキー配列をご記入ください。			日本語配列（JIS配列）		1237906285
7		あなたが今使用しているキーボードのキー配列について教えてください。	日本語配列（JIS配列）##※一般的にはこちらが使用されています。	https://crowdsourcing-pctr.c.yimg.jp/BgIFgYJGVIVv8u0nVJvw8Hh6g6tTQ94_GtbibT0M2tGibgzMKCIgriJiGFe6eP88ANkjrMHnzYaHAcQAjsVjqwwZRw_FMzoPg2QRJwCNmnO0PtPdBKQhMBr-E9EVUN-BZLXnimzemwd-rirBNcfumAkLWAmAOAEQszshvWazv2hoE7ie47HZ2tVV9mt_goSmtIPkH2f2ooQ49DaBDWtGHQ==	英語配列（US配列）	https://crowdsourcing-pctr.c.yimg.jp/BgIFgYJGVIVv8u0nVJvw8Hh6g6tTQ94_GtbibT0M2tGibgzMKCIgriJiGFe6eP88ANkjrMHnzYaHAcQAjsVjq4nVWzXhUs9ffdQOomiKRcYRukgZQWudcFTJxB0re9c3nFSsKQ-gYIO2yrkwWTx5cUHxJERprdcEyb5QCOaEJckQUdc-HA-jHe-brRcSOUG-03jpgfAqA7wmCgabzhgGiw==	日本語配列（JIS配列）@英語配列（US配列）@その他	「その他」と回答したかたは、以下にキー配列をご記入ください。			英語配列（US配列）		1237913367
7		あなたが今使用しているキーボードのキー配列について教えてください。	日本語配列（JIS配列）##※一般的にはこちらが使用されています。	https://crowdsourcing-pctr.c.yimg.jp/BgIFgYJGVIVv8u0nVJvw8Hh6g6tTQ94_GtbibT0M2tGibgzMKCIgriJiGFe6eP88ANkjrMHnzYaHAcQAjsVjqwwZRw_FMzoPg2QRJwCNmnO0PtPdBKQhMBr-E9EVUN-BZLXnimzemwd-rirBNcfumAkLWAmAOAEQszshvWazv2hoE7ie47HZ2tVV9mt_goSmtIPkH2f2ooQ49DaBDWtGHQ==	英語配列（US配列）	https://crowdsourcing-pctr.c.yimg.jp/BgIFgYJGVIVv8u0nVJvw8Hh6g6tTQ94_GtbibT0M2tGibgzMKCIgriJiGFe6eP88ANkjrMHnzYaHAcQAjsVjq4nVWzXhUs9ffdQOomiKRcYRukgZQWudcFTJxB0re9c3nFSsKQ-gYIO2yrkwWTx5cUHxJERprdcEyb5QCOaEJckQUdc-HA-jHe-brRcSOUG-03jpgfAqA7wmCgabzhgGiw==	日本語配列（JIS配列）@英語配列（US配列）@その他	「その他」と回答したかたは、以下にキー配列をご記入ください。			日本語配列（JIS配列）		1238103947
7		あなたが今使用しているキーボードのキー配列について教えてください。	日本語配列（JIS配列）##※一般的にはこちらが使用されています。	https://crowdsourcing-pctr.c.yimg.jp/BgIFgYJGVIVv8u0nVJvw8Hh6g6tTQ94_GtbibT0M2tGibgzMKCIgriJiGFe6eP88ANkjrMHnzYaHAcQAjsVjqwwZRw_FMzoPg2QRJwCNmnO0PtPdBKQhMBr-E9EVUN-BZLXnimzemwd-rirBNcfumAkLWAmAOAEQszshvWazv2hoE7ie47HZ2tVV9mt_goSmtIPkH2f2ooQ49DaBDWtGHQ==	英語配列（US配列）	https://crowdsourcing-pctr.c.yimg.jp/BgIFgYJGVIVv8u0nVJvw8Hh6g6tTQ94_GtbibT0M2tGibgzMKCIgriJiGFe6eP88ANkjrMHnzYaHAcQAjsVjq4nVWzXhUs9ffdQOomiKRcYRukgZQWudcFTJxB0re9c3nFSsKQ-gYIO2yrkwWTx5cUHxJERprdcEyb5QCOaEJckQUdc-HA-jHe-brRcSOUG-03jpgfAqA7wmCgabzhgGiw==	日本語配列（JIS配列）@英語配列（US配列）@その他	「その他」と回答したかたは、以下にキー配列をご記入ください。			日本語配列（JIS配列）		1238717867
7		あなたが今使用しているキーボードのキー配列について教えてください。	日本語配列（JIS配列）##※一般的にはこちらが使用されています。	https://crowdsourcing-pctr.c.yimg.jp/BgIFgYJGVIVv8u0nVJvw8Hh6g6tTQ94_GtbibT0M2tGibgzMKCIgriJiGFe6eP88ANkjrMHnzYaHAcQAjsVjqwwZRw_FMzoPg2QRJwCNmnO0PtPdBKQhMBr-E9EVUN-BZLXnimzemwd-rirBNcfumAkLWAmAOAEQszshvWazv2hoE7ie47HZ2tVV9mt_goSmtIPkH2f2ooQ49DaBDWtGHQ==	英語配列（US配列）	https://crowdsourcing-pctr.c.yimg.jp/BgIFgYJGVIVv8u0nVJvw8Hh6g6tTQ94_GtbibT0M2tGibgzMKCIgriJiGFe6eP88ANkjrMHnzYaHAcQAjsVjq4nVWzXhUs9ffdQOomiKRcYRukgZQWudcFTJxB0re9c3nFSsKQ-gYIO2yrkwWTx5cUHxJERprdcEyb5QCOaEJckQUdc-HA-jHe-brRcSOUG-03jpgfAqA7wmCgabzhgGiw==	日本語配列（JIS配列）@英語配列（US配列）@その他	「その他」と回答したかたは、以下にキー配列をご記入ください。			日本語配列（JIS配列）		1238744397
7		あなたが今使用しているキーボードのキー配列について教えてください。	日本語配列（JIS配列）##※一般的にはこちらが使用されています。	https://crowdsourcing-pctr.c.yimg.jp/BgIFgYJGVIVv8u0nVJvw8Hh6g6tTQ94_GtbibT0M2tGibgzMKCIgriJiGFe6eP88ANkjrMHnzYaHAcQAjsVjqwwZRw_FMzoPg2QRJwCNmnO0PtPdBKQhMBr-E9EVUN-BZLXnimzemwd-rirBNcfumAkLWAmAOAEQszshvWazv2hoE7ie47HZ2tVV9mt_goSmtIPkH2f2ooQ49DaBDWtGHQ==	英語配列（US配列）	https://crowdsourcing-pctr.c.yimg.jp/BgIFgYJGVIVv8u0nVJvw8Hh6g6tTQ94_GtbibT0M2tGibgzMKCIgriJiGFe6eP88ANkjrMHnzYaHAcQAjsVjq4nVWzXhUs9ffdQOomiKRcYRukgZQWudcFTJxB0re9c3nFSsKQ-gYIO2yrkwWTx5cUHxJERprdcEyb5QCOaEJckQUdc-HA-jHe-brRcSOUG-03jpgfAqA7wmCgabzhgGiw==	日本語配列（JIS配列）@英語配列（US配列）@その他	「その他」と回答したかたは、以下にキー配列をご記入ください。			日本語配列（JIS配列）		1239124266
7		あなたが今使用しているキーボードのキー配列について教えてください。	日本語配列（JIS配列）##※一般的にはこちらが使用されています。	https://crowdsourcing-pctr.c.yimg.jp/BgIFgYJGVIVv8u0nVJvw8Hh6g6tTQ94_GtbibT0M2tGibgzMKCIgriJiGFe6eP88ANkjrMHnzYaHAcQAjsVjqwwZRw_FMzoPg2QRJwCNmnO0PtPdBKQhMBr-E9EVUN-BZLXnimzemwd-rirBNcfumAkLWAmAOAEQszshvWazv2hoE7ie47HZ2tVV9mt_goSmtIPkH2f2ooQ49DaBDWtGHQ==	英語配列（US配列）	https://crowdsourcing-pctr.c.yimg.jp/BgIFgYJGVIVv8u0nVJvw8Hh6g6tTQ94_GtbibT0M2tGibgzMKCIgriJiGFe6eP88ANkjrMHnzYaHAcQAjsVjq4nVWzXhUs9ffdQOomiKRcYRukgZQWudcFTJxB0re9c3nFSsKQ-gYIO2yrkwWTx5cUHxJERprdcEyb5QCOaEJckQUdc-HA-jHe-brRcSOUG-03jpgfAqA7wmCgabzhgGiw==	日本語配列（JIS配列）@英語配列（US配列）@その他	「その他」と回答したかたは、以下にキー配列をご記入ください。			日本語配列（JIS配列）		1239138628
7		あなたが今使用しているキーボードのキー配列について教えてください。	日本語配列（JIS配列）##※一般的にはこちらが使用されています。	https://crowdsourcing-pctr.c.yimg.jp/BgIFgYJGVIVv8u0nVJvw8Hh6g6tTQ94_GtbibT0M2tGibgzMKCIgriJiGFe6eP88ANkjrMHnzYaHAcQAjsVjqwwZRw_FMzoPg2QRJwCNmnO0PtPdBKQhMBr-E9EVUN-BZLXnimzemwd-rirBNcfumAkLWAmAOAEQszshvWazv2hoE7ie47HZ2tVV9mt_goSmtIPkH2f2ooQ49DaBDWtGHQ==	英語配列（US配列）	https://crowdsourcing-pctr.c.yimg.jp/BgIFgYJGVIVv8u0nVJvw8Hh6g6tTQ94_GtbibT0M2tGibgzMKCIgriJiGFe6eP88ANkjrMHnzYaHAcQAjsVjq4nVWzXhUs9ffdQOomiKRcYRukgZQWudcFTJxB0re9c3nFSsKQ-gYIO2yrkwWTx5cUHxJERprdcEyb5QCOaEJckQUdc-HA-jHe-brRcSOUG-03jpgfAqA7wmCgabzhgGiw==	日本語配列（JIS配列）@英語配列（US配列）@その他	「その他」と回答したかたは、以下にキー配列をご記入ください。			日本語配列（JIS配列）		1239144371
8		あなたは業務において、1日平均で約何通メールを送信しますか？（返信・転送を含む）	1通未満@1~9通@10~19通@20~29通@30~39通@40~49通@50~99通@100~500通@500通以上	1通未満	1225635235
8		あなたは業務において、1日平均で約何通メールを送信しますか？（返信・転送を含む）	1通未満@1~9通@10~19通@20~29通@30~39通@40~49通@50~99通@100~500通@500通以上	1通未満	1226222607
8		あなたは業務において、1日平均で約何通メールを送信しますか？（返信・転送を含む）	1通未満@1~9通@10~19通@20~29通@30~39通@40~49通@50~99通@100~500通@500通以上	1~9通	1226335812
8		あなたは業務において、1日平均で約何通メールを送信しますか？（返信・転送を含む）	1通未満@1~9通@10~19通@20~29通@30~39通@40~49通@50~99通@100~500通@500通以上	1~9通	1226712276
8		あなたは業務において、1日平均で約何通メールを送信しますか？（返信・転送を含む）	1通未満@1~9通@10~19通@20~29通@30~39通@40~49通@50~99通@100~500通@500通以上	1通未満	1226897401
8		あなたは業務において、1日平均で約何通メールを送信しますか？（返信・転送を含む）	1通未満@1~9通@10~19通@20~29通@30~39通@40~49通@50~99通@100~500通@500通以上	1通未満	1227142655
8		あなたは業務において、1日平均で約何通メールを送信しますか？（返信・転送を含む）	1通未満@1~9通@10~19通@20~29通@30~39通@40~49通@50~99通@100~500通@500通以上	1~9通	1228431248
8		あなたは業務において、1日平均で約何通メールを送信しますか？（返信・転送を含む）	1通未満@1~9通@10~19通@20~29通@30~39通@40~49通@50~99通@100~500通@500通以上	1~9通	1230989431
8		あなたは業務において、1日平均で約何通メールを送信しますか？（返信・転送を含む）	1通未満@1~9通@10~19通@20~29通@30~39通@40~49通@50~99通@100~500通@500通以上	1通未満	1231106385
8		あなたは業務において、1日平均で約何通メールを送信しますか？（返信・転送を含む）	1通未満@1~9通@10~19通@20~29通@30~39通@40~49通@50~99通@100~500通@500通以上	1~9通	1231315483
8		あなたは業務において、1日平均で約何通メールを送信しますか？（返信・転送を含む）	1通未満@1~9通@10~19通@20~29通@30~39通@40~49通@50~99通@100~500通@500通以上	1~9通	1232126729
8		あなたは業務において、1日平均で約何通メールを送信しますか？（返信・転送を含む）	1通未満@1~9通@10~19通@20~29通@30~39通@40~49通@50~99通@100~500通@500通以上	1~9通	1232160887
8		あなたは業務において、1日平均で約何通メールを送信しますか？（返信・転送を含む）	1通未満@1~9通@10~19通@20~29通@30~39通@40~49通@50~99通@100~500通@500通以上	1通未満	1232296461
8		あなたは業務において、1日平均で約何通メールを送信しますか？（返信・転送を含む）	1通未満@1~9通@10~19通@20~29通@30~39通@40~49通@50~99通@100~500通@500通以上	10~19通	1232619174
8		あなたは業務において、1日平均で約何通メールを送信しますか？（返信・転送を含む）	1通未満@1~9通@10~19通@20~29通@30~39通@40~49通@50~99通@100~500通@500通以上	1~9通	1232695336
8		あなたは業務において、1日平均で約何通メールを送信しますか？（返信・転送を含む）	1通未満@1~9通@10~19通@20~29通@30~39通@40~49通@50~99通@100~500通@500通以上	1~9通	1232984411
8		あなたは業務において、1日平均で約何通メールを送信しますか？（返信・転送を含む）	1通未満@1~9通@10~19通@20~29通@30~39通@40~49通@50~99通@100~500通@500通以上	1~9通	1233151099
8		あなたは業務において、1日平均で約何通メールを送信しますか？（返信・転送を含む）	1通未満@1~9通@10~19通@20~29通@30~39通@40~49通@50~99通@100~500通@500通以上	1~9通	1233169530
8		あなたは業務において、1日平均で約何通メールを送信しますか？（返信・転送を含む）	1通未満@1~9通@10~19通@20~29通@30~39通@40~49通@50~99通@100~500通@500通以上	1通未満	1233400758
8		あなたは業務において、1日平均で約何通メールを送信しますか？（返信・転送を含む）	1通未満@1~9通@10~19通@20~29通@30~39通@40~49通@50~99通@100~500通@500通以上	1通未満	1233455517
8		あなたは業務において、1日平均で約何通メールを送信しますか？（返信・転送を含む）	1通未満@1~9通@10~19通@20~29通@30~39通@40~49通@50~99通@100~500通@500通以上	1通未満	1233480837
8		あなたは業務において、1日平均で約何通メールを送信しますか？（返信・転送を含む）	1通未満@1~9通@10~19通@20~29通@30~39通@40~49通@50~99通@100~500通@500通以上	1通未満	1234062932
8		あなたは業務において、1日平均で約何通メールを送信しますか？（返信・転送を含む）	1通未満@1~9通@10~19通@20~29通@30~39通@40~49通@50~99通@100~500通@500通以上	1~9通	1234422726
8		あなたは業務において、1日平均で約何通メールを送信しますか？（返信・転送を含む）	1通未満@1~9通@10~19通@20~29通@30~39通@40~49通@50~99通@100~500通@500通以上	1~9通	1234512071
8		あなたは業務において、1日平均で約何通メールを送信しますか？（返信・転送を含む）	1通未満@1~9通@10~19通@20~29通@30~39通@40~49通@50~99通@100~500通@500通以上	1~9通	1234857524
8		あなたは業務において、1日平均で約何通メールを送信しますか？（返信・転送を含む）	1通未満@1~9通@10~19通@20~29通@30~39通@40~49通@50~99通@100~500通@500通以上	1~9通	1235000129
8		あなたは業務において、1日平均で約何通メールを送信しますか？（返信・転送を含む）	1通未満@1~9通@10~19通@20~29通@30~39通@40~49通@50~99通@100~500通@500通以上	1通未満	1235436623
8		あなたは業務において、1日平均で約何通メールを送信しますか？（返信・転送を含む）	1通未満@1~9通@10~19通@20~29通@30~39通@40~49通@50~99通@100~500通@500通以上	1~9通	1235777464
8		あなたは業務において、1日平均で約何通メールを送信しますか？（返信・転送を含む）	1通未満@1~9通@10~19通@20~29通@30~39通@40~49通@50~99通@100~500通@500通以上	1~9通	1235974099
8		あなたは業務において、1日平均で約何通メールを送信しますか？（返信・転送を含む）	1通未満@1~9通@10~19通@20~29通@30~39通@40~49通@50~99通@100~500通@500通以上	1通未満	1236284816
8		あなたは業務において、1日平均で約何通メールを送信しますか？（返信・転送を含む）	1通未満@1~9通@10~19通@20~29通@30~39通@40~49通@50~99通@100~500通@500通以上	1~9通	1236300194
8		あなたは業務において、1日平均で約何通メールを送信しますか？（返信・転送を含む）	1通未満@1~9通@10~19通@20~29通@30~39通@40~49通@50~99通@100~500通@500通以上	1~9通	1236346868
8		あなたは業務において、1日平均で約何通メールを送信しますか？（返信・転送を含む）	1通未満@1~9通@10~19通@20~29通@30~39通@40~49通@50~99通@100~500通@500通以上	20~29通	1236689076
8		あなたは業務において、1日平均で約何通メールを送信しますか？（返信・転送を含む）	1通未満@1~9通@10~19通@20~29通@30~39通@40~49通@50~99通@100~500通@500通以上	1~9通	1237066615
8		あなたは業務において、1日平均で約何通メールを送信しますか？（返信・転送を含む）	1通未満@1~9通@10~19通@20~29通@30~39通@40~49通@50~99通@100~500通@500通以上	1~9通	1237281878
8		あなたは業務において、1日平均で約何通メールを送信しますか？（返信・転送を含む）	1通未満@1~9通@10~19通@20~29通@30~39通@40~49通@50~99通@100~500通@500通以上	1~9通	1237410516
8		あなたは業務において、1日平均で約何通メールを送信しますか？（返信・転送を含む）	1通未満@1~9通@10~19通@20~29通@30~39通@40~49通@50~99通@100~500通@500通以上	1~9通	1237586190
8		あなたは業務において、1日平均で約何通メールを送信しますか？（返信・転送を含む）	1通未満@1~9通@10~19通@20~29通@30~39通@40~49通@50~99通@100~500通@500通以上	30~39通	1237654803
8		あなたは業務において、1日平均で約何通メールを送信しますか？（返信・転送を含む）	1通未満@1~9通@10~19通@20~29通@30~39通@40~49通@50~99通@100~500通@500通以上	1~9通	1237669848
8		あなたは業務において、1日平均で約何通メールを送信しますか？（返信・転送を含む）	1通未満@1~9通@10~19通@20~29通@30~39通@40~49通@50~99通@100~500通@500通以上	1~9通	1237800822
8		あなたは業務において、1日平均で約何通メールを送信しますか？（返信・転送を含む）	1通未満@1~9通@10~19通@20~29通@30~39通@40~49通@50~99通@100~500通@500通以上	1~9通	1237827097
8		あなたは業務において、1日平均で約何通メールを送信しますか？（返信・転送を含む）	1通未満@1~9通@10~19通@20~29通@30~39通@40~49通@50~99通@100~500通@500通以上	10~19通	1237836770
8		あなたは業務において、1日平均で約何通メールを送信しますか？（返信・転送を含む）	1通未満@1~9通@10~19通@20~29通@30~39通@40~49通@50~99通@100~500通@500通以上	1~9通	1237906285
8		あなたは業務において、1日平均で約何通メールを送信しますか？（返信・転送を含む）	1通未満@1~9通@10~19通@20~29通@30~39通@40~49通@50~99通@100~500通@500通以上	1通未満	1237913367
8		あなたは業務において、1日平均で約何通メールを送信しますか？（返信・転送を含む）	1通未満@1~9通@10~19通@20~29通@30~39通@40~49通@50~99通@100~500通@500通以上	1~9通	1238103947
8		あなたは業務において、1日平均で約何通メールを送信しますか？（返信・転送を含む）	1通未満@1~9通@10~19通@20~29通@30~39通@40~49通@50~99通@100~500通@500通以上	1通未満	1238717867
8		あなたは業務において、1日平均で約何通メールを送信しますか？（返信・転送を含む）	1通未満@1~9通@10~19通@20~29通@30~39通@40~49通@50~99通@100~500通@500通以上	1~9通	1238744397
8		あなたは業務において、1日平均で約何通メールを送信しますか？（返信・転送を含む）	1通未満@1~9通@10~19通@20~29通@30~39通@40~49通@50~99通@100~500通@500通以上	1~9通	1239124266
8		あなたは業務において、1日平均で約何通メールを送信しますか？（返信・転送を含む）	1通未満@1~9通@10~19通@20~29通@30~39通@40~49通@50~99通@100~500通@500通以上	1~9通	1239138628
8		あなたは業務において、1日平均で約何通メールを送信しますか？（返信・転送を含む）	1通未満@1~9通@10~19通@20~29通@30~39通@40~49通@50~99通@100~500通@500通以上	1通未満	1239144371
9		あなたは業務において、どのような内容のメールを送信しますか？簡単に教えてください。 ##（複数ある場合は、すべて教えてください。）				現在抗がん剤治療中のため、当日の体調によって勤務できそうかどうかを上司に報告しています。	1225635235
9		あなたは業務において、どのような内容のメールを送信しますか？簡単に教えてください。 ##（複数ある場合は、すべて教えてください。）				出勤状態の確認	1226222607
9		あなたは業務において、どのような内容のメールを送信しますか？簡単に教えてください。 ##（複数ある場合は、すべて教えてください。）				書類の内容確認、訂正依頼など	1226335812
9		あなたは業務において、どのような内容のメールを送信しますか？簡単に教えてください。 ##（複数ある場合は、すべて教えてください。）				書類、連絡事項	1226712276
9		あなたは業務において、どのような内容のメールを送信しますか？簡単に教えてください。 ##（複数ある場合は、すべて教えてください。）				業務では使用していませんが、私的に用事があるときに内容を記載し送信しています。	1226897401
9		あなたは業務において、どのような内容のメールを送信しますか？簡単に教えてください。 ##（複数ある場合は、すべて教えてください。）				業務連絡	1227142655
9		あなたは業務において、どのような内容のメールを送信しますか？簡単に教えてください。 ##（複数ある場合は、すべて教えてください。）				業務の内容の確認事項	1228431248
9		あなたは業務において、どのような内容のメールを送信しますか？簡単に教えてください。 ##（複数ある場合は、すべて教えてください。）				納期連絡、問い合わせ対応	1230989431
9		あなたは業務において、どのような内容のメールを送信しますか？簡単に教えてください。 ##（複数ある場合は、すべて教えてください。）				業務でわからないことがあった場合や仕事環境で不具合があった場合	1231106385
9		あなたは業務において、どのような内容のメールを送信しますか？簡単に教えてください。 ##（複数ある場合は、すべて教えてください。）				問い合わせ、問い合わせの回答など	1231315483
9		あなたは業務において、どのような内容のメールを送信しますか？簡単に教えてください。 ##（複数ある場合は、すべて教えてください。）				打合せ日時の確認や日報を送信します。	1232126729
9		あなたは業務において、どのような内容のメールを送信しますか？簡単に教えてください。 ##（複数ある場合は、すべて教えてください。）				本社への発注	1232160887
9		あなたは業務において、どのような内容のメールを送信しますか？簡単に教えてください。 ##（複数ある場合は、すべて教えてください。）				確認事項や連絡事項があった時。	1232296461
9		あなたは業務において、どのような内容のメールを送信しますか？簡単に教えてください。 ##（複数ある場合は、すべて教えてください。）				注文確認や問い合わせ	1232619174
9		あなたは業務において、どのような内容のメールを送信しますか？簡単に教えてください。 ##（複数ある場合は、すべて教えてください。）				請求書送付の案内メール、予約等のメール	1232695336
9		あなたは業務において、どのような内容のメールを送信しますか？簡単に教えてください。 ##（複数ある場合は、すべて教えてください。）				売り上げ報告等の定時連絡と日報	1232984411
9		あなたは業務において、どのような内容のメールを送信しますか？簡単に教えてください。 ##（複数ある場合は、すべて教えてください。）				スケジュール	1233151099
9		あなたは業務において、どのような内容のメールを送信しますか？簡単に教えてください。 ##（複数ある場合は、すべて教えてください。）				業務連絡	1233169530
9		あなたは業務において、どのような内容のメールを送信しますか？簡単に教えてください。 ##（複数ある場合は、すべて教えてください。）				日程の確認	1233400758
9		あなたは業務において、どのような内容のメールを送信しますか？簡単に教えてください。 ##（複数ある場合は、すべて教えてください。）				質問、問い合わせ。質問に対する回答。	1233455517
9		あなたは業務において、どのような内容のメールを送信しますか？簡単に教えてください。 ##（複数ある場合は、すべて教えてください。）				連絡事項	1233480837
9		あなたは業務において、どのような内容のメールを送信しますか？簡単に教えてください。 ##（複数ある場合は、すべて教えてください。）				ない	1234062932
9		あなたは業務において、どのような内容のメールを送信しますか？簡単に教えてください。 ##（複数ある場合は、すべて教えてください。）				修正完了のメール、請求のメール	1234422726
9		あなたは業務において、どのような内容のメールを送信しますか？簡単に教えてください。 ##（複数ある場合は、すべて教えてください。）				ファイルの送付、日程調整	1234512071
9		あなたは業務において、どのような内容のメールを送信しますか？簡単に教えてください。 ##（複数ある場合は、すべて教えてください。）				取引先との連絡でのやり取り。資料を添付して送信など。	1234857524
9		あなたは業務において、どのような内容のメールを送信しますか？簡単に教えてください。 ##（複数ある場合は、すべて教えてください。）				社内業務連絡　得意先とのやり取り	1235000129
9		あなたは業務において、どのような内容のメールを送信しますか？簡単に教えてください。 ##（複数ある場合は、すべて教えてください。）				請求書・監査依頼	1235436623
9		あなたは業務において、どのような内容のメールを送信しますか？簡単に教えてください。 ##（複数ある場合は、すべて教えてください。）				同僚への業務依頼メール、職場内社員への周知メール	1235777464
9		あなたは業務において、どのような内容のメールを送信しますか？簡単に教えてください。 ##（複数ある場合は、すべて教えてください。）				業務連絡	1235974099
9		あなたは業務において、どのような内容のメールを送信しますか？簡単に教えてください。 ##（複数ある場合は、すべて教えてください。）				画像	1236284816
9		あなたは業務において、どのような内容のメールを送信しますか？簡単に教えてください。 ##（複数ある場合は、すべて教えてください。）				問い合わせ業務になります。	1236300194
9		あなたは業務において、どのような内容のメールを送信しますか？簡単に教えてください。 ##（複数ある場合は、すべて教えてください。）				業務について、同僚や提携先への報連相として使用##完了した作業や仕事内容の交渉など	1236346868
9		あなたは業務において、どのような内容のメールを送信しますか？簡単に教えてください。 ##（複数ある場合は、すべて教えてください。）				商品の発注、受注	1236689076
9		あなたは業務において、どのような内容のメールを送信しますか？簡単に教えてください。 ##（複数ある場合は、すべて教えてください。）				日程調整	1237066615
9		あなたは業務において、どのような内容のメールを送信しますか？簡単に教えてください。 ##（複数ある場合は、すべて教えてください。）				依頼や業務に対する返信や指示など。	1237281878
9		あなたは業務において、どのような内容のメールを送信しますか？簡単に教えてください。 ##（複数ある場合は、すべて教えてください。）				取引先との連絡	1237410516
9		あなたは業務において、どのような内容のメールを送信しますか？簡単に教えてください。 ##（複数ある場合は、すべて教えてください。）				連絡事項	1237586190
9		あなたは業務において、どのような内容のメールを送信しますか？簡単に教えてください。 ##（複数ある場合は、すべて教えてください。）				庶務的なメールをまく	1237654803
9		あなたは業務において、どのような内容のメールを送信しますか？簡単に教えてください。 ##（複数ある場合は、すべて教えてください。）				確認事項##連絡	1237669848
9		あなたは業務において、どのような内容のメールを送信しますか？簡単に教えてください。 ##（複数ある場合は、すべて教えてください。）				プロジェクトの打ち合わせ、摺合せ、確認。	1237800822
9		あなたは業務において、どのような内容のメールを送信しますか？簡単に教えてください。 ##（複数ある場合は、すべて教えてください。）				会議の日程や面談の日程などの返信	1237827097
9		あなたは業務において、どのような内容のメールを送信しますか？簡単に教えてください。 ##（複数ある場合は、すべて教えてください。）				部長とやりとり	1237836770
9		あなたは業務において、どのような内容のメールを送信しますか？簡単に教えてください。 ##（複数ある場合は、すべて教えてください。）				業務内容の確認のメール	1237906285
9		あなたは業務において、どのような内容のメールを送信しますか？簡単に教えてください。 ##（複数ある場合は、すべて教えてください。）				社内メール	1237913367
9		あなたは業務において、どのような内容のメールを送信しますか？簡単に教えてください。 ##（複数ある場合は、すべて教えてください。）				送っていません	1238103947
9		あなたは業務において、どのような内容のメールを送信しますか？簡単に教えてください。 ##（複数ある場合は、すべて教えてください。）					1238717867
9		あなたは業務において、どのような内容のメールを送信しますか？簡単に教えてください。 ##（複数ある場合は、すべて教えてください。）				講座の申し込み確認	1238744397
9		あなたは業務において、どのような内容のメールを送信しますか？簡単に教えてください。 ##（複数ある場合は、すべて教えてください。）				スケジュール調整の依頼、進捗報告、社内連絡	1239124266
9		あなたは業務において、どのような内容のメールを送信しますか？簡単に教えてください。 ##（複数ある場合は、すべて教えてください。）				納期の問い合わせ、在庫確認、発注内容の変更、その他商品の詳細の問い合わせ	1239138628
9		あなたは業務において、どのような内容のメールを送信しますか？簡単に教えてください。 ##（複数ある場合は、すべて教えてください。）				友達とのメールです	1239144371
10	221957	実験用Webサイトにアクセスして、メールアドレスを入力してください。 ##実験用Webサイトで最後に表示される「合言葉」と「被験者ID」は必ずメモしてください。			【実験用Webサイト】	https://doppel-domain.pages.dev/practice/ready	実験用Webサイトで最後に表示された「合言葉」を入力してください。（「被験者ID」は次の設問で入力します。）		221957	1225635235
10	221957	実験用Webサイトにアクセスして、メールアドレスを入力してください。 ##実験用Webサイトで最後に表示される「合言葉」と「被験者ID」は必ずメモしてください。			【実験用Webサイト】	https://doppel-domain.pages.dev/practice/ready	実験用Webサイトで最後に表示された「合言葉」を入力してください。（「被験者ID」は次の設問で入力します。）		221957	1226222607
10	221957	実験用Webサイトにアクセスして、メールアドレスを入力してください。 ##実験用Webサイトで最後に表示される「合言葉」と「被験者ID」は必ずメモしてください。			【実験用Webサイト】	https://doppel-domain.pages.dev/practice/ready	実験用Webサイトで最後に表示された「合言葉」を入力してください。（「被験者ID」は次の設問で入力します。）		221957	1226335812
10	221957	実験用Webサイトにアクセスして、メールアドレスを入力してください。 ##実験用Webサイトで最後に表示される「合言葉」と「被験者ID」は必ずメモしてください。			【実験用Webサイト】	https://doppel-domain.pages.dev/practice/ready	実験用Webサイトで最後に表示された「合言葉」を入力してください。（「被験者ID」は次の設問で入力します。）		221957	1226712276
10	221957	実験用Webサイトにアクセスして、メールアドレスを入力してください。 ##実験用Webサイトで最後に表示される「合言葉」と「被験者ID」は必ずメモしてください。			【実験用Webサイト】	https://doppel-domain.pages.dev/practice/ready	実験用Webサイトで最後に表示された「合言葉」を入力してください。（「被験者ID」は次の設問で入力します。）		221957	1226897401
10	221957	実験用Webサイトにアクセスして、メールアドレスを入力してください。 ##実験用Webサイトで最後に表示される「合言葉」と「被験者ID」は必ずメモしてください。			【実験用Webサイト】	https://doppel-domain.pages.dev/practice/ready	実験用Webサイトで最後に表示された「合言葉」を入力してください。（「被験者ID」は次の設問で入力します。）		221957	1227142655
10	221957	実験用Webサイトにアクセスして、メールアドレスを入力してください。 ##実験用Webサイトで最後に表示される「合言葉」と「被験者ID」は必ずメモしてください。			【実験用Webサイト】	https://doppel-domain.pages.dev/practice/ready	実験用Webサイトで最後に表示された「合言葉」を入力してください。（「被験者ID」は次の設問で入力します。）		221957	1228431248
10	221957	実験用Webサイトにアクセスして、メールアドレスを入力してください。 ##実験用Webサイトで最後に表示される「合言葉」と「被験者ID」は必ずメモしてください。			【実験用Webサイト】	https://doppel-domain.pages.dev/practice/ready	実験用Webサイトで最後に表示された「合言葉」を入力してください。（「被験者ID」は次の設問で入力します。）		221957	1230989431
10	221957	実験用Webサイトにアクセスして、メールアドレスを入力してください。 ##実験用Webサイトで最後に表示される「合言葉」と「被験者ID」は必ずメモしてください。			【実験用Webサイト】	https://doppel-domain.pages.dev/practice/ready	実験用Webサイトで最後に表示された「合言葉」を入力してください。（「被験者ID」は次の設問で入力します。）		221957	1231106385
10	221957	実験用Webサイトにアクセスして、メールアドレスを入力してください。 ##実験用Webサイトで最後に表示される「合言葉」と「被験者ID」は必ずメモしてください。			【実験用Webサイト】	https://doppel-domain.pages.dev/practice/ready	実験用Webサイトで最後に表示された「合言葉」を入力してください。（「被験者ID」は次の設問で入力します。）		221957	1231315483
10	221957	実験用Webサイトにアクセスして、メールアドレスを入力してください。 ##実験用Webサイトで最後に表示される「合言葉」と「被験者ID」は必ずメモしてください。			【実験用Webサイト】	https://doppel-domain.pages.dev/practice/ready	実験用Webサイトで最後に表示された「合言葉」を入力してください。（「被験者ID」は次の設問で入力します。）		221957	1232126729
10	221957	実験用Webサイトにアクセスして、メールアドレスを入力してください。 ##実験用Webサイトで最後に表示される「合言葉」と「被験者ID」は必ずメモしてください。			【実験用Webサイト】	https://doppel-domain.pages.dev/practice/ready	実験用Webサイトで最後に表示された「合言葉」を入力してください。（「被験者ID」は次の設問で入力します。）		221957	1232160887
10	221957	実験用Webサイトにアクセスして、メールアドレスを入力してください。 ##実験用Webサイトで最後に表示される「合言葉」と「被験者ID」は必ずメモしてください。			【実験用Webサイト】	https://doppel-domain.pages.dev/practice/ready	実験用Webサイトで最後に表示された「合言葉」を入力してください。（「被験者ID」は次の設問で入力します。）		221957	1232296461
10	221957	実験用Webサイトにアクセスして、メールアドレスを入力してください。 ##実験用Webサイトで最後に表示される「合言葉」と「被験者ID」は必ずメモしてください。			【実験用Webサイト】	https://doppel-domain.pages.dev/practice/ready	実験用Webサイトで最後に表示された「合言葉」を入力してください。（「被験者ID」は次の設問で入力します。）		221957	1232619174
10	221957	実験用Webサイトにアクセスして、メールアドレスを入力してください。 ##実験用Webサイトで最後に表示される「合言葉」と「被験者ID」は必ずメモしてください。			【実験用Webサイト】	https://doppel-domain.pages.dev/practice/ready	実験用Webサイトで最後に表示された「合言葉」を入力してください。（「被験者ID」は次の設問で入力します。）		221957	1232695336
10	221957	実験用Webサイトにアクセスして、メールアドレスを入力してください。 ##実験用Webサイトで最後に表示される「合言葉」と「被験者ID」は必ずメモしてください。			【実験用Webサイト】	https://doppel-domain.pages.dev/practice/ready	実験用Webサイトで最後に表示された「合言葉」を入力してください。（「被験者ID」は次の設問で入力します。）		221957	1232984411
10	221957	実験用Webサイトにアクセスして、メールアドレスを入力してください。 ##実験用Webサイトで最後に表示される「合言葉」と「被験者ID」は必ずメモしてください。			【実験用Webサイト】	https://doppel-domain.pages.dev/practice/ready	実験用Webサイトで最後に表示された「合言葉」を入力してください。（「被験者ID」は次の設問で入力します。）		221957	1233151099
10	221957	実験用Webサイトにアクセスして、メールアドレスを入力してください。 ##実験用Webサイトで最後に表示される「合言葉」と「被験者ID」は必ずメモしてください。			【実験用Webサイト】	https://doppel-domain.pages.dev/practice/ready	実験用Webサイトで最後に表示された「合言葉」を入力してください。（「被験者ID」は次の設問で入力します。）		221957	1233169530
10	221957	実験用Webサイトにアクセスして、メールアドレスを入力してください。 ##実験用Webサイトで最後に表示される「合言葉」と「被験者ID」は必ずメモしてください。			【実験用Webサイト】	https://doppel-domain.pages.dev/practice/ready	実験用Webサイトで最後に表示された「合言葉」を入力してください。（「被験者ID」は次の設問で入力します。）		221957	1233400758
10	221957	実験用Webサイトにアクセスして、メールアドレスを入力してください。 ##実験用Webサイトで最後に表示される「合言葉」と「被験者ID」は必ずメモしてください。			【実験用Webサイト】	https://doppel-domain.pages.dev/practice/ready	実験用Webサイトで最後に表示された「合言葉」を入力してください。（「被験者ID」は次の設問で入力します。）		221957	1233455517
10	221957	実験用Webサイトにアクセスして、メールアドレスを入力してください。 ##実験用Webサイトで最後に表示される「合言葉」と「被験者ID」は必ずメモしてください。			【実験用Webサイト】	https://doppel-domain.pages.dev/practice/ready	実験用Webサイトで最後に表示された「合言葉」を入力してください。（「被験者ID」は次の設問で入力します。）		221957	1233480837
10	221957	実験用Webサイトにアクセスして、メールアドレスを入力してください。 ##実験用Webサイトで最後に表示される「合言葉」と「被験者ID」は必ずメモしてください。			【実験用Webサイト】	https://doppel-domain.pages.dev/practice/ready	実験用Webサイトで最後に表示された「合言葉」を入力してください。（「被験者ID」は次の設問で入力します。）		221957	1234062932
10	221957	実験用Webサイトにアクセスして、メールアドレスを入力してください。 ##実験用Webサイトで最後に表示される「合言葉」と「被験者ID」は必ずメモしてください。			【実験用Webサイト】	https://doppel-domain.pages.dev/practice/ready	実験用Webサイトで最後に表示された「合言葉」を入力してください。（「被験者ID」は次の設問で入力します。）		221957	1234422726
10	221957	実験用Webサイトにアクセスして、メールアドレスを入力してください。 ##実験用Webサイトで最後に表示される「合言葉」と「被験者ID」は必ずメモしてください。			【実験用Webサイト】	https://doppel-domain.pages.dev/practice/ready	実験用Webサイトで最後に表示された「合言葉」を入力してください。（「被験者ID」は次の設問で入力します。）		221957	1234512071
10	221957	実験用Webサイトにアクセスして、メールアドレスを入力してください。 ##実験用Webサイトで最後に表示される「合言葉」と「被験者ID」は必ずメモしてください。			【実験用Webサイト】	https://doppel-domain.pages.dev/practice/ready	実験用Webサイトで最後に表示された「合言葉」を入力してください。（「被験者ID」は次の設問で入力します。）		221957	1234857524
10	221957	実験用Webサイトにアクセスして、メールアドレスを入力してください。 ##実験用Webサイトで最後に表示される「合言葉」と「被験者ID」は必ずメモしてください。			【実験用Webサイト】	https://doppel-domain.pages.dev/practice/ready	実験用Webサイトで最後に表示された「合言葉」を入力してください。（「被験者ID」は次の設問で入力します。）		221957	1235000129
10	221957	実験用Webサイトにアクセスして、メールアドレスを入力してください。 ##実験用Webサイトで最後に表示される「合言葉」と「被験者ID」は必ずメモしてください。			【実験用Webサイト】	https://doppel-domain.pages.dev/practice/ready	実験用Webサイトで最後に表示された「合言葉」を入力してください。（「被験者ID」は次の設問で入力します。）		221957	1235436623
10	221957	実験用Webサイトにアクセスして、メールアドレスを入力してください。 ##実験用Webサイトで最後に表示される「合言葉」と「被験者ID」は必ずメモしてください。			【実験用Webサイト】	https://doppel-domain.pages.dev/practice/ready	実験用Webサイトで最後に表示された「合言葉」を入力してください。（「被験者ID」は次の設問で入力します。）		221957	1235777464
10	221957	実験用Webサイトにアクセスして、メールアドレスを入力してください。 ##実験用Webサイトで最後に表示される「合言葉」と「被験者ID」は必ずメモしてください。			【実験用Webサイト】	https://doppel-domain.pages.dev/practice/ready	実験用Webサイトで最後に表示された「合言葉」を入力してください。（「被験者ID」は次の設問で入力します。）		221957	1235974099
10	221957	実験用Webサイトにアクセスして、メールアドレスを入力してください。 ##実験用Webサイトで最後に表示される「合言葉」と「被験者ID」は必ずメモしてください。			【実験用Webサイト】	https://doppel-domain.pages.dev/practice/ready	実験用Webサイトで最後に表示された「合言葉」を入力してください。（「被験者ID」は次の設問で入力します。）		221957	1236284816
10	221957	実験用Webサイトにアクセスして、メールアドレスを入力してください。 ##実験用Webサイトで最後に表示される「合言葉」と「被験者ID」は必ずメモしてください。			【実験用Webサイト】	https://doppel-domain.pages.dev/practice/ready	実験用Webサイトで最後に表示された「合言葉」を入力してください。（「被験者ID」は次の設問で入力します。）		221957	1236300194
10	221957	実験用Webサイトにアクセスして、メールアドレスを入力してください。 ##実験用Webサイトで最後に表示される「合言葉」と「被験者ID」は必ずメモしてください。			【実験用Webサイト】	https://doppel-domain.pages.dev/practice/ready	実験用Webサイトで最後に表示された「合言葉」を入力してください。（「被験者ID」は次の設問で入力します。）		221957	1236346868
10	221957	実験用Webサイトにアクセスして、メールアドレスを入力してください。 ##実験用Webサイトで最後に表示される「合言葉」と「被験者ID」は必ずメモしてください。			【実験用Webサイト】	https://doppel-domain.pages.dev/practice/ready	実験用Webサイトで最後に表示された「合言葉」を入力してください。（「被験者ID」は次の設問で入力します。）		221957	1236689076
10	221957	実験用Webサイトにアクセスして、メールアドレスを入力してください。 ##実験用Webサイトで最後に表示される「合言葉」と「被験者ID」は必ずメモしてください。			【実験用Webサイト】	https://doppel-domain.pages.dev/practice/ready	実験用Webサイトで最後に表示された「合言葉」を入力してください。（「被験者ID」は次の設問で入力します。）		221957	1237066615
10	221957	実験用Webサイトにアクセスして、メールアドレスを入力してください。 ##実験用Webサイトで最後に表示される「合言葉」と「被験者ID」は必ずメモしてください。			【実験用Webサイト】	https://doppel-domain.pages.dev/practice/ready	実験用Webサイトで最後に表示された「合言葉」を入力してください。（「被験者ID」は次の設問で入力します。）		221957	1237281878
10	221957	実験用Webサイトにアクセスして、メールアドレスを入力してください。 ##実験用Webサイトで最後に表示される「合言葉」と「被験者ID」は必ずメモしてください。			【実験用Webサイト】	https://doppel-domain.pages.dev/practice/ready	実験用Webサイトで最後に表示された「合言葉」を入力してください。（「被験者ID」は次の設問で入力します。）		221957	1237410516
10	221957	実験用Webサイトにアクセスして、メールアドレスを入力してください。 ##実験用Webサイトで最後に表示される「合言葉」と「被験者ID」は必ずメモしてください。			【実験用Webサイト】	https://doppel-domain.pages.dev/practice/ready	実験用Webサイトで最後に表示された「合言葉」を入力してください。（「被験者ID」は次の設問で入力します。）		221957	1237586190
10	221957	実験用Webサイトにアクセスして、メールアドレスを入力してください。 ##実験用Webサイトで最後に表示される「合言葉」と「被験者ID」は必ずメモしてください。			【実験用Webサイト】	https://doppel-domain.pages.dev/practice/ready	実験用Webサイトで最後に表示された「合言葉」を入力してください。（「被験者ID」は次の設問で入力します。）		221957	1237654803
10	221957	実験用Webサイトにアクセスして、メールアドレスを入力してください。 ##実験用Webサイトで最後に表示される「合言葉」と「被験者ID」は必ずメモしてください。			【実験用Webサイト】	https://doppel-domain.pages.dev/practice/ready	実験用Webサイトで最後に表示された「合言葉」を入力してください。（「被験者ID」は次の設問で入力します。）		221957	1237669848
10	221957	実験用Webサイトにアクセスして、メールアドレスを入力してください。 ##実験用Webサイトで最後に表示される「合言葉」と「被験者ID」は必ずメモしてください。			【実験用Webサイト】	https://doppel-domain.pages.dev/practice/ready	実験用Webサイトで最後に表示された「合言葉」を入力してください。（「被験者ID」は次の設問で入力します。）		221957	1237800822
10	221957	実験用Webサイトにアクセスして、メールアドレスを入力してください。 ##実験用Webサイトで最後に表示される「合言葉」と「被験者ID」は必ずメモしてください。			【実験用Webサイト】	https://doppel-domain.pages.dev/practice/ready	実験用Webサイトで最後に表示された「合言葉」を入力してください。（「被験者ID」は次の設問で入力します。）		221957	1237827097
10	221957	実験用Webサイトにアクセスして、メールアドレスを入力してください。 ##実験用Webサイトで最後に表示される「合言葉」と「被験者ID」は必ずメモしてください。			【実験用Webサイト】	https://doppel-domain.pages.dev/practice/ready	実験用Webサイトで最後に表示された「合言葉」を入力してください。（「被験者ID」は次の設問で入力します。）		221957	1237836770
10	221957	実験用Webサイトにアクセスして、メールアドレスを入力してください。 ##実験用Webサイトで最後に表示される「合言葉」と「被験者ID」は必ずメモしてください。			【実験用Webサイト】	https://doppel-domain.pages.dev/practice/ready	実験用Webサイトで最後に表示された「合言葉」を入力してください。（「被験者ID」は次の設問で入力します。）		221957	1237906285
10	221957	実験用Webサイトにアクセスして、メールアドレスを入力してください。 ##実験用Webサイトで最後に表示される「合言葉」と「被験者ID」は必ずメモしてください。			【実験用Webサイト】	https://doppel-domain.pages.dev/practice/ready	実験用Webサイトで最後に表示された「合言葉」を入力してください。（「被験者ID」は次の設問で入力します。）		221957	1237913367
10	221957	実験用Webサイトにアクセスして、メールアドレスを入力してください。 ##実験用Webサイトで最後に表示される「合言葉」と「被験者ID」は必ずメモしてください。			【実験用Webサイト】	https://doppel-domain.pages.dev/practice/ready	実験用Webサイトで最後に表示された「合言葉」を入力してください。（「被験者ID」は次の設問で入力します。）		221957	1238103947
10	221957	実験用Webサイトにアクセスして、メールアドレスを入力してください。 ##実験用Webサイトで最後に表示される「合言葉」と「被験者ID」は必ずメモしてください。			【実験用Webサイト】	https://doppel-domain.pages.dev/practice/ready	実験用Webサイトで最後に表示された「合言葉」を入力してください。（「被験者ID」は次の設問で入力します。）		221957	1238717867
10	221957	実験用Webサイトにアクセスして、メールアドレスを入力してください。 ##実験用Webサイトで最後に表示される「合言葉」と「被験者ID」は必ずメモしてください。			【実験用Webサイト】	https://doppel-domain.pages.dev/practice/ready	実験用Webサイトで最後に表示された「合言葉」を入力してください。（「被験者ID」は次の設問で入力します。）		221957	1238744397
10	221957	実験用Webサイトにアクセスして、メールアドレスを入力してください。 ##実験用Webサイトで最後に表示される「合言葉」と「被験者ID」は必ずメモしてください。			【実験用Webサイト】	https://doppel-domain.pages.dev/practice/ready	実験用Webサイトで最後に表示された「合言葉」を入力してください。（「被験者ID」は次の設問で入力します。）		221957	1239124266
10	221957	実験用Webサイトにアクセスして、メールアドレスを入力してください。 ##実験用Webサイトで最後に表示される「合言葉」と「被験者ID」は必ずメモしてください。			【実験用Webサイト】	https://doppel-domain.pages.dev/practice/ready	実験用Webサイトで最後に表示された「合言葉」を入力してください。（「被験者ID」は次の設問で入力します。）		221957	1239138628
10	221957	実験用Webサイトにアクセスして、メールアドレスを入力してください。 ##実験用Webサイトで最後に表示される「合言葉」と「被験者ID」は必ずメモしてください。			【実験用Webサイト】	https://doppel-domain.pages.dev/practice/ready	実験用Webサイトで最後に表示された「合言葉」を入力してください。（「被験者ID」は次の設問で入力します。）		221957	1239144371
11		実験用Webサイトで最後に表示された「被験者ID」を入力してください。				lbif2G5M	1225635235
11		実験用Webサイトで最後に表示された「被験者ID」を入力してください。				6zg4pxhy	1226222607
11		実験用Webサイトで最後に表示された「被験者ID」を入力してください。				hdBprv2r	1226335812
11		実験用Webサイトで最後に表示された「被験者ID」を入力してください。				fa97NW1V	1226712276
11		実験用Webサイトで最後に表示された「被験者ID」を入力してください。				MBnQEyn8	1226897401
11		実験用Webサイトで最後に表示された「被験者ID」を入力してください。				W900br1u	1227142655
11		実験用Webサイトで最後に表示された「被験者ID」を入力してください。				tAyKbJcV	1228431248
11		実験用Webサイトで最後に表示された「被験者ID」を入力してください。				7LdI5D25	1230989431
11		実験用Webサイトで最後に表示された「被験者ID」を入力してください。				0FTTet07	1231106385
11		実験用Webサイトで最後に表示された「被験者ID」を入力してください。				5xQJFZjz	1231315483
11		実験用Webサイトで最後に表示された「被験者ID」を入力してください。				gcHaDJEq	1232126729
11		実験用Webサイトで最後に表示された「被験者ID」を入力してください。				iZDu6f7l	1232160887
11		実験用Webサイトで最後に表示された「被験者ID」を入力してください。				wJfCeJVt	1232296461
11		実験用Webサイトで最後に表示された「被験者ID」を入力してください。				TG1jvnNU	1232619174
11		実験用Webサイトで最後に表示された「被験者ID」を入力してください。				1U7qALsE	1232695336
11		実験用Webサイトで最後に表示された「被験者ID」を入力してください。				qw3Rs14c	1232984411
11		実験用Webサイトで最後に表示された「被験者ID」を入力してください。				mHxpL3L3	1233151099
11		実験用Webサイトで最後に表示された「被験者ID」を入力してください。				kvK09TER	1233169530
11		実験用Webサイトで最後に表示された「被験者ID」を入力してください。				1U7ZALsE	1233400758
11		実験用Webサイトで最後に表示された「被験者ID」を入力してください。				OKJDlLdf	1233455517
11		実験用Webサイトで最後に表示された「被験者ID」を入力してください。				3fWXrpP1	1233480837
11		実験用Webサイトで最後に表示された「被験者ID」を入力してください。				oXlPGr7q	1234062932
11		実験用Webサイトで最後に表示された「被験者ID」を入力してください。				4kOiplA2	1234422726
11		実験用Webサイトで最後に表示された「被験者ID」を入力してください。				W90lWr1u	1234512071
11		実験用Webサイトで最後に表示された「被験者ID」を入力してください。				LSpwqH1j	1234857524
11		実験用Webサイトで最後に表示された「被験者ID」を入力してください。				3fWWspP1	1235000129
11		実験用Webサイトで最後に表示された「被験者ID」を入力してください。				7LdIRD25	1235436623
11		実験用Webサイトで最後に表示された「被験者ID」を入力してください。				pIkYhl3J	1235777464
11		実験用Webサイトで最後に表示された「被験者ID」を入力してください。				MBnmdyn8	1235974099
11		実験用Webサイトで最後に表示された「被験者ID」を入力してください。				J5aZjELP	1236284816
11		実験用Webサイトで最後に表示された「被験者ID」を入力してください。				5xQL4Zjz	1236300194
11		実験用Webサイトで最後に表示された「被験者ID」を入力してください。				6zgYKxhy	1236346868
11		実験用Webサイトで最後に表示された「被験者ID」を入力してください。				aQtrJN7y	1236689076
11		実験用Webサイトで最後に表示された「被験者ID」を入力してください。				Y1EnfTJD	1237066615
11		実験用Webサイトで最後に表示された「被験者ID」を入力してください。				dp4RFwPg	1237281878
11		実験用Webサイトで最後に表示された「被験者ID」を入力してください。				1U7qtLsE	1237410516
11		実験用Webサイトで最後に表示された「被験者ID」を入力してください。				UCLJCW93	1237586190
11		実験用Webサイトで最後に表示された「被験者ID」を入力してください。				B4jCtoQM	1237654803
11		実験用Webサイトで最後に表示された「被験者ID」を入力してください。				GrUAVcaj	1237669848
11		実験用Webサイトで最後に表示された「被験者ID」を入力してください。				W906Kr1u	1237800822
11		実験用Webサイトで最後に表示された「被験者ID」を入力してください。				E7hegxkH	1237827097
11		実験用Webサイトで最後に表示された「被験者ID」を入力してください。				3fWXqpP1	1237836770
11		実験用Webサイトで最後に表示された「被験者ID」を入力してください。				ysr8I339	1237906285
11		実験用Webサイトで最後に表示された「被験者ID」を入力してください。				J5aZxELP	1237913367
11		実験用Webサイトで最後に表示された「被験者ID」を入力してください。				QoAAk4uZ	1238103947
11		実験用Webサイトで最後に表示された「被験者ID」を入力してください。				8DR4d0Ym	1238717867
11		実験用Webサイトで最後に表示された「被験者ID」を入力してください。				dp4RcwPg	1238744397
11		実験用Webサイトで最後に表示された「被験者ID」を入力してください。				si8xojWd	1239124266
11		実験用Webサイトで最後に表示された「被験者ID」を入力してください。				4kOi01A2	1239138628
11		実験用Webサイトで最後に表示された「被験者ID」を入力してください。				2TYeO5PI	1239144371
12		今回の実験に関する、ご意見・ご指摘等がありましたら教えてください。				特にありません	1225635235
12		今回の実験に関する、ご意見・ご指摘等がありましたら教えてください。					1226222607
12		今回の実験に関する、ご意見・ご指摘等がありましたら教えてください。				結構疲れました##	1226335812
12		今回の実験に関する、ご意見・ご指摘等がありましたら教えてください。				YouTubeが長い	1226712276
12		今回の実験に関する、ご意見・ご指摘等がありましたら教えてください。				制限時間があると緊張してうまく入力ができませんでした。	1226897401
12		今回の実験に関する、ご意見・ご指摘等がありましたら教えてください。					1227142655
12		今回の実験に関する、ご意見・ご指摘等がありましたら教えてください。					1228431248
12		今回の実験に関する、ご意見・ご指摘等がありましたら教えてください。					1230989431
12		今回の実験に関する、ご意見・ご指摘等がありましたら教えてください。					1231106385
12		今回の実験に関する、ご意見・ご指摘等がありましたら教えてください。				面白かったです。	1231315483
12		今回の実験に関する、ご意見・ご指摘等がありましたら教えてください。				制限時間に終わらせるのがなかなか難しかったです。	1232126729
12		今回の実験に関する、ご意見・ご指摘等がありましたら教えてください。					1232160887
12		今回の実験に関する、ご意見・ご指摘等がありましたら教えてください。					1232296461
12		今回の実験に関する、ご意見・ご指摘等がありましたら教えてください。					1232619174
12		今回の実験に関する、ご意見・ご指摘等がありましたら教えてください。					1232695336
12		今回の実験に関する、ご意見・ご指摘等がありましたら教えてください。					1232984411
12		今回の実験に関する、ご意見・ご指摘等がありましたら教えてください。					1233151099
12		今回の実験に関する、ご意見・ご指摘等がありましたら教えてください。					1233169530
12		今回の実験に関する、ご意見・ご指摘等がありましたら教えてください。				なし	1233400758
12		今回の実験に関する、ご意見・ご指摘等がありましたら教えてください。				最初にどこを見て何をすれば良いのか分かりにくかったです。	1233455517
12		今回の実験に関する、ご意見・ご指摘等がありましたら教えてください。				デリート押したら一行丸々消えて1問時間オーバーしてしまいました。	1233480837
12		今回の実験に関する、ご意見・ご指摘等がありましたら教えてください。					1234062932
12		今回の実験に関する、ご意見・ご指摘等がありましたら教えてください。				わかりやすい、誤字の少ないメールアドレスというものを考えさせられました。	1234422726
12		今回の実験に関する、ご意見・ご指摘等がありましたら教えてください。					1234512071
12		今回の実験に関する、ご意見・ご指摘等がありましたら教えてください。				制限時間があるので、緊張してしまい、指が思うように動かなかった。	1234857524
12		今回の実験に関する、ご意見・ご指摘等がありましたら教えてください。					1235000129
12		今回の実験に関する、ご意見・ご指摘等がありましたら教えてください。				名前の所も上にカタカナ表示してもらえるともう少し早く入力出来るかな。ローマ字を日本語に直してさらにローマ字入力で大変だった	1235436623
12		今回の実験に関する、ご意見・ご指摘等がありましたら教えてください。				説明の動画が、滑舌がよく、説明のことばが丁寧で、大変わかりやすかった。##予想以上に入力に時間がかかり、難しかった。	1235777464
12		今回の実験に関する、ご意見・ご指摘等がありましたら教えてください。					1235974099
12		今回の実験に関する、ご意見・ご指摘等がありましたら教えてください。					1236284816
12		今回の実験に関する、ご意見・ご指摘等がありましたら教えてください。					1236300194
12		今回の実験に関する、ご意見・ご指摘等がありましたら教えてください。				手動でメールアドレスを打ったのなんて久々で、とても目が疲れてチカチカした。思いのほか早く打てないし打ち間違いもひどい。結構難しかったです。	1236346868
12		今回の実験に関する、ご意見・ご指摘等がありましたら教えてください。				合言葉やIDの入力についての説明が丁寧で親切だと感じた	1236689076
12		今回の実験に関する、ご意見・ご指摘等がありましたら教えてください。					1237066615
12		今回の実験に関する、ご意見・ご指摘等がありましたら教えてください。				なかなか難しかったです。	1237281878
12		今回の実験に関する、ご意見・ご指摘等がありましたら教えてください。					1237410516
12		今回の実験に関する、ご意見・ご指摘等がありましたら教えてください。				ローマ字を読むのが難しかった。日本語の企業名があると入力のスピードが上がった。	1237586190
12		今回の実験に関する、ご意見・ご指摘等がありましたら教えてください。					1237654803
12		今回の実験に関する、ご意見・ご指摘等がありましたら教えてください。					1237669848
12		今回の実験に関する、ご意見・ご指摘等がありましたら教えてください。					1237800822
12		今回の実験に関する、ご意見・ご指摘等がありましたら教えてください。					1237827097
12		今回の実験に関する、ご意見・ご指摘等がありましたら教えてください。					1237836770
12		今回の実験に関する、ご意見・ご指摘等がありましたら教えてください。				制限時間の設定はとてもシビアでした	1237906285
12		今回の実験に関する、ご意見・ご指摘等がありましたら教えてください。				なし	1237913367
12		今回の実験に関する、ご意見・ご指摘等がありましたら教えてください。				研究に協力できるのは良いと思います	1238103947
12		今回の実験に関する、ご意見・ご指摘等がありましたら教えてください。					1238717867
12		今回の実験に関する、ご意見・ご指摘等がありましたら教えてください。					1238744397
12		今回の実験に関する、ご意見・ご指摘等がありましたら教えてください。					1239124266
12		今回の実験に関する、ご意見・ご指摘等がありましたら教えてください。					1239138628
12		今回の実験に関する、ご意見・ご指摘等がありましたら教えてください。					1239144371
