1		本実験の対象者となる条件をすべて満たしていますか？##○ 先日実施した「【Outlook経験あり・パソコン限定】メールアドレス入力実験」のタスクに参加していない（先日補償対象となった方は例外として参加可能です）##○ 年齢が18歳以上の女性##○ 日本語の読み書きに堪能##○ PCでOutlookを使用したメール送信経験あり##○ 約30分を確実に確保でき、課題に集中可能な環境がある##○ 安定したインターネット環境があり、必須環境を用意できる##○ 本実験に関する説明文書に同意する##○ 「実験参加の前に行なっていただきたい作業」が完了している	はい@いいえ	はい	1225128428
1		本実験の対象者となる条件をすべて満たしていますか？##○ 先日実施した「【Outlook経験あり・パソコン限定】メールアドレス入力実験」のタスクに参加していない（先日補償対象となった方は例外として参加可能です）##○ 年齢が18歳以上の女性##○ 日本語の読み書きに堪能##○ PCでOutlookを使用したメール送信経験あり##○ 約30分を確実に確保でき、課題に集中可能な環境がある##○ 安定したインターネット環境があり、必須環境を用意できる##○ 本実験に関する説明文書に同意する##○ 「実験参加の前に行なっていただきたい作業」が完了している	はい@いいえ	はい	1225630218
1		本実験の対象者となる条件をすべて満たしていますか？##○ 先日実施した「【Outlook経験あり・パソコン限定】メールアドレス入力実験」のタスクに参加していない（先日補償対象となった方は例外として参加可能です）##○ 年齢が18歳以上の女性##○ 日本語の読み書きに堪能##○ PCでOutlookを使用したメール送信経験あり##○ 約30分を確実に確保でき、課題に集中可能な環境がある##○ 安定したインターネット環境があり、必須環境を用意できる##○ 本実験に関する説明文書に同意する##○ 「実験参加の前に行なっていただきたい作業」が完了している	はい@いいえ	はい	1225656256
1		本実験の対象者となる条件をすべて満たしていますか？##○ 先日実施した「【Outlook経験あり・パソコン限定】メールアドレス入力実験」のタスクに参加していない（先日補償対象となった方は例外として参加可能です）##○ 年齢が18歳以上の女性##○ 日本語の読み書きに堪能##○ PCでOutlookを使用したメール送信経験あり##○ 約30分を確実に確保でき、課題に集中可能な環境がある##○ 安定したインターネット環境があり、必須環境を用意できる##○ 本実験に関する説明文書に同意する##○ 「実験参加の前に行なっていただきたい作業」が完了している	はい@いいえ	はい	1225681592
1		本実験の対象者となる条件をすべて満たしていますか？##○ 先日実施した「【Outlook経験あり・パソコン限定】メールアドレス入力実験」のタスクに参加していない（先日補償対象となった方は例外として参加可能です）##○ 年齢が18歳以上の女性##○ 日本語の読み書きに堪能##○ PCでOutlookを使用したメール送信経験あり##○ 約30分を確実に確保でき、課題に集中可能な環境がある##○ 安定したインターネット環境があり、必須環境を用意できる##○ 本実験に関する説明文書に同意する##○ 「実験参加の前に行なっていただきたい作業」が完了している	はい@いいえ	はい	1226202754
1		本実験の対象者となる条件をすべて満たしていますか？##○ 先日実施した「【Outlook経験あり・パソコン限定】メールアドレス入力実験」のタスクに参加していない（先日補償対象となった方は例外として参加可能です）##○ 年齢が18歳以上の女性##○ 日本語の読み書きに堪能##○ PCでOutlookを使用したメール送信経験あり##○ 約30分を確実に確保でき、課題に集中可能な環境がある##○ 安定したインターネット環境があり、必須環境を用意できる##○ 本実験に関する説明文書に同意する##○ 「実験参加の前に行なっていただきたい作業」が完了している	はい@いいえ	はい	1226239803
1		本実験の対象者となる条件をすべて満たしていますか？##○ 先日実施した「【Outlook経験あり・パソコン限定】メールアドレス入力実験」のタスクに参加していない（先日補償対象となった方は例外として参加可能です）##○ 年齢が18歳以上の女性##○ 日本語の読み書きに堪能##○ PCでOutlookを使用したメール送信経験あり##○ 約30分を確実に確保でき、課題に集中可能な環境がある##○ 安定したインターネット環境があり、必須環境を用意できる##○ 本実験に関する説明文書に同意する##○ 「実験参加の前に行なっていただきたい作業」が完了している	はい@いいえ	はい	1226730244
1		本実験の対象者となる条件をすべて満たしていますか？##○ 先日実施した「【Outlook経験あり・パソコン限定】メールアドレス入力実験」のタスクに参加していない（先日補償対象となった方は例外として参加可能です）##○ 年齢が18歳以上の女性##○ 日本語の読み書きに堪能##○ PCでOutlookを使用したメール送信経験あり##○ 約30分を確実に確保でき、課題に集中可能な環境がある##○ 安定したインターネット環境があり、必須環境を用意できる##○ 本実験に関する説明文書に同意する##○ 「実験参加の前に行なっていただきたい作業」が完了している	はい@いいえ	はい	1227261644
1		本実験の対象者となる条件をすべて満たしていますか？##○ 先日実施した「【Outlook経験あり・パソコン限定】メールアドレス入力実験」のタスクに参加していない（先日補償対象となった方は例外として参加可能です）##○ 年齢が18歳以上の女性##○ 日本語の読み書きに堪能##○ PCでOutlookを使用したメール送信経験あり##○ 約30分を確実に確保でき、課題に集中可能な環境がある##○ 安定したインターネット環境があり、必須環境を用意できる##○ 本実験に関する説明文書に同意する##○ 「実験参加の前に行なっていただきたい作業」が完了している	はい@いいえ	はい	1228827982
1		本実験の対象者となる条件をすべて満たしていますか？##○ 先日実施した「【Outlook経験あり・パソコン限定】メールアドレス入力実験」のタスクに参加していない（先日補償対象となった方は例外として参加可能です）##○ 年齢が18歳以上の女性##○ 日本語の読み書きに堪能##○ PCでOutlookを使用したメール送信経験あり##○ 約30分を確実に確保でき、課題に集中可能な環境がある##○ 安定したインターネット環境があり、必須環境を用意できる##○ 本実験に関する説明文書に同意する##○ 「実験参加の前に行なっていただきたい作業」が完了している	はい@いいえ	はい	1229206572
1		本実験の対象者となる条件をすべて満たしていますか？##○ 先日実施した「【Outlook経験あり・パソコン限定】メールアドレス入力実験」のタスクに参加していない（先日補償対象となった方は例外として参加可能です）##○ 年齢が18歳以上の女性##○ 日本語の読み書きに堪能##○ PCでOutlookを使用したメール送信経験あり##○ 約30分を確実に確保でき、課題に集中可能な環境がある##○ 安定したインターネット環境があり、必須環境を用意できる##○ 本実験に関する説明文書に同意する##○ 「実験参加の前に行なっていただきたい作業」が完了している	はい@いいえ	はい	1229662280
1		本実験の対象者となる条件をすべて満たしていますか？##○ 先日実施した「【Outlook経験あり・パソコン限定】メールアドレス入力実験」のタスクに参加していない（先日補償対象となった方は例外として参加可能です）##○ 年齢が18歳以上の女性##○ 日本語の読み書きに堪能##○ PCでOutlookを使用したメール送信経験あり##○ 約30分を確実に確保でき、課題に集中可能な環境がある##○ 安定したインターネット環境があり、必須環境を用意できる##○ 本実験に関する説明文書に同意する##○ 「実験参加の前に行なっていただきたい作業」が完了している	はい@いいえ	はい	1230014803
1		本実験の対象者となる条件をすべて満たしていますか？##○ 先日実施した「【Outlook経験あり・パソコン限定】メールアドレス入力実験」のタスクに参加していない（先日補償対象となった方は例外として参加可能です）##○ 年齢が18歳以上の女性##○ 日本語の読み書きに堪能##○ PCでOutlookを使用したメール送信経験あり##○ 約30分を確実に確保でき、課題に集中可能な環境がある##○ 安定したインターネット環境があり、必須環境を用意できる##○ 本実験に関する説明文書に同意する##○ 「実験参加の前に行なっていただきたい作業」が完了している	はい@いいえ	はい	1230240694
1		本実験の対象者となる条件をすべて満たしていますか？##○ 先日実施した「【Outlook経験あり・パソコン限定】メールアドレス入力実験」のタスクに参加していない（先日補償対象となった方は例外として参加可能です）##○ 年齢が18歳以上の女性##○ 日本語の読み書きに堪能##○ PCでOutlookを使用したメール送信経験あり##○ 約30分を確実に確保でき、課題に集中可能な環境がある##○ 安定したインターネット環境があり、必須環境を用意できる##○ 本実験に関する説明文書に同意する##○ 「実験参加の前に行なっていただきたい作業」が完了している	はい@いいえ	はい	1230252617
1		本実験の対象者となる条件をすべて満たしていますか？##○ 先日実施した「【Outlook経験あり・パソコン限定】メールアドレス入力実験」のタスクに参加していない（先日補償対象となった方は例外として参加可能です）##○ 年齢が18歳以上の女性##○ 日本語の読み書きに堪能##○ PCでOutlookを使用したメール送信経験あり##○ 約30分を確実に確保でき、課題に集中可能な環境がある##○ 安定したインターネット環境があり、必須環境を用意できる##○ 本実験に関する説明文書に同意する##○ 「実験参加の前に行なっていただきたい作業」が完了している	はい@いいえ	はい	1230444847
1		本実験の対象者となる条件をすべて満たしていますか？##○ 先日実施した「【Outlook経験あり・パソコン限定】メールアドレス入力実験」のタスクに参加していない（先日補償対象となった方は例外として参加可能です）##○ 年齢が18歳以上の女性##○ 日本語の読み書きに堪能##○ PCでOutlookを使用したメール送信経験あり##○ 約30分を確実に確保でき、課題に集中可能な環境がある##○ 安定したインターネット環境があり、必須環境を用意できる##○ 本実験に関する説明文書に同意する##○ 「実験参加の前に行なっていただきたい作業」が完了している	はい@いいえ	はい	1230548569
1		本実験の対象者となる条件をすべて満たしていますか？##○ 先日実施した「【Outlook経験あり・パソコン限定】メールアドレス入力実験」のタスクに参加していない（先日補償対象となった方は例外として参加可能です）##○ 年齢が18歳以上の女性##○ 日本語の読み書きに堪能##○ PCでOutlookを使用したメール送信経験あり##○ 約30分を確実に確保でき、課題に集中可能な環境がある##○ 安定したインターネット環境があり、必須環境を用意できる##○ 本実験に関する説明文書に同意する##○ 「実験参加の前に行なっていただきたい作業」が完了している	はい@いいえ	はい	1230595191
1		本実験の対象者となる条件をすべて満たしていますか？##○ 先日実施した「【Outlook経験あり・パソコン限定】メールアドレス入力実験」のタスクに参加していない（先日補償対象となった方は例外として参加可能です）##○ 年齢が18歳以上の女性##○ 日本語の読み書きに堪能##○ PCでOutlookを使用したメール送信経験あり##○ 約30分を確実に確保でき、課題に集中可能な環境がある##○ 安定したインターネット環境があり、必須環境を用意できる##○ 本実験に関する説明文書に同意する##○ 「実験参加の前に行なっていただきたい作業」が完了している	はい@いいえ	はい	1231808346
1		本実験の対象者となる条件をすべて満たしていますか？##○ 先日実施した「【Outlook経験あり・パソコン限定】メールアドレス入力実験」のタスクに参加していない（先日補償対象となった方は例外として参加可能です）##○ 年齢が18歳以上の女性##○ 日本語の読み書きに堪能##○ PCでOutlookを使用したメール送信経験あり##○ 約30分を確実に確保でき、課題に集中可能な環境がある##○ 安定したインターネット環境があり、必須環境を用意できる##○ 本実験に関する説明文書に同意する##○ 「実験参加の前に行なっていただきたい作業」が完了している	はい@いいえ	はい	1231896540
1		本実験の対象者となる条件をすべて満たしていますか？##○ 先日実施した「【Outlook経験あり・パソコン限定】メールアドレス入力実験」のタスクに参加していない（先日補償対象となった方は例外として参加可能です）##○ 年齢が18歳以上の女性##○ 日本語の読み書きに堪能##○ PCでOutlookを使用したメール送信経験あり##○ 約30分を確実に確保でき、課題に集中可能な環境がある##○ 安定したインターネット環境があり、必須環境を用意できる##○ 本実験に関する説明文書に同意する##○ 「実験参加の前に行なっていただきたい作業」が完了している	はい@いいえ	はい	1231935071
1		本実験の対象者となる条件をすべて満たしていますか？##○ 先日実施した「【Outlook経験あり・パソコン限定】メールアドレス入力実験」のタスクに参加していない（先日補償対象となった方は例外として参加可能です）##○ 年齢が18歳以上の女性##○ 日本語の読み書きに堪能##○ PCでOutlookを使用したメール送信経験あり##○ 約30分を確実に確保でき、課題に集中可能な環境がある##○ 安定したインターネット環境があり、必須環境を用意できる##○ 本実験に関する説明文書に同意する##○ 「実験参加の前に行なっていただきたい作業」が完了している	はい@いいえ	はい	1232194638
1		本実験の対象者となる条件をすべて満たしていますか？##○ 先日実施した「【Outlook経験あり・パソコン限定】メールアドレス入力実験」のタスクに参加していない（先日補償対象となった方は例外として参加可能です）##○ 年齢が18歳以上の女性##○ 日本語の読み書きに堪能##○ PCでOutlookを使用したメール送信経験あり##○ 約30分を確実に確保でき、課題に集中可能な環境がある##○ 安定したインターネット環境があり、必須環境を用意できる##○ 本実験に関する説明文書に同意する##○ 「実験参加の前に行なっていただきたい作業」が完了している	はい@いいえ	はい	1232200499
1		本実験の対象者となる条件をすべて満たしていますか？##○ 先日実施した「【Outlook経験あり・パソコン限定】メールアドレス入力実験」のタスクに参加していない（先日補償対象となった方は例外として参加可能です）##○ 年齢が18歳以上の女性##○ 日本語の読み書きに堪能##○ PCでOutlookを使用したメール送信経験あり##○ 約30分を確実に確保でき、課題に集中可能な環境がある##○ 安定したインターネット環境があり、必須環境を用意できる##○ 本実験に関する説明文書に同意する##○ 「実験参加の前に行なっていただきたい作業」が完了している	はい@いいえ	はい	1232205184
1		本実験の対象者となる条件をすべて満たしていますか？##○ 先日実施した「【Outlook経験あり・パソコン限定】メールアドレス入力実験」のタスクに参加していない（先日補償対象となった方は例外として参加可能です）##○ 年齢が18歳以上の女性##○ 日本語の読み書きに堪能##○ PCでOutlookを使用したメール送信経験あり##○ 約30分を確実に確保でき、課題に集中可能な環境がある##○ 安定したインターネット環境があり、必須環境を用意できる##○ 本実験に関する説明文書に同意する##○ 「実験参加の前に行なっていただきたい作業」が完了している	はい@いいえ	はい	1232645848
1		本実験の対象者となる条件をすべて満たしていますか？##○ 先日実施した「【Outlook経験あり・パソコン限定】メールアドレス入力実験」のタスクに参加していない（先日補償対象となった方は例外として参加可能です）##○ 年齢が18歳以上の女性##○ 日本語の読み書きに堪能##○ PCでOutlookを使用したメール送信経験あり##○ 約30分を確実に確保でき、課題に集中可能な環境がある##○ 安定したインターネット環境があり、必須環境を用意できる##○ 本実験に関する説明文書に同意する##○ 「実験参加の前に行なっていただきたい作業」が完了している	はい@いいえ	はい	1233128828
1		本実験の対象者となる条件をすべて満たしていますか？##○ 先日実施した「【Outlook経験あり・パソコン限定】メールアドレス入力実験」のタスクに参加していない（先日補償対象となった方は例外として参加可能です）##○ 年齢が18歳以上の女性##○ 日本語の読み書きに堪能##○ PCでOutlookを使用したメール送信経験あり##○ 約30分を確実に確保でき、課題に集中可能な環境がある##○ 安定したインターネット環境があり、必須環境を用意できる##○ 本実験に関する説明文書に同意する##○ 「実験参加の前に行なっていただきたい作業」が完了している	はい@いいえ	はい	1233218683
1		本実験の対象者となる条件をすべて満たしていますか？##○ 先日実施した「【Outlook経験あり・パソコン限定】メールアドレス入力実験」のタスクに参加していない（先日補償対象となった方は例外として参加可能です）##○ 年齢が18歳以上の女性##○ 日本語の読み書きに堪能##○ PCでOutlookを使用したメール送信経験あり##○ 約30分を確実に確保でき、課題に集中可能な環境がある##○ 安定したインターネット環境があり、必須環境を用意できる##○ 本実験に関する説明文書に同意する##○ 「実験参加の前に行なっていただきたい作業」が完了している	はい@いいえ	はい	1233288950
1		本実験の対象者となる条件をすべて満たしていますか？##○ 先日実施した「【Outlook経験あり・パソコン限定】メールアドレス入力実験」のタスクに参加していない（先日補償対象となった方は例外として参加可能です）##○ 年齢が18歳以上の女性##○ 日本語の読み書きに堪能##○ PCでOutlookを使用したメール送信経験あり##○ 約30分を確実に確保でき、課題に集中可能な環境がある##○ 安定したインターネット環境があり、必須環境を用意できる##○ 本実験に関する説明文書に同意する##○ 「実験参加の前に行なっていただきたい作業」が完了している	はい@いいえ	はい	1235019472
1		本実験の対象者となる条件をすべて満たしていますか？##○ 先日実施した「【Outlook経験あり・パソコン限定】メールアドレス入力実験」のタスクに参加していない（先日補償対象となった方は例外として参加可能です）##○ 年齢が18歳以上の女性##○ 日本語の読み書きに堪能##○ PCでOutlookを使用したメール送信経験あり##○ 約30分を確実に確保でき、課題に集中可能な環境がある##○ 安定したインターネット環境があり、必須環境を用意できる##○ 本実験に関する説明文書に同意する##○ 「実験参加の前に行なっていただきたい作業」が完了している	はい@いいえ	はい	1235722786
1		本実験の対象者となる条件をすべて満たしていますか？##○ 先日実施した「【Outlook経験あり・パソコン限定】メールアドレス入力実験」のタスクに参加していない（先日補償対象となった方は例外として参加可能です）##○ 年齢が18歳以上の女性##○ 日本語の読み書きに堪能##○ PCでOutlookを使用したメール送信経験あり##○ 約30分を確実に確保でき、課題に集中可能な環境がある##○ 安定したインターネット環境があり、必須環境を用意できる##○ 本実験に関する説明文書に同意する##○ 「実験参加の前に行なっていただきたい作業」が完了している	はい@いいえ	はい	1236184619
1		本実験の対象者となる条件をすべて満たしていますか？##○ 先日実施した「【Outlook経験あり・パソコン限定】メールアドレス入力実験」のタスクに参加していない（先日補償対象となった方は例外として参加可能です）##○ 年齢が18歳以上の女性##○ 日本語の読み書きに堪能##○ PCでOutlookを使用したメール送信経験あり##○ 約30分を確実に確保でき、課題に集中可能な環境がある##○ 安定したインターネット環境があり、必須環境を用意できる##○ 本実験に関する説明文書に同意する##○ 「実験参加の前に行なっていただきたい作業」が完了している	はい@いいえ	はい	1236190683
1		本実験の対象者となる条件をすべて満たしていますか？##○ 先日実施した「【Outlook経験あり・パソコン限定】メールアドレス入力実験」のタスクに参加していない（先日補償対象となった方は例外として参加可能です）##○ 年齢が18歳以上の女性##○ 日本語の読み書きに堪能##○ PCでOutlookを使用したメール送信経験あり##○ 約30分を確実に確保でき、課題に集中可能な環境がある##○ 安定したインターネット環境があり、必須環境を用意できる##○ 本実験に関する説明文書に同意する##○ 「実験参加の前に行なっていただきたい作業」が完了している	はい@いいえ	はい	1236270412
1		本実験の対象者となる条件をすべて満たしていますか？##○ 先日実施した「【Outlook経験あり・パソコン限定】メールアドレス入力実験」のタスクに参加していない（先日補償対象となった方は例外として参加可能です）##○ 年齢が18歳以上の女性##○ 日本語の読み書きに堪能##○ PCでOutlookを使用したメール送信経験あり##○ 約30分を確実に確保でき、課題に集中可能な環境がある##○ 安定したインターネット環境があり、必須環境を用意できる##○ 本実験に関する説明文書に同意する##○ 「実験参加の前に行なっていただきたい作業」が完了している	はい@いいえ	はい	1236289006
1		本実験の対象者となる条件をすべて満たしていますか？##○ 先日実施した「【Outlook経験あり・パソコン限定】メールアドレス入力実験」のタスクに参加していない（先日補償対象となった方は例外として参加可能です）##○ 年齢が18歳以上の女性##○ 日本語の読み書きに堪能##○ PCでOutlookを使用したメール送信経験あり##○ 約30分を確実に確保でき、課題に集中可能な環境がある##○ 安定したインターネット環境があり、必須環境を用意できる##○ 本実験に関する説明文書に同意する##○ 「実験参加の前に行なっていただきたい作業」が完了している	はい@いいえ	はい	1237171032
1		本実験の対象者となる条件をすべて満たしていますか？##○ 先日実施した「【Outlook経験あり・パソコン限定】メールアドレス入力実験」のタスクに参加していない（先日補償対象となった方は例外として参加可能です）##○ 年齢が18歳以上の女性##○ 日本語の読み書きに堪能##○ PCでOutlookを使用したメール送信経験あり##○ 約30分を確実に確保でき、課題に集中可能な環境がある##○ 安定したインターネット環境があり、必須環境を用意できる##○ 本実験に関する説明文書に同意する##○ 「実験参加の前に行なっていただきたい作業」が完了している	はい@いいえ	はい	1237694031
1		本実験の対象者となる条件をすべて満たしていますか？##○ 先日実施した「【Outlook経験あり・パソコン限定】メールアドレス入力実験」のタスクに参加していない（先日補償対象となった方は例外として参加可能です）##○ 年齢が18歳以上の女性##○ 日本語の読み書きに堪能##○ PCでOutlookを使用したメール送信経験あり##○ 約30分を確実に確保でき、課題に集中可能な環境がある##○ 安定したインターネット環境があり、必須環境を用意できる##○ 本実験に関する説明文書に同意する##○ 「実験参加の前に行なっていただきたい作業」が完了している	はい@いいえ	はい	1237721175
1		本実験の対象者となる条件をすべて満たしていますか？##○ 先日実施した「【Outlook経験あり・パソコン限定】メールアドレス入力実験」のタスクに参加していない（先日補償対象となった方は例外として参加可能です）##○ 年齢が18歳以上の女性##○ 日本語の読み書きに堪能##○ PCでOutlookを使用したメール送信経験あり##○ 約30分を確実に確保でき、課題に集中可能な環境がある##○ 安定したインターネット環境があり、必須環境を用意できる##○ 本実験に関する説明文書に同意する##○ 「実験参加の前に行なっていただきたい作業」が完了している	はい@いいえ	はい	1237758394
1		本実験の対象者となる条件をすべて満たしていますか？##○ 先日実施した「【Outlook経験あり・パソコン限定】メールアドレス入力実験」のタスクに参加していない（先日補償対象となった方は例外として参加可能です）##○ 年齢が18歳以上の女性##○ 日本語の読み書きに堪能##○ PCでOutlookを使用したメール送信経験あり##○ 約30分を確実に確保でき、課題に集中可能な環境がある##○ 安定したインターネット環境があり、必須環境を用意できる##○ 本実験に関する説明文書に同意する##○ 「実験参加の前に行なっていただきたい作業」が完了している	はい@いいえ	はい	1237852166
1		本実験の対象者となる条件をすべて満たしていますか？##○ 先日実施した「【Outlook経験あり・パソコン限定】メールアドレス入力実験」のタスクに参加していない（先日補償対象となった方は例外として参加可能です）##○ 年齢が18歳以上の女性##○ 日本語の読み書きに堪能##○ PCでOutlookを使用したメール送信経験あり##○ 約30分を確実に確保でき、課題に集中可能な環境がある##○ 安定したインターネット環境があり、必須環境を用意できる##○ 本実験に関する説明文書に同意する##○ 「実験参加の前に行なっていただきたい作業」が完了している	はい@いいえ	はい	1237861172
1		本実験の対象者となる条件をすべて満たしていますか？##○ 先日実施した「【Outlook経験あり・パソコン限定】メールアドレス入力実験」のタスクに参加していない（先日補償対象となった方は例外として参加可能です）##○ 年齢が18歳以上の女性##○ 日本語の読み書きに堪能##○ PCでOutlookを使用したメール送信経験あり##○ 約30分を確実に確保でき、課題に集中可能な環境がある##○ 安定したインターネット環境があり、必須環境を用意できる##○ 本実験に関する説明文書に同意する##○ 「実験参加の前に行なっていただきたい作業」が完了している	はい@いいえ	はい	1237862283
1		本実験の対象者となる条件をすべて満たしていますか？##○ 先日実施した「【Outlook経験あり・パソコン限定】メールアドレス入力実験」のタスクに参加していない（先日補償対象となった方は例外として参加可能です）##○ 年齢が18歳以上の女性##○ 日本語の読み書きに堪能##○ PCでOutlookを使用したメール送信経験あり##○ 約30分を確実に確保でき、課題に集中可能な環境がある##○ 安定したインターネット環境があり、必須環境を用意できる##○ 本実験に関する説明文書に同意する##○ 「実験参加の前に行なっていただきたい作業」が完了している	はい@いいえ	はい	1237888072
1		本実験の対象者となる条件をすべて満たしていますか？##○ 先日実施した「【Outlook経験あり・パソコン限定】メールアドレス入力実験」のタスクに参加していない（先日補償対象となった方は例外として参加可能です）##○ 年齢が18歳以上の女性##○ 日本語の読み書きに堪能##○ PCでOutlookを使用したメール送信経験あり##○ 約30分を確実に確保でき、課題に集中可能な環境がある##○ 安定したインターネット環境があり、必須環境を用意できる##○ 本実験に関する説明文書に同意する##○ 「実験参加の前に行なっていただきたい作業」が完了している	はい@いいえ	はい	1237890831
1		本実験の対象者となる条件をすべて満たしていますか？##○ 先日実施した「【Outlook経験あり・パソコン限定】メールアドレス入力実験」のタスクに参加していない（先日補償対象となった方は例外として参加可能です）##○ 年齢が18歳以上の女性##○ 日本語の読み書きに堪能##○ PCでOutlookを使用したメール送信経験あり##○ 約30分を確実に確保でき、課題に集中可能な環境がある##○ 安定したインターネット環境があり、必須環境を用意できる##○ 本実験に関する説明文書に同意する##○ 「実験参加の前に行なっていただきたい作業」が完了している	はい@いいえ	はい	1237919503
1		本実験の対象者となる条件をすべて満たしていますか？##○ 先日実施した「【Outlook経験あり・パソコン限定】メールアドレス入力実験」のタスクに参加していない（先日補償対象となった方は例外として参加可能です）##○ 年齢が18歳以上の女性##○ 日本語の読み書きに堪能##○ PCでOutlookを使用したメール送信経験あり##○ 約30分を確実に確保でき、課題に集中可能な環境がある##○ 安定したインターネット環境があり、必須環境を用意できる##○ 本実験に関する説明文書に同意する##○ 「実験参加の前に行なっていただきたい作業」が完了している	はい@いいえ	はい	1237921729
1		本実験の対象者となる条件をすべて満たしていますか？##○ 先日実施した「【Outlook経験あり・パソコン限定】メールアドレス入力実験」のタスクに参加していない（先日補償対象となった方は例外として参加可能です）##○ 年齢が18歳以上の女性##○ 日本語の読み書きに堪能##○ PCでOutlookを使用したメール送信経験あり##○ 約30分を確実に確保でき、課題に集中可能な環境がある##○ 安定したインターネット環境があり、必須環境を用意できる##○ 本実験に関する説明文書に同意する##○ 「実験参加の前に行なっていただきたい作業」が完了している	はい@いいえ	いいえ	1238415407
1		本実験の対象者となる条件をすべて満たしていますか？##○ 先日実施した「【Outlook経験あり・パソコン限定】メールアドレス入力実験」のタスクに参加していない（先日補償対象となった方は例外として参加可能です）##○ 年齢が18歳以上の女性##○ 日本語の読み書きに堪能##○ PCでOutlookを使用したメール送信経験あり##○ 約30分を確実に確保でき、課題に集中可能な環境がある##○ 安定したインターネット環境があり、必須環境を用意できる##○ 本実験に関する説明文書に同意する##○ 「実験参加の前に行なっていただきたい作業」が完了している	はい@いいえ	はい	1238555697
1		本実験の対象者となる条件をすべて満たしていますか？##○ 先日実施した「【Outlook経験あり・パソコン限定】メールアドレス入力実験」のタスクに参加していない（先日補償対象となった方は例外として参加可能です）##○ 年齢が18歳以上の女性##○ 日本語の読み書きに堪能##○ PCでOutlookを使用したメール送信経験あり##○ 約30分を確実に確保でき、課題に集中可能な環境がある##○ 安定したインターネット環境があり、必須環境を用意できる##○ 本実験に関する説明文書に同意する##○ 「実験参加の前に行なっていただきたい作業」が完了している	はい@いいえ	はい	1239003249
1		本実験の対象者となる条件をすべて満たしていますか？##○ 先日実施した「【Outlook経験あり・パソコン限定】メールアドレス入力実験」のタスクに参加していない（先日補償対象となった方は例外として参加可能です）##○ 年齢が18歳以上の女性##○ 日本語の読み書きに堪能##○ PCでOutlookを使用したメール送信経験あり##○ 約30分を確実に確保でき、課題に集中可能な環境がある##○ 安定したインターネット環境があり、必須環境を用意できる##○ 本実験に関する説明文書に同意する##○ 「実験参加の前に行なっていただきたい作業」が完了している	はい@いいえ	はい	1239124747
1		本実験の対象者となる条件をすべて満たしていますか？##○ 先日実施した「【Outlook経験あり・パソコン限定】メールアドレス入力実験」のタスクに参加していない（先日補償対象となった方は例外として参加可能です）##○ 年齢が18歳以上の女性##○ 日本語の読み書きに堪能##○ PCでOutlookを使用したメール送信経験あり##○ 約30分を確実に確保でき、課題に集中可能な環境がある##○ 安定したインターネット環境があり、必須環境を用意できる##○ 本実験に関する説明文書に同意する##○ 「実験参加の前に行なっていただきたい作業」が完了している	はい@いいえ	はい	1239207542
1		本実験の対象者となる条件をすべて満たしていますか？##○ 先日実施した「【Outlook経験あり・パソコン限定】メールアドレス入力実験」のタスクに参加していない（先日補償対象となった方は例外として参加可能です）##○ 年齢が18歳以上の女性##○ 日本語の読み書きに堪能##○ PCでOutlookを使用したメール送信経験あり##○ 約30分を確実に確保でき、課題に集中可能な環境がある##○ 安定したインターネット環境があり、必須環境を用意できる##○ 本実験に関する説明文書に同意する##○ 「実験参加の前に行なっていただきたい作業」が完了している	はい@いいえ	はい	1239243817
2		「実験参加の前に行なっていただきたい作業」##1. 本実験専用のWebサイトを使用する関係で、キーボードの設定変更をお願いいたします。##2. 実験用Webサイトの操作手順について、動画を視聴してください。	キーボードの設定変更手順 説明資料	https://cysec-lab.notion.site/1533a3874f7280dbbac9d004094f6089?pvs=4	実験用Webサイト操作手順 説明動画（Youtube）	https://www.youtube.com/watch?v=wqqQ1WCVfXo	「実験参加の前に行なっていただきたい作業」は完了していますか？	完了している@完了していない		ここには何も入力しないでください。	完了している	ここには何も入力しないでください。	1225128428
2		「実験参加の前に行なっていただきたい作業」##1. 本実験専用のWebサイトを使用する関係で、キーボードの設定変更をお願いいたします。##2. 実験用Webサイトの操作手順について、動画を視聴してください。	キーボードの設定変更手順 説明資料	https://cysec-lab.notion.site/1533a3874f7280dbbac9d004094f6089?pvs=4	実験用Webサイト操作手順 説明動画（Youtube）	https://www.youtube.com/watch?v=wqqQ1WCVfXo	「実験参加の前に行なっていただきたい作業」は完了していますか？	完了している@完了していない		ここには何も入力しないでください。	完了している	ここには何も入力しないでください。	1225630218
2		「実験参加の前に行なっていただきたい作業」##1. 本実験専用のWebサイトを使用する関係で、キーボードの設定変更をお願いいたします。##2. 実験用Webサイトの操作手順について、動画を視聴してください。	キーボードの設定変更手順 説明資料	https://cysec-lab.notion.site/1533a3874f7280dbbac9d004094f6089?pvs=4	実験用Webサイト操作手順 説明動画（Youtube）	https://www.youtube.com/watch?v=wqqQ1WCVfXo	「実験参加の前に行なっていただきたい作業」は完了していますか？	完了している@完了していない		ここには何も入力しないでください。	完了している	ここには何も入力しないでください。	1225656256
2		「実験参加の前に行なっていただきたい作業」##1. 本実験専用のWebサイトを使用する関係で、キーボードの設定変更をお願いいたします。##2. 実験用Webサイトの操作手順について、動画を視聴してください。	キーボードの設定変更手順 説明資料	https://cysec-lab.notion.site/1533a3874f7280dbbac9d004094f6089?pvs=4	実験用Webサイト操作手順 説明動画（Youtube）	https://www.youtube.com/watch?v=wqqQ1WCVfXo	「実験参加の前に行なっていただきたい作業」は完了していますか？	完了している@完了していない		ここには何も入力しないでください。	完了している	ここには何も入力しないでください。	1225681592
2		「実験参加の前に行なっていただきたい作業」##1. 本実験専用のWebサイトを使用する関係で、キーボードの設定変更をお願いいたします。##2. 実験用Webサイトの操作手順について、動画を視聴してください。	キーボードの設定変更手順 説明資料	https://cysec-lab.notion.site/1533a3874f7280dbbac9d004094f6089?pvs=4	実験用Webサイト操作手順 説明動画（Youtube）	https://www.youtube.com/watch?v=wqqQ1WCVfXo	「実験参加の前に行なっていただきたい作業」は完了していますか？	完了している@完了していない		ここには何も入力しないでください。	完了している	ここには何も入力しないでください。	1226202754
2		「実験参加の前に行なっていただきたい作業」##1. 本実験専用のWebサイトを使用する関係で、キーボードの設定変更をお願いいたします。##2. 実験用Webサイトの操作手順について、動画を視聴してください。	キーボードの設定変更手順 説明資料	https://cysec-lab.notion.site/1533a3874f7280dbbac9d004094f6089?pvs=4	実験用Webサイト操作手順 説明動画（Youtube）	https://www.youtube.com/watch?v=wqqQ1WCVfXo	「実験参加の前に行なっていただきたい作業」は完了していますか？	完了している@完了していない		ここには何も入力しないでください。	完了している	ここには何も入力しないでください。	1226239803
2		「実験参加の前に行なっていただきたい作業」##1. 本実験専用のWebサイトを使用する関係で、キーボードの設定変更をお願いいたします。##2. 実験用Webサイトの操作手順について、動画を視聴してください。	キーボードの設定変更手順 説明資料	https://cysec-lab.notion.site/1533a3874f7280dbbac9d004094f6089?pvs=4	実験用Webサイト操作手順 説明動画（Youtube）	https://www.youtube.com/watch?v=wqqQ1WCVfXo	「実験参加の前に行なっていただきたい作業」は完了していますか？	完了している@完了していない		ここには何も入力しないでください。	完了している	ここには何も入力しないでください。	1226730244
2		「実験参加の前に行なっていただきたい作業」##1. 本実験専用のWebサイトを使用する関係で、キーボードの設定変更をお願いいたします。##2. 実験用Webサイトの操作手順について、動画を視聴してください。	キーボードの設定変更手順 説明資料	https://cysec-lab.notion.site/1533a3874f7280dbbac9d004094f6089?pvs=4	実験用Webサイト操作手順 説明動画（Youtube）	https://www.youtube.com/watch?v=wqqQ1WCVfXo	「実験参加の前に行なっていただきたい作業」は完了していますか？	完了している@完了していない		ここには何も入力しないでください。	完了している	ここには何も入力しないでください。	1227261644
2		「実験参加の前に行なっていただきたい作業」##1. 本実験専用のWebサイトを使用する関係で、キーボードの設定変更をお願いいたします。##2. 実験用Webサイトの操作手順について、動画を視聴してください。	キーボードの設定変更手順 説明資料	https://cysec-lab.notion.site/1533a3874f7280dbbac9d004094f6089?pvs=4	実験用Webサイト操作手順 説明動画（Youtube）	https://www.youtube.com/watch?v=wqqQ1WCVfXo	「実験参加の前に行なっていただきたい作業」は完了していますか？	完了している@完了していない		ここには何も入力しないでください。	完了している	ここには何も入力しないでください。	1228827982
2		「実験参加の前に行なっていただきたい作業」##1. 本実験専用のWebサイトを使用する関係で、キーボードの設定変更をお願いいたします。##2. 実験用Webサイトの操作手順について、動画を視聴してください。	キーボードの設定変更手順 説明資料	https://cysec-lab.notion.site/1533a3874f7280dbbac9d004094f6089?pvs=4	実験用Webサイト操作手順 説明動画（Youtube）	https://www.youtube.com/watch?v=wqqQ1WCVfXo	「実験参加の前に行なっていただきたい作業」は完了していますか？	完了している@完了していない		ここには何も入力しないでください。	完了している	ここには何も入力しないでください。	1229206572
2		「実験参加の前に行なっていただきたい作業」##1. 本実験専用のWebサイトを使用する関係で、キーボードの設定変更をお願いいたします。##2. 実験用Webサイトの操作手順について、動画を視聴してください。	キーボードの設定変更手順 説明資料	https://cysec-lab.notion.site/1533a3874f7280dbbac9d004094f6089?pvs=4	実験用Webサイト操作手順 説明動画（Youtube）	https://www.youtube.com/watch?v=wqqQ1WCVfXo	「実験参加の前に行なっていただきたい作業」は完了していますか？	完了している@完了していない		ここには何も入力しないでください。	完了している	ここには何も入力しないでください。	1229662280
2		「実験参加の前に行なっていただきたい作業」##1. 本実験専用のWebサイトを使用する関係で、キーボードの設定変更をお願いいたします。##2. 実験用Webサイトの操作手順について、動画を視聴してください。	キーボードの設定変更手順 説明資料	https://cysec-lab.notion.site/1533a3874f7280dbbac9d004094f6089?pvs=4	実験用Webサイト操作手順 説明動画（Youtube）	https://www.youtube.com/watch?v=wqqQ1WCVfXo	「実験参加の前に行なっていただきたい作業」は完了していますか？	完了している@完了していない		ここには何も入力しないでください。	完了している	ここには何も入力しないでください。	1230014803
2		「実験参加の前に行なっていただきたい作業」##1. 本実験専用のWebサイトを使用する関係で、キーボードの設定変更をお願いいたします。##2. 実験用Webサイトの操作手順について、動画を視聴してください。	キーボードの設定変更手順 説明資料	https://cysec-lab.notion.site/1533a3874f7280dbbac9d004094f6089?pvs=4	実験用Webサイト操作手順 説明動画（Youtube）	https://www.youtube.com/watch?v=wqqQ1WCVfXo	「実験参加の前に行なっていただきたい作業」は完了していますか？	完了している@完了していない		ここには何も入力しないでください。	完了している	ここには何も入力しないでください。	1230240694
2		「実験参加の前に行なっていただきたい作業」##1. 本実験専用のWebサイトを使用する関係で、キーボードの設定変更をお願いいたします。##2. 実験用Webサイトの操作手順について、動画を視聴してください。	キーボードの設定変更手順 説明資料	https://cysec-lab.notion.site/1533a3874f7280dbbac9d004094f6089?pvs=4	実験用Webサイト操作手順 説明動画（Youtube）	https://www.youtube.com/watch?v=wqqQ1WCVfXo	「実験参加の前に行なっていただきたい作業」は完了していますか？	完了している@完了していない		ここには何も入力しないでください。	完了している	ここには何も入力しないでください。	1230252617
2		「実験参加の前に行なっていただきたい作業」##1. 本実験専用のWebサイトを使用する関係で、キーボードの設定変更をお願いいたします。##2. 実験用Webサイトの操作手順について、動画を視聴してください。	キーボードの設定変更手順 説明資料	https://cysec-lab.notion.site/1533a3874f7280dbbac9d004094f6089?pvs=4	実験用Webサイト操作手順 説明動画（Youtube）	https://www.youtube.com/watch?v=wqqQ1WCVfXo	「実験参加の前に行なっていただきたい作業」は完了していますか？	完了している@完了していない		ここには何も入力しないでください。	完了している	ここには何も入力しないでください。	1230444847
2		「実験参加の前に行なっていただきたい作業」##1. 本実験専用のWebサイトを使用する関係で、キーボードの設定変更をお願いいたします。##2. 実験用Webサイトの操作手順について、動画を視聴してください。	キーボードの設定変更手順 説明資料	https://cysec-lab.notion.site/1533a3874f7280dbbac9d004094f6089?pvs=4	実験用Webサイト操作手順 説明動画（Youtube）	https://www.youtube.com/watch?v=wqqQ1WCVfXo	「実験参加の前に行なっていただきたい作業」は完了していますか？	完了している@完了していない		ここには何も入力しないでください。	完了している	ここには何も入力しないでください。	1230548569
2		「実験参加の前に行なっていただきたい作業」##1. 本実験専用のWebサイトを使用する関係で、キーボードの設定変更をお願いいたします。##2. 実験用Webサイトの操作手順について、動画を視聴してください。	キーボードの設定変更手順 説明資料	https://cysec-lab.notion.site/1533a3874f7280dbbac9d004094f6089?pvs=4	実験用Webサイト操作手順 説明動画（Youtube）	https://www.youtube.com/watch?v=wqqQ1WCVfXo	「実験参加の前に行なっていただきたい作業」は完了していますか？	完了している@完了していない		ここには何も入力しないでください。	完了している	ここには何も入力しないでください。	1230595191
2		「実験参加の前に行なっていただきたい作業」##1. 本実験専用のWebサイトを使用する関係で、キーボードの設定変更をお願いいたします。##2. 実験用Webサイトの操作手順について、動画を視聴してください。	キーボードの設定変更手順 説明資料	https://cysec-lab.notion.site/1533a3874f7280dbbac9d004094f6089?pvs=4	実験用Webサイト操作手順 説明動画（Youtube）	https://www.youtube.com/watch?v=wqqQ1WCVfXo	「実験参加の前に行なっていただきたい作業」は完了していますか？	完了している@完了していない		ここには何も入力しないでください。	完了している	ここには何も入力しないでください。	1231808346
2		「実験参加の前に行なっていただきたい作業」##1. 本実験専用のWebサイトを使用する関係で、キーボードの設定変更をお願いいたします。##2. 実験用Webサイトの操作手順について、動画を視聴してください。	キーボードの設定変更手順 説明資料	https://cysec-lab.notion.site/1533a3874f7280dbbac9d004094f6089?pvs=4	実験用Webサイト操作手順 説明動画（Youtube）	https://www.youtube.com/watch?v=wqqQ1WCVfXo	「実験参加の前に行なっていただきたい作業」は完了していますか？	完了している@完了していない		ここには何も入力しないでください。	完了している	ここには何も入力しないでください。	1231896540
2		「実験参加の前に行なっていただきたい作業」##1. 本実験専用のWebサイトを使用する関係で、キーボードの設定変更をお願いいたします。##2. 実験用Webサイトの操作手順について、動画を視聴してください。	キーボードの設定変更手順 説明資料	https://cysec-lab.notion.site/1533a3874f7280dbbac9d004094f6089?pvs=4	実験用Webサイト操作手順 説明動画（Youtube）	https://www.youtube.com/watch?v=wqqQ1WCVfXo	「実験参加の前に行なっていただきたい作業」は完了していますか？	完了している@完了していない		ここには何も入力しないでください。	完了している	ここには何も入力しないでください。	1231935071
2		「実験参加の前に行なっていただきたい作業」##1. 本実験専用のWebサイトを使用する関係で、キーボードの設定変更をお願いいたします。##2. 実験用Webサイトの操作手順について、動画を視聴してください。	キーボードの設定変更手順 説明資料	https://cysec-lab.notion.site/1533a3874f7280dbbac9d004094f6089?pvs=4	実験用Webサイト操作手順 説明動画（Youtube）	https://www.youtube.com/watch?v=wqqQ1WCVfXo	「実験参加の前に行なっていただきたい作業」は完了していますか？	完了している@完了していない		ここには何も入力しないでください。	完了している	ここには何も入力しないでください。	1232194638
2		「実験参加の前に行なっていただきたい作業」##1. 本実験専用のWebサイトを使用する関係で、キーボードの設定変更をお願いいたします。##2. 実験用Webサイトの操作手順について、動画を視聴してください。	キーボードの設定変更手順 説明資料	https://cysec-lab.notion.site/1533a3874f7280dbbac9d004094f6089?pvs=4	実験用Webサイト操作手順 説明動画（Youtube）	https://www.youtube.com/watch?v=wqqQ1WCVfXo	「実験参加の前に行なっていただきたい作業」は完了していますか？	完了している@完了していない		ここには何も入力しないでください。	完了している	ここには何も入力しないでください。	1232200499
2		「実験参加の前に行なっていただきたい作業」##1. 本実験専用のWebサイトを使用する関係で、キーボードの設定変更をお願いいたします。##2. 実験用Webサイトの操作手順について、動画を視聴してください。	キーボードの設定変更手順 説明資料	https://cysec-lab.notion.site/1533a3874f7280dbbac9d004094f6089?pvs=4	実験用Webサイト操作手順 説明動画（Youtube）	https://www.youtube.com/watch?v=wqqQ1WCVfXo	「実験参加の前に行なっていただきたい作業」は完了していますか？	完了している@完了していない		ここには何も入力しないでください。	完了している	ここには何も入力しないでください。	1232205184
2		「実験参加の前に行なっていただきたい作業」##1. 本実験専用のWebサイトを使用する関係で、キーボードの設定変更をお願いいたします。##2. 実験用Webサイトの操作手順について、動画を視聴してください。	キーボードの設定変更手順 説明資料	https://cysec-lab.notion.site/1533a3874f7280dbbac9d004094f6089?pvs=4	実験用Webサイト操作手順 説明動画（Youtube）	https://www.youtube.com/watch?v=wqqQ1WCVfXo	「実験参加の前に行なっていただきたい作業」は完了していますか？	完了している@完了していない		ここには何も入力しないでください。	完了している	ここには何も入力しないでください。	1232645848
2		「実験参加の前に行なっていただきたい作業」##1. 本実験専用のWebサイトを使用する関係で、キーボードの設定変更をお願いいたします。##2. 実験用Webサイトの操作手順について、動画を視聴してください。	キーボードの設定変更手順 説明資料	https://cysec-lab.notion.site/1533a3874f7280dbbac9d004094f6089?pvs=4	実験用Webサイト操作手順 説明動画（Youtube）	https://www.youtube.com/watch?v=wqqQ1WCVfXo	「実験参加の前に行なっていただきたい作業」は完了していますか？	完了している@完了していない		ここには何も入力しないでください。	完了している	ここには何も入力しないでください。	1233128828
2		「実験参加の前に行なっていただきたい作業」##1. 本実験専用のWebサイトを使用する関係で、キーボードの設定変更をお願いいたします。##2. 実験用Webサイトの操作手順について、動画を視聴してください。	キーボードの設定変更手順 説明資料	https://cysec-lab.notion.site/1533a3874f7280dbbac9d004094f6089?pvs=4	実験用Webサイト操作手順 説明動画（Youtube）	https://www.youtube.com/watch?v=wqqQ1WCVfXo	「実験参加の前に行なっていただきたい作業」は完了していますか？	完了している@完了していない		ここには何も入力しないでください。	完了している	ここには何も入力しないでください。	1233218683
2		「実験参加の前に行なっていただきたい作業」##1. 本実験専用のWebサイトを使用する関係で、キーボードの設定変更をお願いいたします。##2. 実験用Webサイトの操作手順について、動画を視聴してください。	キーボードの設定変更手順 説明資料	https://cysec-lab.notion.site/1533a3874f7280dbbac9d004094f6089?pvs=4	実験用Webサイト操作手順 説明動画（Youtube）	https://www.youtube.com/watch?v=wqqQ1WCVfXo	「実験参加の前に行なっていただきたい作業」は完了していますか？	完了している@完了していない		ここには何も入力しないでください。	完了している	ここには何も入力しないでください。	1233288950
2		「実験参加の前に行なっていただきたい作業」##1. 本実験専用のWebサイトを使用する関係で、キーボードの設定変更をお願いいたします。##2. 実験用Webサイトの操作手順について、動画を視聴してください。	キーボードの設定変更手順 説明資料	https://cysec-lab.notion.site/1533a3874f7280dbbac9d004094f6089?pvs=4	実験用Webサイト操作手順 説明動画（Youtube）	https://www.youtube.com/watch?v=wqqQ1WCVfXo	「実験参加の前に行なっていただきたい作業」は完了していますか？	完了している@完了していない		ここには何も入力しないでください。	完了していない	ここには何も入力しないでください。	1235019472
2		「実験参加の前に行なっていただきたい作業」##1. 本実験専用のWebサイトを使用する関係で、キーボードの設定変更をお願いいたします。##2. 実験用Webサイトの操作手順について、動画を視聴してください。	キーボードの設定変更手順 説明資料	https://cysec-lab.notion.site/1533a3874f7280dbbac9d004094f6089?pvs=4	実験用Webサイト操作手順 説明動画（Youtube）	https://www.youtube.com/watch?v=wqqQ1WCVfXo	「実験参加の前に行なっていただきたい作業」は完了していますか？	完了している@完了していない		ここには何も入力しないでください。	完了している	ここには何も入力しないでください。	1235722786
2		「実験参加の前に行なっていただきたい作業」##1. 本実験専用のWebサイトを使用する関係で、キーボードの設定変更をお願いいたします。##2. 実験用Webサイトの操作手順について、動画を視聴してください。	キーボードの設定変更手順 説明資料	https://cysec-lab.notion.site/1533a3874f7280dbbac9d004094f6089?pvs=4	実験用Webサイト操作手順 説明動画（Youtube）	https://www.youtube.com/watch?v=wqqQ1WCVfXo	「実験参加の前に行なっていただきたい作業」は完了していますか？	完了している@完了していない		ここには何も入力しないでください。	完了している	ここには何も入力しないでください。	1236184619
2		「実験参加の前に行なっていただきたい作業」##1. 本実験専用のWebサイトを使用する関係で、キーボードの設定変更をお願いいたします。##2. 実験用Webサイトの操作手順について、動画を視聴してください。	キーボードの設定変更手順 説明資料	https://cysec-lab.notion.site/1533a3874f7280dbbac9d004094f6089?pvs=4	実験用Webサイト操作手順 説明動画（Youtube）	https://www.youtube.com/watch?v=wqqQ1WCVfXo	「実験参加の前に行なっていただきたい作業」は完了していますか？	完了している@完了していない		ここには何も入力しないでください。	完了している	ここには何も入力しないでください。	1236190683
2		「実験参加の前に行なっていただきたい作業」##1. 本実験専用のWebサイトを使用する関係で、キーボードの設定変更をお願いいたします。##2. 実験用Webサイトの操作手順について、動画を視聴してください。	キーボードの設定変更手順 説明資料	https://cysec-lab.notion.site/1533a3874f7280dbbac9d004094f6089?pvs=4	実験用Webサイト操作手順 説明動画（Youtube）	https://www.youtube.com/watch?v=wqqQ1WCVfXo	「実験参加の前に行なっていただきたい作業」は完了していますか？	完了している@完了していない		ここには何も入力しないでください。	完了している	ここには何も入力しないでください。	1236270412
2		「実験参加の前に行なっていただきたい作業」##1. 本実験専用のWebサイトを使用する関係で、キーボードの設定変更をお願いいたします。##2. 実験用Webサイトの操作手順について、動画を視聴してください。	キーボードの設定変更手順 説明資料	https://cysec-lab.notion.site/1533a3874f7280dbbac9d004094f6089?pvs=4	実験用Webサイト操作手順 説明動画（Youtube）	https://www.youtube.com/watch?v=wqqQ1WCVfXo	「実験参加の前に行なっていただきたい作業」は完了していますか？	完了している@完了していない		ここには何も入力しないでください。	完了している	ここには何も入力しないでください。	1236289006
2		「実験参加の前に行なっていただきたい作業」##1. 本実験専用のWebサイトを使用する関係で、キーボードの設定変更をお願いいたします。##2. 実験用Webサイトの操作手順について、動画を視聴してください。	キーボードの設定変更手順 説明資料	https://cysec-lab.notion.site/1533a3874f7280dbbac9d004094f6089?pvs=4	実験用Webサイト操作手順 説明動画（Youtube）	https://www.youtube.com/watch?v=wqqQ1WCVfXo	「実験参加の前に行なっていただきたい作業」は完了していますか？	完了している@完了していない		ここには何も入力しないでください。	完了している	ここには何も入力しないでください。	1237171032
2		「実験参加の前に行なっていただきたい作業」##1. 本実験専用のWebサイトを使用する関係で、キーボードの設定変更をお願いいたします。##2. 実験用Webサイトの操作手順について、動画を視聴してください。	キーボードの設定変更手順 説明資料	https://cysec-lab.notion.site/1533a3874f7280dbbac9d004094f6089?pvs=4	実験用Webサイト操作手順 説明動画（Youtube）	https://www.youtube.com/watch?v=wqqQ1WCVfXo	「実験参加の前に行なっていただきたい作業」は完了していますか？	完了している@完了していない		ここには何も入力しないでください。	完了している	ここには何も入力しないでください。	1237694031
2		「実験参加の前に行なっていただきたい作業」##1. 本実験専用のWebサイトを使用する関係で、キーボードの設定変更をお願いいたします。##2. 実験用Webサイトの操作手順について、動画を視聴してください。	キーボードの設定変更手順 説明資料	https://cysec-lab.notion.site/1533a3874f7280dbbac9d004094f6089?pvs=4	実験用Webサイト操作手順 説明動画（Youtube）	https://www.youtube.com/watch?v=wqqQ1WCVfXo	「実験参加の前に行なっていただきたい作業」は完了していますか？	完了している@完了していない		ここには何も入力しないでください。	完了している	ここには何も入力しないでください。	1237721175
2		「実験参加の前に行なっていただきたい作業」##1. 本実験専用のWebサイトを使用する関係で、キーボードの設定変更をお願いいたします。##2. 実験用Webサイトの操作手順について、動画を視聴してください。	キーボードの設定変更手順 説明資料	https://cysec-lab.notion.site/1533a3874f7280dbbac9d004094f6089?pvs=4	実験用Webサイト操作手順 説明動画（Youtube）	https://www.youtube.com/watch?v=wqqQ1WCVfXo	「実験参加の前に行なっていただきたい作業」は完了していますか？	完了している@完了していない		ここには何も入力しないでください。	完了している	ここには何も入力しないでください。	1237758394
2		「実験参加の前に行なっていただきたい作業」##1. 本実験専用のWebサイトを使用する関係で、キーボードの設定変更をお願いいたします。##2. 実験用Webサイトの操作手順について、動画を視聴してください。	キーボードの設定変更手順 説明資料	https://cysec-lab.notion.site/1533a3874f7280dbbac9d004094f6089?pvs=4	実験用Webサイト操作手順 説明動画（Youtube）	https://www.youtube.com/watch?v=wqqQ1WCVfXo	「実験参加の前に行なっていただきたい作業」は完了していますか？	完了している@完了していない		ここには何も入力しないでください。	完了している	ここには何も入力しないでください。	1237852166
2		「実験参加の前に行なっていただきたい作業」##1. 本実験専用のWebサイトを使用する関係で、キーボードの設定変更をお願いいたします。##2. 実験用Webサイトの操作手順について、動画を視聴してください。	キーボードの設定変更手順 説明資料	https://cysec-lab.notion.site/1533a3874f7280dbbac9d004094f6089?pvs=4	実験用Webサイト操作手順 説明動画（Youtube）	https://www.youtube.com/watch?v=wqqQ1WCVfXo	「実験参加の前に行なっていただきたい作業」は完了していますか？	完了している@完了していない		ここには何も入力しないでください。	完了している	ここには何も入力しないでください。	1237861172
2		「実験参加の前に行なっていただきたい作業」##1. 本実験専用のWebサイトを使用する関係で、キーボードの設定変更をお願いいたします。##2. 実験用Webサイトの操作手順について、動画を視聴してください。	キーボードの設定変更手順 説明資料	https://cysec-lab.notion.site/1533a3874f7280dbbac9d004094f6089?pvs=4	実験用Webサイト操作手順 説明動画（Youtube）	https://www.youtube.com/watch?v=wqqQ1WCVfXo	「実験参加の前に行なっていただきたい作業」は完了していますか？	完了している@完了していない		ここには何も入力しないでください。	完了している	ここには何も入力しないでください。	1237862283
2		「実験参加の前に行なっていただきたい作業」##1. 本実験専用のWebサイトを使用する関係で、キーボードの設定変更をお願いいたします。##2. 実験用Webサイトの操作手順について、動画を視聴してください。	キーボードの設定変更手順 説明資料	https://cysec-lab.notion.site/1533a3874f7280dbbac9d004094f6089?pvs=4	実験用Webサイト操作手順 説明動画（Youtube）	https://www.youtube.com/watch?v=wqqQ1WCVfXo	「実験参加の前に行なっていただきたい作業」は完了していますか？	完了している@完了していない		ここには何も入力しないでください。	完了している	ここには何も入力しないでください。	1237888072
2		「実験参加の前に行なっていただきたい作業」##1. 本実験専用のWebサイトを使用する関係で、キーボードの設定変更をお願いいたします。##2. 実験用Webサイトの操作手順について、動画を視聴してください。	キーボードの設定変更手順 説明資料	https://cysec-lab.notion.site/1533a3874f7280dbbac9d004094f6089?pvs=4	実験用Webサイト操作手順 説明動画（Youtube）	https://www.youtube.com/watch?v=wqqQ1WCVfXo	「実験参加の前に行なっていただきたい作業」は完了していますか？	完了している@完了していない		ここには何も入力しないでください。	完了している	ここには何も入力しないでください。	1237890831
2		「実験参加の前に行なっていただきたい作業」##1. 本実験専用のWebサイトを使用する関係で、キーボードの設定変更をお願いいたします。##2. 実験用Webサイトの操作手順について、動画を視聴してください。	キーボードの設定変更手順 説明資料	https://cysec-lab.notion.site/1533a3874f7280dbbac9d004094f6089?pvs=4	実験用Webサイト操作手順 説明動画（Youtube）	https://www.youtube.com/watch?v=wqqQ1WCVfXo	「実験参加の前に行なっていただきたい作業」は完了していますか？	完了している@完了していない		ここには何も入力しないでください。	完了している	ここには何も入力しないでください。	1237919503
2		「実験参加の前に行なっていただきたい作業」##1. 本実験専用のWebサイトを使用する関係で、キーボードの設定変更をお願いいたします。##2. 実験用Webサイトの操作手順について、動画を視聴してください。	キーボードの設定変更手順 説明資料	https://cysec-lab.notion.site/1533a3874f7280dbbac9d004094f6089?pvs=4	実験用Webサイト操作手順 説明動画（Youtube）	https://www.youtube.com/watch?v=wqqQ1WCVfXo	「実験参加の前に行なっていただきたい作業」は完了していますか？	完了している@完了していない		ここには何も入力しないでください。	完了している	ここには何も入力しないでください。	1237921729
2		「実験参加の前に行なっていただきたい作業」##1. 本実験専用のWebサイトを使用する関係で、キーボードの設定変更をお願いいたします。##2. 実験用Webサイトの操作手順について、動画を視聴してください。	キーボードの設定変更手順 説明資料	https://cysec-lab.notion.site/1533a3874f7280dbbac9d004094f6089?pvs=4	実験用Webサイト操作手順 説明動画（Youtube）	https://www.youtube.com/watch?v=wqqQ1WCVfXo	「実験参加の前に行なっていただきたい作業」は完了していますか？	完了している@完了していない		ここには何も入力しないでください。	完了している	ここには何も入力しないでください。	1238415407
2		「実験参加の前に行なっていただきたい作業」##1. 本実験専用のWebサイトを使用する関係で、キーボードの設定変更をお願いいたします。##2. 実験用Webサイトの操作手順について、動画を視聴してください。	キーボードの設定変更手順 説明資料	https://cysec-lab.notion.site/1533a3874f7280dbbac9d004094f6089?pvs=4	実験用Webサイト操作手順 説明動画（Youtube）	https://www.youtube.com/watch?v=wqqQ1WCVfXo	「実験参加の前に行なっていただきたい作業」は完了していますか？	完了している@完了していない		ここには何も入力しないでください。	完了している	ここには何も入力しないでください。	1238555697
2		「実験参加の前に行なっていただきたい作業」##1. 本実験専用のWebサイトを使用する関係で、キーボードの設定変更をお願いいたします。##2. 実験用Webサイトの操作手順について、動画を視聴してください。	キーボードの設定変更手順 説明資料	https://cysec-lab.notion.site/1533a3874f7280dbbac9d004094f6089?pvs=4	実験用Webサイト操作手順 説明動画（Youtube）	https://www.youtube.com/watch?v=wqqQ1WCVfXo	「実験参加の前に行なっていただきたい作業」は完了していますか？	完了している@完了していない		ここには何も入力しないでください。	完了している	ここには何も入力しないでください。	1239003249
2		「実験参加の前に行なっていただきたい作業」##1. 本実験専用のWebサイトを使用する関係で、キーボードの設定変更をお願いいたします。##2. 実験用Webサイトの操作手順について、動画を視聴してください。	キーボードの設定変更手順 説明資料	https://cysec-lab.notion.site/1533a3874f7280dbbac9d004094f6089?pvs=4	実験用Webサイト操作手順 説明動画（Youtube）	https://www.youtube.com/watch?v=wqqQ1WCVfXo	「実験参加の前に行なっていただきたい作業」は完了していますか？	完了している@完了していない		ここには何も入力しないでください。	完了している	ここには何も入力しないでください。	1239124747
2		「実験参加の前に行なっていただきたい作業」##1. 本実験専用のWebサイトを使用する関係で、キーボードの設定変更をお願いいたします。##2. 実験用Webサイトの操作手順について、動画を視聴してください。	キーボードの設定変更手順 説明資料	https://cysec-lab.notion.site/1533a3874f7280dbbac9d004094f6089?pvs=4	実験用Webサイト操作手順 説明動画（Youtube）	https://www.youtube.com/watch?v=wqqQ1WCVfXo	「実験参加の前に行なっていただきたい作業」は完了していますか？	完了している@完了していない		ここには何も入力しないでください。	完了している	ここには何も入力しないでください。	1239207542
2		「実験参加の前に行なっていただきたい作業」##1. 本実験専用のWebサイトを使用する関係で、キーボードの設定変更をお願いいたします。##2. 実験用Webサイトの操作手順について、動画を視聴してください。	キーボードの設定変更手順 説明資料	https://cysec-lab.notion.site/1533a3874f7280dbbac9d004094f6089?pvs=4	実験用Webサイト操作手順 説明動画（Youtube）	https://www.youtube.com/watch?v=wqqQ1WCVfXo	「実験参加の前に行なっていただきたい作業」は完了していますか？	完了している@完了していない		ここには何も入力しないでください。	完了している	ここには何も入力しないでください。	1239243817
3		あなたの年齢を教えてください。	10代@20代@30代@40代@50代@60代@70代以上	40代	1225128428
3		あなたの年齢を教えてください。	10代@20代@30代@40代@50代@60代@70代以上	40代	1225630218
3		あなたの年齢を教えてください。	10代@20代@30代@40代@50代@60代@70代以上	30代	1225656256
3		あなたの年齢を教えてください。	10代@20代@30代@40代@50代@60代@70代以上	40代	1225681592
3		あなたの年齢を教えてください。	10代@20代@30代@40代@50代@60代@70代以上	40代	1226202754
3		あなたの年齢を教えてください。	10代@20代@30代@40代@50代@60代@70代以上	40代	1226239803
3		あなたの年齢を教えてください。	10代@20代@30代@40代@50代@60代@70代以上	40代	1226730244
3		あなたの年齢を教えてください。	10代@20代@30代@40代@50代@60代@70代以上	30代	1227261644
3		あなたの年齢を教えてください。	10代@20代@30代@40代@50代@60代@70代以上	50代	1228827982
3		あなたの年齢を教えてください。	10代@20代@30代@40代@50代@60代@70代以上	50代	1229206572
3		あなたの年齢を教えてください。	10代@20代@30代@40代@50代@60代@70代以上	50代	1229662280
3		あなたの年齢を教えてください。	10代@20代@30代@40代@50代@60代@70代以上	50代	1230014803
3		あなたの年齢を教えてください。	10代@20代@30代@40代@50代@60代@70代以上	30代	1230240694
3		あなたの年齢を教えてください。	10代@20代@30代@40代@50代@60代@70代以上	40代	1230252617
3		あなたの年齢を教えてください。	10代@20代@30代@40代@50代@60代@70代以上	40代	1230444847
3		あなたの年齢を教えてください。	10代@20代@30代@40代@50代@60代@70代以上	40代	1230548569
3		あなたの年齢を教えてください。	10代@20代@30代@40代@50代@60代@70代以上	30代	1230595191
3		あなたの年齢を教えてください。	10代@20代@30代@40代@50代@60代@70代以上	40代	1231808346
3		あなたの年齢を教えてください。	10代@20代@30代@40代@50代@60代@70代以上	50代	1231896540
3		あなたの年齢を教えてください。	10代@20代@30代@40代@50代@60代@70代以上	40代	1231935071
3		あなたの年齢を教えてください。	10代@20代@30代@40代@50代@60代@70代以上	50代	1232194638
3		あなたの年齢を教えてください。	10代@20代@30代@40代@50代@60代@70代以上	50代	1232200499
3		あなたの年齢を教えてください。	10代@20代@30代@40代@50代@60代@70代以上	40代	1232205184
3		あなたの年齢を教えてください。	10代@20代@30代@40代@50代@60代@70代以上	50代	1232645848
3		あなたの年齢を教えてください。	10代@20代@30代@40代@50代@60代@70代以上	50代	1233128828
3		あなたの年齢を教えてください。	10代@20代@30代@40代@50代@60代@70代以上	40代	1233218683
3		あなたの年齢を教えてください。	10代@20代@30代@40代@50代@60代@70代以上	30代	1233288950
3		あなたの年齢を教えてください。	10代@20代@30代@40代@50代@60代@70代以上	50代	1235019472
3		あなたの年齢を教えてください。	10代@20代@30代@40代@50代@60代@70代以上	20代	1235722786
3		あなたの年齢を教えてください。	10代@20代@30代@40代@50代@60代@70代以上	50代	1236184619
3		あなたの年齢を教えてください。	10代@20代@30代@40代@50代@60代@70代以上	50代	1236190683
3		あなたの年齢を教えてください。	10代@20代@30代@40代@50代@60代@70代以上	50代	1236270412
3		あなたの年齢を教えてください。	10代@20代@30代@40代@50代@60代@70代以上	40代	1236289006
3		あなたの年齢を教えてください。	10代@20代@30代@40代@50代@60代@70代以上	40代	1237171032
3		あなたの年齢を教えてください。	10代@20代@30代@40代@50代@60代@70代以上	50代	1237694031
3		あなたの年齢を教えてください。	10代@20代@30代@40代@50代@60代@70代以上	20代	1237721175
3		あなたの年齢を教えてください。	10代@20代@30代@40代@50代@60代@70代以上	50代	1237758394
3		あなたの年齢を教えてください。	10代@20代@30代@40代@50代@60代@70代以上	30代	1237852166
3		あなたの年齢を教えてください。	10代@20代@30代@40代@50代@60代@70代以上	30代	1237861172
3		あなたの年齢を教えてください。	10代@20代@30代@40代@50代@60代@70代以上	20代	1237862283
3		あなたの年齢を教えてください。	10代@20代@30代@40代@50代@60代@70代以上	20代	1237888072
3		あなたの年齢を教えてください。	10代@20代@30代@40代@50代@60代@70代以上	30代	1237890831
3		あなたの年齢を教えてください。	10代@20代@30代@40代@50代@60代@70代以上	10代	1237919503
3		あなたの年齢を教えてください。	10代@20代@30代@40代@50代@60代@70代以上	50代	1237921729
3		あなたの年齢を教えてください。	10代@20代@30代@40代@50代@60代@70代以上	40代	1238415407
3		あなたの年齢を教えてください。	10代@20代@30代@40代@50代@60代@70代以上	40代	1238555697
3		あなたの年齢を教えてください。	10代@20代@30代@40代@50代@60代@70代以上	20代	1239003249
3		あなたの年齢を教えてください。	10代@20代@30代@40代@50代@60代@70代以上	50代	1239124747
3		あなたの年齢を教えてください。	10代@20代@30代@40代@50代@60代@70代以上	20代	1239207542
3		あなたの年齢を教えてください。	10代@20代@30代@40代@50代@60代@70代以上	50代	1239243817
4		あなたの性別を教えてください。	男性@女性@その他	女性	1225128428
4		あなたの性別を教えてください。	男性@女性@その他	女性	1225630218
4		あなたの性別を教えてください。	男性@女性@その他	女性	1225656256
4		あなたの性別を教えてください。	男性@女性@その他	女性	1225681592
4		あなたの性別を教えてください。	男性@女性@その他	女性	1226202754
4		あなたの性別を教えてください。	男性@女性@その他	女性	1226239803
4		あなたの性別を教えてください。	男性@女性@その他	女性	1226730244
4		あなたの性別を教えてください。	男性@女性@その他	女性	1227261644
4		あなたの性別を教えてください。	男性@女性@その他	女性	1228827982
4		あなたの性別を教えてください。	男性@女性@その他	女性	1229206572
4		あなたの性別を教えてください。	男性@女性@その他	女性	1229662280
4		あなたの性別を教えてください。	男性@女性@その他	女性	1230014803
4		あなたの性別を教えてください。	男性@女性@その他	女性	1230240694
4		あなたの性別を教えてください。	男性@女性@その他	女性	1230252617
4		あなたの性別を教えてください。	男性@女性@その他	女性	1230444847
4		あなたの性別を教えてください。	男性@女性@その他	女性	1230548569
4		あなたの性別を教えてください。	男性@女性@その他	女性	1230595191
4		あなたの性別を教えてください。	男性@女性@その他	女性	1231808346
4		あなたの性別を教えてください。	男性@女性@その他	女性	1231896540
4		あなたの性別を教えてください。	男性@女性@その他	女性	1231935071
4		あなたの性別を教えてください。	男性@女性@その他	女性	1232194638
4		あなたの性別を教えてください。	男性@女性@その他	女性	1232200499
4		あなたの性別を教えてください。	男性@女性@その他	女性	1232205184
4		あなたの性別を教えてください。	男性@女性@その他	女性	1232645848
4		あなたの性別を教えてください。	男性@女性@その他	女性	1233128828
4		あなたの性別を教えてください。	男性@女性@その他	女性	1233218683
4		あなたの性別を教えてください。	男性@女性@その他	女性	1233288950
4		あなたの性別を教えてください。	男性@女性@その他	女性	1235019472
4		あなたの性別を教えてください。	男性@女性@その他	女性	1235722786
4		あなたの性別を教えてください。	男性@女性@その他	女性	1236184619
4		あなたの性別を教えてください。	男性@女性@その他	女性	1236190683
4		あなたの性別を教えてください。	男性@女性@その他	女性	1236270412
4		あなたの性別を教えてください。	男性@女性@その他	女性	1236289006
4		あなたの性別を教えてください。	男性@女性@その他	女性	1237171032
4		あなたの性別を教えてください。	男性@女性@その他	女性	1237694031
4		あなたの性別を教えてください。	男性@女性@その他	女性	1237721175
4		あなたの性別を教えてください。	男性@女性@その他	女性	1237758394
4		あなたの性別を教えてください。	男性@女性@その他	女性	1237852166
4		あなたの性別を教えてください。	男性@女性@その他	女性	1237861172
4		あなたの性別を教えてください。	男性@女性@その他	女性	1237862283
4		あなたの性別を教えてください。	男性@女性@その他	女性	1237888072
4		あなたの性別を教えてください。	男性@女性@その他	女性	1237890831
4		あなたの性別を教えてください。	男性@女性@その他	女性	1237919503
4		あなたの性別を教えてください。	男性@女性@その他	女性	1237921729
4		あなたの性別を教えてください。	男性@女性@その他	女性	1238415407
4		あなたの性別を教えてください。	男性@女性@その他	女性	1238555697
4		あなたの性別を教えてください。	男性@女性@その他	女性	1239003249
4		あなたの性別を教えてください。	男性@女性@その他	女性	1239124747
4		あなたの性別を教えてください。	男性@女性@その他	女性	1239207542
4		あなたの性別を教えてください。	男性@女性@その他	女性	1239243817
5		あなたの職業を教えてください。	会社勤務（一般社員）@会社勤務（管理職）@会社経営（経営者・役員）@公務員・教職員・非営利団体職員@派遣社員・契約社員@自営業（商工サービス）@SOHO@農林漁業@専門職（弁護士・税理士等・医療関連）@パート・アルバイト@専業主婦・主夫@学生@無職@その他の職業	「その他の職業」と回答された方は、以下に職業をご記入ください。		パート・アルバイト		1225128428
5		あなたの職業を教えてください。	会社勤務（一般社員）@会社勤務（管理職）@会社経営（経営者・役員）@公務員・教職員・非営利団体職員@派遣社員・契約社員@自営業（商工サービス）@SOHO@農林漁業@専門職（弁護士・税理士等・医療関連）@パート・アルバイト@専業主婦・主夫@学生@無職@その他の職業	「その他の職業」と回答された方は、以下に職業をご記入ください。		会社勤務（一般社員）		1225630218
5		あなたの職業を教えてください。	会社勤務（一般社員）@会社勤務（管理職）@会社経営（経営者・役員）@公務員・教職員・非営利団体職員@派遣社員・契約社員@自営業（商工サービス）@SOHO@農林漁業@専門職（弁護士・税理士等・医療関連）@パート・アルバイト@専業主婦・主夫@学生@無職@その他の職業	「その他の職業」と回答された方は、以下に職業をご記入ください。		会社勤務（一般社員）		1225656256
5		あなたの職業を教えてください。	会社勤務（一般社員）@会社勤務（管理職）@会社経営（経営者・役員）@公務員・教職員・非営利団体職員@派遣社員・契約社員@自営業（商工サービス）@SOHO@農林漁業@専門職（弁護士・税理士等・医療関連）@パート・アルバイト@専業主婦・主夫@学生@無職@その他の職業	「その他の職業」と回答された方は、以下に職業をご記入ください。		無職		1225681592
5		あなたの職業を教えてください。	会社勤務（一般社員）@会社勤務（管理職）@会社経営（経営者・役員）@公務員・教職員・非営利団体職員@派遣社員・契約社員@自営業（商工サービス）@SOHO@農林漁業@専門職（弁護士・税理士等・医療関連）@パート・アルバイト@専業主婦・主夫@学生@無職@その他の職業	「その他の職業」と回答された方は、以下に職業をご記入ください。		会社勤務（一般社員）		1226202754
5		あなたの職業を教えてください。	会社勤務（一般社員）@会社勤務（管理職）@会社経営（経営者・役員）@公務員・教職員・非営利団体職員@派遣社員・契約社員@自営業（商工サービス）@SOHO@農林漁業@専門職（弁護士・税理士等・医療関連）@パート・アルバイト@専業主婦・主夫@学生@無職@その他の職業	「その他の職業」と回答された方は、以下に職業をご記入ください。		パート・アルバイト		1226239803
5		あなたの職業を教えてください。	会社勤務（一般社員）@会社勤務（管理職）@会社経営（経営者・役員）@公務員・教職員・非営利団体職員@派遣社員・契約社員@自営業（商工サービス）@SOHO@農林漁業@専門職（弁護士・税理士等・医療関連）@パート・アルバイト@専業主婦・主夫@学生@無職@その他の職業	「その他の職業」と回答された方は、以下に職業をご記入ください。		専業主婦・主夫		1226730244
5		あなたの職業を教えてください。	会社勤務（一般社員）@会社勤務（管理職）@会社経営（経営者・役員）@公務員・教職員・非営利団体職員@派遣社員・契約社員@自営業（商工サービス）@SOHO@農林漁業@専門職（弁護士・税理士等・医療関連）@パート・アルバイト@専業主婦・主夫@学生@無職@その他の職業	「その他の職業」と回答された方は、以下に職業をご記入ください。		会社勤務（一般社員）		1227261644
5		あなたの職業を教えてください。	会社勤務（一般社員）@会社勤務（管理職）@会社経営（経営者・役員）@公務員・教職員・非営利団体職員@派遣社員・契約社員@自営業（商工サービス）@SOHO@農林漁業@専門職（弁護士・税理士等・医療関連）@パート・アルバイト@専業主婦・主夫@学生@無職@その他の職業	「その他の職業」と回答された方は、以下に職業をご記入ください。		会社勤務（一般社員）		1228827982
5		あなたの職業を教えてください。	会社勤務（一般社員）@会社勤務（管理職）@会社経営（経営者・役員）@公務員・教職員・非営利団体職員@派遣社員・契約社員@自営業（商工サービス）@SOHO@農林漁業@専門職（弁護士・税理士等・医療関連）@パート・アルバイト@専業主婦・主夫@学生@無職@その他の職業	「その他の職業」と回答された方は、以下に職業をご記入ください。		パート・アルバイト		1229206572
5		あなたの職業を教えてください。	会社勤務（一般社員）@会社勤務（管理職）@会社経営（経営者・役員）@公務員・教職員・非営利団体職員@派遣社員・契約社員@自営業（商工サービス）@SOHO@農林漁業@専門職（弁護士・税理士等・医療関連）@パート・アルバイト@専業主婦・主夫@学生@無職@その他の職業	「その他の職業」と回答された方は、以下に職業をご記入ください。		会社勤務（一般社員）		1229662280
5		あなたの職業を教えてください。	会社勤務（一般社員）@会社勤務（管理職）@会社経営（経営者・役員）@公務員・教職員・非営利団体職員@派遣社員・契約社員@自営業（商工サービス）@SOHO@農林漁業@専門職（弁護士・税理士等・医療関連）@パート・アルバイト@専業主婦・主夫@学生@無職@その他の職業	「その他の職業」と回答された方は、以下に職業をご記入ください。		SOHO		1230014803
5		あなたの職業を教えてください。	会社勤務（一般社員）@会社勤務（管理職）@会社経営（経営者・役員）@公務員・教職員・非営利団体職員@派遣社員・契約社員@自営業（商工サービス）@SOHO@農林漁業@専門職（弁護士・税理士等・医療関連）@パート・アルバイト@専業主婦・主夫@学生@無職@その他の職業	「その他の職業」と回答された方は、以下に職業をご記入ください。		会社勤務（一般社員）		1230240694
5		あなたの職業を教えてください。	会社勤務（一般社員）@会社勤務（管理職）@会社経営（経営者・役員）@公務員・教職員・非営利団体職員@派遣社員・契約社員@自営業（商工サービス）@SOHO@農林漁業@専門職（弁護士・税理士等・医療関連）@パート・アルバイト@専業主婦・主夫@学生@無職@その他の職業	「その他の職業」と回答された方は、以下に職業をご記入ください。		会社勤務（一般社員）		1230252617
5		あなたの職業を教えてください。	会社勤務（一般社員）@会社勤務（管理職）@会社経営（経営者・役員）@公務員・教職員・非営利団体職員@派遣社員・契約社員@自営業（商工サービス）@SOHO@農林漁業@専門職（弁護士・税理士等・医療関連）@パート・アルバイト@専業主婦・主夫@学生@無職@その他の職業	「その他の職業」と回答された方は、以下に職業をご記入ください。		自営業（商工サービス）		1230444847
5		あなたの職業を教えてください。	会社勤務（一般社員）@会社勤務（管理職）@会社経営（経営者・役員）@公務員・教職員・非営利団体職員@派遣社員・契約社員@自営業（商工サービス）@SOHO@農林漁業@専門職（弁護士・税理士等・医療関連）@パート・アルバイト@専業主婦・主夫@学生@無職@その他の職業	「その他の職業」と回答された方は、以下に職業をご記入ください。		専業主婦・主夫		1230548569
5		あなたの職業を教えてください。	会社勤務（一般社員）@会社勤務（管理職）@会社経営（経営者・役員）@公務員・教職員・非営利団体職員@派遣社員・契約社員@自営業（商工サービス）@SOHO@農林漁業@専門職（弁護士・税理士等・医療関連）@パート・アルバイト@専業主婦・主夫@学生@無職@その他の職業	「その他の職業」と回答された方は、以下に職業をご記入ください。		公務員・教職員・非営利団体職員		1230595191
5		あなたの職業を教えてください。	会社勤務（一般社員）@会社勤務（管理職）@会社経営（経営者・役員）@公務員・教職員・非営利団体職員@派遣社員・契約社員@自営業（商工サービス）@SOHO@農林漁業@専門職（弁護士・税理士等・医療関連）@パート・アルバイト@専業主婦・主夫@学生@無職@その他の職業	「その他の職業」と回答された方は、以下に職業をご記入ください。		会社勤務（一般社員）		1231808346
5		あなたの職業を教えてください。	会社勤務（一般社員）@会社勤務（管理職）@会社経営（経営者・役員）@公務員・教職員・非営利団体職員@派遣社員・契約社員@自営業（商工サービス）@SOHO@農林漁業@専門職（弁護士・税理士等・医療関連）@パート・アルバイト@専業主婦・主夫@学生@無職@その他の職業	「その他の職業」と回答された方は、以下に職業をご記入ください。		会社勤務（一般社員）		1231896540
5		あなたの職業を教えてください。	会社勤務（一般社員）@会社勤務（管理職）@会社経営（経営者・役員）@公務員・教職員・非営利団体職員@派遣社員・契約社員@自営業（商工サービス）@SOHO@農林漁業@専門職（弁護士・税理士等・医療関連）@パート・アルバイト@専業主婦・主夫@学生@無職@その他の職業	「その他の職業」と回答された方は、以下に職業をご記入ください。		パート・アルバイト		1231935071
5		あなたの職業を教えてください。	会社勤務（一般社員）@会社勤務（管理職）@会社経営（経営者・役員）@公務員・教職員・非営利団体職員@派遣社員・契約社員@自営業（商工サービス）@SOHO@農林漁業@専門職（弁護士・税理士等・医療関連）@パート・アルバイト@専業主婦・主夫@学生@無職@その他の職業	「その他の職業」と回答された方は、以下に職業をご記入ください。		会社勤務（一般社員）		1232194638
5		あなたの職業を教えてください。	会社勤務（一般社員）@会社勤務（管理職）@会社経営（経営者・役員）@公務員・教職員・非営利団体職員@派遣社員・契約社員@自営業（商工サービス）@SOHO@農林漁業@専門職（弁護士・税理士等・医療関連）@パート・アルバイト@専業主婦・主夫@学生@無職@その他の職業	「その他の職業」と回答された方は、以下に職業をご記入ください。		SOHO		1232200499
5		あなたの職業を教えてください。	会社勤務（一般社員）@会社勤務（管理職）@会社経営（経営者・役員）@公務員・教職員・非営利団体職員@派遣社員・契約社員@自営業（商工サービス）@SOHO@農林漁業@専門職（弁護士・税理士等・医療関連）@パート・アルバイト@専業主婦・主夫@学生@無職@その他の職業	「その他の職業」と回答された方は、以下に職業をご記入ください。		会社勤務（一般社員）		1232205184
5		あなたの職業を教えてください。	会社勤務（一般社員）@会社勤務（管理職）@会社経営（経営者・役員）@公務員・教職員・非営利団体職員@派遣社員・契約社員@自営業（商工サービス）@SOHO@農林漁業@専門職（弁護士・税理士等・医療関連）@パート・アルバイト@専業主婦・主夫@学生@無職@その他の職業	「その他の職業」と回答された方は、以下に職業をご記入ください。		専業主婦・主夫		1232645848
5		あなたの職業を教えてください。	会社勤務（一般社員）@会社勤務（管理職）@会社経営（経営者・役員）@公務員・教職員・非営利団体職員@派遣社員・契約社員@自営業（商工サービス）@SOHO@農林漁業@専門職（弁護士・税理士等・医療関連）@パート・アルバイト@専業主婦・主夫@学生@無職@その他の職業	「その他の職業」と回答された方は、以下に職業をご記入ください。		会社勤務（一般社員）		1233128828
5		あなたの職業を教えてください。	会社勤務（一般社員）@会社勤務（管理職）@会社経営（経営者・役員）@公務員・教職員・非営利団体職員@派遣社員・契約社員@自営業（商工サービス）@SOHO@農林漁業@専門職（弁護士・税理士等・医療関連）@パート・アルバイト@専業主婦・主夫@学生@無職@その他の職業	「その他の職業」と回答された方は、以下に職業をご記入ください。		パート・アルバイト		1233218683
5		あなたの職業を教えてください。	会社勤務（一般社員）@会社勤務（管理職）@会社経営（経営者・役員）@公務員・教職員・非営利団体職員@派遣社員・契約社員@自営業（商工サービス）@SOHO@農林漁業@専門職（弁護士・税理士等・医療関連）@パート・アルバイト@専業主婦・主夫@学生@無職@その他の職業	「その他の職業」と回答された方は、以下に職業をご記入ください。		会社勤務（一般社員）		1233288950
5		あなたの職業を教えてください。	会社勤務（一般社員）@会社勤務（管理職）@会社経営（経営者・役員）@公務員・教職員・非営利団体職員@派遣社員・契約社員@自営業（商工サービス）@SOHO@農林漁業@専門職（弁護士・税理士等・医療関連）@パート・アルバイト@専業主婦・主夫@学生@無職@その他の職業	「その他の職業」と回答された方は、以下に職業をご記入ください。		パート・アルバイト		1235019472
5		あなたの職業を教えてください。	会社勤務（一般社員）@会社勤務（管理職）@会社経営（経営者・役員）@公務員・教職員・非営利団体職員@派遣社員・契約社員@自営業（商工サービス）@SOHO@農林漁業@専門職（弁護士・税理士等・医療関連）@パート・アルバイト@専業主婦・主夫@学生@無職@その他の職業	「その他の職業」と回答された方は、以下に職業をご記入ください。		会社勤務（一般社員）		1235722786
5		あなたの職業を教えてください。	会社勤務（一般社員）@会社勤務（管理職）@会社経営（経営者・役員）@公務員・教職員・非営利団体職員@派遣社員・契約社員@自営業（商工サービス）@SOHO@農林漁業@専門職（弁護士・税理士等・医療関連）@パート・アルバイト@専業主婦・主夫@学生@無職@その他の職業	「その他の職業」と回答された方は、以下に職業をご記入ください。		専業主婦・主夫		1236184619
5		あなたの職業を教えてください。	会社勤務（一般社員）@会社勤務（管理職）@会社経営（経営者・役員）@公務員・教職員・非営利団体職員@派遣社員・契約社員@自営業（商工サービス）@SOHO@農林漁業@専門職（弁護士・税理士等・医療関連）@パート・アルバイト@専業主婦・主夫@学生@無職@その他の職業	「その他の職業」と回答された方は、以下に職業をご記入ください。		パート・アルバイト		1236190683
5		あなたの職業を教えてください。	会社勤務（一般社員）@会社勤務（管理職）@会社経営（経営者・役員）@公務員・教職員・非営利団体職員@派遣社員・契約社員@自営業（商工サービス）@SOHO@農林漁業@専門職（弁護士・税理士等・医療関連）@パート・アルバイト@専業主婦・主夫@学生@無職@その他の職業	「その他の職業」と回答された方は、以下に職業をご記入ください。		専業主婦・主夫		1236270412
5		あなたの職業を教えてください。	会社勤務（一般社員）@会社勤務（管理職）@会社経営（経営者・役員）@公務員・教職員・非営利団体職員@派遣社員・契約社員@自営業（商工サービス）@SOHO@農林漁業@専門職（弁護士・税理士等・医療関連）@パート・アルバイト@専業主婦・主夫@学生@無職@その他の職業	「その他の職業」と回答された方は、以下に職業をご記入ください。		パート・アルバイト		1236289006
5		あなたの職業を教えてください。	会社勤務（一般社員）@会社勤務（管理職）@会社経営（経営者・役員）@公務員・教職員・非営利団体職員@派遣社員・契約社員@自営業（商工サービス）@SOHO@農林漁業@専門職（弁護士・税理士等・医療関連）@パート・アルバイト@専業主婦・主夫@学生@無職@その他の職業	「その他の職業」と回答された方は、以下に職業をご記入ください。		会社勤務（一般社員）		1237171032
5		あなたの職業を教えてください。	会社勤務（一般社員）@会社勤務（管理職）@会社経営（経営者・役員）@公務員・教職員・非営利団体職員@派遣社員・契約社員@自営業（商工サービス）@SOHO@農林漁業@専門職（弁護士・税理士等・医療関連）@パート・アルバイト@専業主婦・主夫@学生@無職@その他の職業	「その他の職業」と回答された方は、以下に職業をご記入ください。		会社経営（経営者・役員）		1237694031
5		あなたの職業を教えてください。	会社勤務（一般社員）@会社勤務（管理職）@会社経営（経営者・役員）@公務員・教職員・非営利団体職員@派遣社員・契約社員@自営業（商工サービス）@SOHO@農林漁業@専門職（弁護士・税理士等・医療関連）@パート・アルバイト@専業主婦・主夫@学生@無職@その他の職業	「その他の職業」と回答された方は、以下に職業をご記入ください。		会社勤務（一般社員）		1237721175
5		あなたの職業を教えてください。	会社勤務（一般社員）@会社勤務（管理職）@会社経営（経営者・役員）@公務員・教職員・非営利団体職員@派遣社員・契約社員@自営業（商工サービス）@SOHO@農林漁業@専門職（弁護士・税理士等・医療関連）@パート・アルバイト@専業主婦・主夫@学生@無職@その他の職業	「その他の職業」と回答された方は、以下に職業をご記入ください。		パート・アルバイト		1237758394
5		あなたの職業を教えてください。	会社勤務（一般社員）@会社勤務（管理職）@会社経営（経営者・役員）@公務員・教職員・非営利団体職員@派遣社員・契約社員@自営業（商工サービス）@SOHO@農林漁業@専門職（弁護士・税理士等・医療関連）@パート・アルバイト@専業主婦・主夫@学生@無職@その他の職業	「その他の職業」と回答された方は、以下に職業をご記入ください。		会社勤務（一般社員）		1237852166
5		あなたの職業を教えてください。	会社勤務（一般社員）@会社勤務（管理職）@会社経営（経営者・役員）@公務員・教職員・非営利団体職員@派遣社員・契約社員@自営業（商工サービス）@SOHO@農林漁業@専門職（弁護士・税理士等・医療関連）@パート・アルバイト@専業主婦・主夫@学生@無職@その他の職業	「その他の職業」と回答された方は、以下に職業をご記入ください。		パート・アルバイト		1237861172
5		あなたの職業を教えてください。	会社勤務（一般社員）@会社勤務（管理職）@会社経営（経営者・役員）@公務員・教職員・非営利団体職員@派遣社員・契約社員@自営業（商工サービス）@SOHO@農林漁業@専門職（弁護士・税理士等・医療関連）@パート・アルバイト@専業主婦・主夫@学生@無職@その他の職業	「その他の職業」と回答された方は、以下に職業をご記入ください。		会社勤務（一般社員）		1237862283
5		あなたの職業を教えてください。	会社勤務（一般社員）@会社勤務（管理職）@会社経営（経営者・役員）@公務員・教職員・非営利団体職員@派遣社員・契約社員@自営業（商工サービス）@SOHO@農林漁業@専門職（弁護士・税理士等・医療関連）@パート・アルバイト@専業主婦・主夫@学生@無職@その他の職業	「その他の職業」と回答された方は、以下に職業をご記入ください。		パート・アルバイト		1237888072
5		あなたの職業を教えてください。	会社勤務（一般社員）@会社勤務（管理職）@会社経営（経営者・役員）@公務員・教職員・非営利団体職員@派遣社員・契約社員@自営業（商工サービス）@SOHO@農林漁業@専門職（弁護士・税理士等・医療関連）@パート・アルバイト@専業主婦・主夫@学生@無職@その他の職業	「その他の職業」と回答された方は、以下に職業をご記入ください。		会社勤務（一般社員）		1237890831
5		あなたの職業を教えてください。	会社勤務（一般社員）@会社勤務（管理職）@会社経営（経営者・役員）@公務員・教職員・非営利団体職員@派遣社員・契約社員@自営業（商工サービス）@SOHO@農林漁業@専門職（弁護士・税理士等・医療関連）@パート・アルバイト@専業主婦・主夫@学生@無職@その他の職業	「その他の職業」と回答された方は、以下に職業をご記入ください。		学生		1237919503
5		あなたの職業を教えてください。	会社勤務（一般社員）@会社勤務（管理職）@会社経営（経営者・役員）@公務員・教職員・非営利団体職員@派遣社員・契約社員@自営業（商工サービス）@SOHO@農林漁業@専門職（弁護士・税理士等・医療関連）@パート・アルバイト@専業主婦・主夫@学生@無職@その他の職業	「その他の職業」と回答された方は、以下に職業をご記入ください。		会社勤務（一般社員）		1237921729
5		あなたの職業を教えてください。	会社勤務（一般社員）@会社勤務（管理職）@会社経営（経営者・役員）@公務員・教職員・非営利団体職員@派遣社員・契約社員@自営業（商工サービス）@SOHO@農林漁業@専門職（弁護士・税理士等・医療関連）@パート・アルバイト@専業主婦・主夫@学生@無職@その他の職業	「その他の職業」と回答された方は、以下に職業をご記入ください。		会社勤務（一般社員）		1238415407
5		あなたの職業を教えてください。	会社勤務（一般社員）@会社勤務（管理職）@会社経営（経営者・役員）@公務員・教職員・非営利団体職員@派遣社員・契約社員@自営業（商工サービス）@SOHO@農林漁業@専門職（弁護士・税理士等・医療関連）@パート・アルバイト@専業主婦・主夫@学生@無職@その他の職業	「その他の職業」と回答された方は、以下に職業をご記入ください。		会社勤務（一般社員）		1238555697
5		あなたの職業を教えてください。	会社勤務（一般社員）@会社勤務（管理職）@会社経営（経営者・役員）@公務員・教職員・非営利団体職員@派遣社員・契約社員@自営業（商工サービス）@SOHO@農林漁業@専門職（弁護士・税理士等・医療関連）@パート・アルバイト@専業主婦・主夫@学生@無職@その他の職業	「その他の職業」と回答された方は、以下に職業をご記入ください。		会社勤務（一般社員）		1239003249
5		あなたの職業を教えてください。	会社勤務（一般社員）@会社勤務（管理職）@会社経営（経営者・役員）@公務員・教職員・非営利団体職員@派遣社員・契約社員@自営業（商工サービス）@SOHO@農林漁業@専門職（弁護士・税理士等・医療関連）@パート・アルバイト@専業主婦・主夫@学生@無職@その他の職業	「その他の職業」と回答された方は、以下に職業をご記入ください。		パート・アルバイト		1239124747
5		あなたの職業を教えてください。	会社勤務（一般社員）@会社勤務（管理職）@会社経営（経営者・役員）@公務員・教職員・非営利団体職員@派遣社員・契約社員@自営業（商工サービス）@SOHO@農林漁業@専門職（弁護士・税理士等・医療関連）@パート・アルバイト@専業主婦・主夫@学生@無職@その他の職業	「その他の職業」と回答された方は、以下に職業をご記入ください。		学生		1239207542
5		あなたの職業を教えてください。	会社勤務（一般社員）@会社勤務（管理職）@会社経営（経営者・役員）@公務員・教職員・非営利団体職員@派遣社員・契約社員@自営業（商工サービス）@SOHO@農林漁業@専門職（弁護士・税理士等・医療関連）@パート・アルバイト@専業主婦・主夫@学生@無職@その他の職業	「その他の職業」と回答された方は、以下に職業をご記入ください。		SOHO		1239243817
6		あなたがお勤めの組織の業種を教えてください。	エネルギー・素材・産業機械@食品@飲料・嗜好品@薬品・医療用品@化粧品・トイレタリー・サニタリー@ファッション・アクセサリー@精密機械・事務用品@家電・AV機器@自動車・輸送機器@家庭用品@趣味・スポーツ用品@不動産・住宅設備@情報・通信@流通・小売業@金融・保険@交通・レジャー@外食・各種サービス@官公庁・団体@教育・医療サービス・宗教@新聞・雑誌・テレビ・ラジオ・広告等マスコミ関係@市場調査@その他@この中に当てはまるものがない	「その他」と回答したかたは、以下に業種をご記入ください。		その他		1225128428
6		あなたがお勤めの組織の業種を教えてください。	エネルギー・素材・産業機械@食品@飲料・嗜好品@薬品・医療用品@化粧品・トイレタリー・サニタリー@ファッション・アクセサリー@精密機械・事務用品@家電・AV機器@自動車・輸送機器@家庭用品@趣味・スポーツ用品@不動産・住宅設備@情報・通信@流通・小売業@金融・保険@交通・レジャー@外食・各種サービス@官公庁・団体@教育・医療サービス・宗教@新聞・雑誌・テレビ・ラジオ・広告等マスコミ関係@市場調査@その他@この中に当てはまるものがない	「その他」と回答したかたは、以下に業種をご記入ください。		情報・通信		1225630218
6		あなたがお勤めの組織の業種を教えてください。	エネルギー・素材・産業機械@食品@飲料・嗜好品@薬品・医療用品@化粧品・トイレタリー・サニタリー@ファッション・アクセサリー@精密機械・事務用品@家電・AV機器@自動車・輸送機器@家庭用品@趣味・スポーツ用品@不動産・住宅設備@情報・通信@流通・小売業@金融・保険@交通・レジャー@外食・各種サービス@官公庁・団体@教育・医療サービス・宗教@新聞・雑誌・テレビ・ラジオ・広告等マスコミ関係@市場調査@その他@この中に当てはまるものがない	「その他」と回答したかたは、以下に業種をご記入ください。		金融・保険		1225656256
6		あなたがお勤めの組織の業種を教えてください。	エネルギー・素材・産業機械@食品@飲料・嗜好品@薬品・医療用品@化粧品・トイレタリー・サニタリー@ファッション・アクセサリー@精密機械・事務用品@家電・AV機器@自動車・輸送機器@家庭用品@趣味・スポーツ用品@不動産・住宅設備@情報・通信@流通・小売業@金融・保険@交通・レジャー@外食・各種サービス@官公庁・団体@教育・医療サービス・宗教@新聞・雑誌・テレビ・ラジオ・広告等マスコミ関係@市場調査@その他@この中に当てはまるものがない	「その他」と回答したかたは、以下に業種をご記入ください。		この中に当てはまるものがない		1225681592
6		あなたがお勤めの組織の業種を教えてください。	エネルギー・素材・産業機械@食品@飲料・嗜好品@薬品・医療用品@化粧品・トイレタリー・サニタリー@ファッション・アクセサリー@精密機械・事務用品@家電・AV機器@自動車・輸送機器@家庭用品@趣味・スポーツ用品@不動産・住宅設備@情報・通信@流通・小売業@金融・保険@交通・レジャー@外食・各種サービス@官公庁・団体@教育・医療サービス・宗教@新聞・雑誌・テレビ・ラジオ・広告等マスコミ関係@市場調査@その他@この中に当てはまるものがない	「その他」と回答したかたは、以下に業種をご記入ください。		情報・通信		1226202754
6		あなたがお勤めの組織の業種を教えてください。	エネルギー・素材・産業機械@食品@飲料・嗜好品@薬品・医療用品@化粧品・トイレタリー・サニタリー@ファッション・アクセサリー@精密機械・事務用品@家電・AV機器@自動車・輸送機器@家庭用品@趣味・スポーツ用品@不動産・住宅設備@情報・通信@流通・小売業@金融・保険@交通・レジャー@外食・各種サービス@官公庁・団体@教育・医療サービス・宗教@新聞・雑誌・テレビ・ラジオ・広告等マスコミ関係@市場調査@その他@この中に当てはまるものがない	「その他」と回答したかたは、以下に業種をご記入ください。		流通・小売業		1226239803
6		あなたがお勤めの組織の業種を教えてください。	エネルギー・素材・産業機械@食品@飲料・嗜好品@薬品・医療用品@化粧品・トイレタリー・サニタリー@ファッション・アクセサリー@精密機械・事務用品@家電・AV機器@自動車・輸送機器@家庭用品@趣味・スポーツ用品@不動産・住宅設備@情報・通信@流通・小売業@金融・保険@交通・レジャー@外食・各種サービス@官公庁・団体@教育・医療サービス・宗教@新聞・雑誌・テレビ・ラジオ・広告等マスコミ関係@市場調査@その他@この中に当てはまるものがない	「その他」と回答したかたは、以下に業種をご記入ください。		この中に当てはまるものがない		1226730244
6		あなたがお勤めの組織の業種を教えてください。	エネルギー・素材・産業機械@食品@飲料・嗜好品@薬品・医療用品@化粧品・トイレタリー・サニタリー@ファッション・アクセサリー@精密機械・事務用品@家電・AV機器@自動車・輸送機器@家庭用品@趣味・スポーツ用品@不動産・住宅設備@情報・通信@流通・小売業@金融・保険@交通・レジャー@外食・各種サービス@官公庁・団体@教育・医療サービス・宗教@新聞・雑誌・テレビ・ラジオ・広告等マスコミ関係@市場調査@その他@この中に当てはまるものがない	「その他」と回答したかたは、以下に業種をご記入ください。		教育・医療サービス・宗教		1227261644
6		あなたがお勤めの組織の業種を教えてください。	エネルギー・素材・産業機械@食品@飲料・嗜好品@薬品・医療用品@化粧品・トイレタリー・サニタリー@ファッション・アクセサリー@精密機械・事務用品@家電・AV機器@自動車・輸送機器@家庭用品@趣味・スポーツ用品@不動産・住宅設備@情報・通信@流通・小売業@金融・保険@交通・レジャー@外食・各種サービス@官公庁・団体@教育・医療サービス・宗教@新聞・雑誌・テレビ・ラジオ・広告等マスコミ関係@市場調査@その他@この中に当てはまるものがない	「その他」と回答したかたは、以下に業種をご記入ください。		エネルギー・素材・産業機械		1228827982
6		あなたがお勤めの組織の業種を教えてください。	エネルギー・素材・産業機械@食品@飲料・嗜好品@薬品・医療用品@化粧品・トイレタリー・サニタリー@ファッション・アクセサリー@精密機械・事務用品@家電・AV機器@自動車・輸送機器@家庭用品@趣味・スポーツ用品@不動産・住宅設備@情報・通信@流通・小売業@金融・保険@交通・レジャー@外食・各種サービス@官公庁・団体@教育・医療サービス・宗教@新聞・雑誌・テレビ・ラジオ・広告等マスコミ関係@市場調査@その他@この中に当てはまるものがない	「その他」と回答したかたは、以下に業種をご記入ください。		官公庁・団体		1229206572
6		あなたがお勤めの組織の業種を教えてください。	エネルギー・素材・産業機械@食品@飲料・嗜好品@薬品・医療用品@化粧品・トイレタリー・サニタリー@ファッション・アクセサリー@精密機械・事務用品@家電・AV機器@自動車・輸送機器@家庭用品@趣味・スポーツ用品@不動産・住宅設備@情報・通信@流通・小売業@金融・保険@交通・レジャー@外食・各種サービス@官公庁・団体@教育・医療サービス・宗教@新聞・雑誌・テレビ・ラジオ・広告等マスコミ関係@市場調査@その他@この中に当てはまるものがない	「その他」と回答したかたは、以下に業種をご記入ください。		外食・各種サービス		1229662280
6		あなたがお勤めの組織の業種を教えてください。	エネルギー・素材・産業機械@食品@飲料・嗜好品@薬品・医療用品@化粧品・トイレタリー・サニタリー@ファッション・アクセサリー@精密機械・事務用品@家電・AV機器@自動車・輸送機器@家庭用品@趣味・スポーツ用品@不動産・住宅設備@情報・通信@流通・小売業@金融・保険@交通・レジャー@外食・各種サービス@官公庁・団体@教育・医療サービス・宗教@新聞・雑誌・テレビ・ラジオ・広告等マスコミ関係@市場調査@その他@この中に当てはまるものがない	「その他」と回答したかたは、以下に業種をご記入ください。		情報・通信		1230014803
6		あなたがお勤めの組織の業種を教えてください。	エネルギー・素材・産業機械@食品@飲料・嗜好品@薬品・医療用品@化粧品・トイレタリー・サニタリー@ファッション・アクセサリー@精密機械・事務用品@家電・AV機器@自動車・輸送機器@家庭用品@趣味・スポーツ用品@不動産・住宅設備@情報・通信@流通・小売業@金融・保険@交通・レジャー@外食・各種サービス@官公庁・団体@教育・医療サービス・宗教@新聞・雑誌・テレビ・ラジオ・広告等マスコミ関係@市場調査@その他@この中に当てはまるものがない	「その他」と回答したかたは、以下に業種をご記入ください。		不動産・住宅設備		1230240694
6		あなたがお勤めの組織の業種を教えてください。	エネルギー・素材・産業機械@食品@飲料・嗜好品@薬品・医療用品@化粧品・トイレタリー・サニタリー@ファッション・アクセサリー@精密機械・事務用品@家電・AV機器@自動車・輸送機器@家庭用品@趣味・スポーツ用品@不動産・住宅設備@情報・通信@流通・小売業@金融・保険@交通・レジャー@外食・各種サービス@官公庁・団体@教育・医療サービス・宗教@新聞・雑誌・テレビ・ラジオ・広告等マスコミ関係@市場調査@その他@この中に当てはまるものがない	「その他」と回答したかたは、以下に業種をご記入ください。		流通・小売業		1230252617
6		あなたがお勤めの組織の業種を教えてください。	エネルギー・素材・産業機械@食品@飲料・嗜好品@薬品・医療用品@化粧品・トイレタリー・サニタリー@ファッション・アクセサリー@精密機械・事務用品@家電・AV機器@自動車・輸送機器@家庭用品@趣味・スポーツ用品@不動産・住宅設備@情報・通信@流通・小売業@金融・保険@交通・レジャー@外食・各種サービス@官公庁・団体@教育・医療サービス・宗教@新聞・雑誌・テレビ・ラジオ・広告等マスコミ関係@市場調査@その他@この中に当てはまるものがない	「その他」と回答したかたは、以下に業種をご記入ください。		その他	木工品製造	1230444847
6		あなたがお勤めの組織の業種を教えてください。	エネルギー・素材・産業機械@食品@飲料・嗜好品@薬品・医療用品@化粧品・トイレタリー・サニタリー@ファッション・アクセサリー@精密機械・事務用品@家電・AV機器@自動車・輸送機器@家庭用品@趣味・スポーツ用品@不動産・住宅設備@情報・通信@流通・小売業@金融・保険@交通・レジャー@外食・各種サービス@官公庁・団体@教育・医療サービス・宗教@新聞・雑誌・テレビ・ラジオ・広告等マスコミ関係@市場調査@その他@この中に当てはまるものがない	「その他」と回答したかたは、以下に業種をご記入ください。		この中に当てはまるものがない		1230548569
6		あなたがお勤めの組織の業種を教えてください。	エネルギー・素材・産業機械@食品@飲料・嗜好品@薬品・医療用品@化粧品・トイレタリー・サニタリー@ファッション・アクセサリー@精密機械・事務用品@家電・AV機器@自動車・輸送機器@家庭用品@趣味・スポーツ用品@不動産・住宅設備@情報・通信@流通・小売業@金融・保険@交通・レジャー@外食・各種サービス@官公庁・団体@教育・医療サービス・宗教@新聞・雑誌・テレビ・ラジオ・広告等マスコミ関係@市場調査@その他@この中に当てはまるものがない	「その他」と回答したかたは、以下に業種をご記入ください。		官公庁・団体		1230595191
6		あなたがお勤めの組織の業種を教えてください。	エネルギー・素材・産業機械@食品@飲料・嗜好品@薬品・医療用品@化粧品・トイレタリー・サニタリー@ファッション・アクセサリー@精密機械・事務用品@家電・AV機器@自動車・輸送機器@家庭用品@趣味・スポーツ用品@不動産・住宅設備@情報・通信@流通・小売業@金融・保険@交通・レジャー@外食・各種サービス@官公庁・団体@教育・医療サービス・宗教@新聞・雑誌・テレビ・ラジオ・広告等マスコミ関係@市場調査@その他@この中に当てはまるものがない	「その他」と回答したかたは、以下に業種をご記入ください。		金融・保険		1231808346
6		あなたがお勤めの組織の業種を教えてください。	エネルギー・素材・産業機械@食品@飲料・嗜好品@薬品・医療用品@化粧品・トイレタリー・サニタリー@ファッション・アクセサリー@精密機械・事務用品@家電・AV機器@自動車・輸送機器@家庭用品@趣味・スポーツ用品@不動産・住宅設備@情報・通信@流通・小売業@金融・保険@交通・レジャー@外食・各種サービス@官公庁・団体@教育・医療サービス・宗教@新聞・雑誌・テレビ・ラジオ・広告等マスコミ関係@市場調査@その他@この中に当てはまるものがない	「その他」と回答したかたは、以下に業種をご記入ください。		その他		1231896540
6		あなたがお勤めの組織の業種を教えてください。	エネルギー・素材・産業機械@食品@飲料・嗜好品@薬品・医療用品@化粧品・トイレタリー・サニタリー@ファッション・アクセサリー@精密機械・事務用品@家電・AV機器@自動車・輸送機器@家庭用品@趣味・スポーツ用品@不動産・住宅設備@情報・通信@流通・小売業@金融・保険@交通・レジャー@外食・各種サービス@官公庁・団体@教育・医療サービス・宗教@新聞・雑誌・テレビ・ラジオ・広告等マスコミ関係@市場調査@その他@この中に当てはまるものがない	「その他」と回答したかたは、以下に業種をご記入ください。		趣味・スポーツ用品		1231935071
6		あなたがお勤めの組織の業種を教えてください。	エネルギー・素材・産業機械@食品@飲料・嗜好品@薬品・医療用品@化粧品・トイレタリー・サニタリー@ファッション・アクセサリー@精密機械・事務用品@家電・AV機器@自動車・輸送機器@家庭用品@趣味・スポーツ用品@不動産・住宅設備@情報・通信@流通・小売業@金融・保険@交通・レジャー@外食・各種サービス@官公庁・団体@教育・医療サービス・宗教@新聞・雑誌・テレビ・ラジオ・広告等マスコミ関係@市場調査@その他@この中に当てはまるものがない	「その他」と回答したかたは、以下に業種をご記入ください。		情報・通信		1232194638
6		あなたがお勤めの組織の業種を教えてください。	エネルギー・素材・産業機械@食品@飲料・嗜好品@薬品・医療用品@化粧品・トイレタリー・サニタリー@ファッション・アクセサリー@精密機械・事務用品@家電・AV機器@自動車・輸送機器@家庭用品@趣味・スポーツ用品@不動産・住宅設備@情報・通信@流通・小売業@金融・保険@交通・レジャー@外食・各種サービス@官公庁・団体@教育・医療サービス・宗教@新聞・雑誌・テレビ・ラジオ・広告等マスコミ関係@市場調査@その他@この中に当てはまるものがない	「その他」と回答したかたは、以下に業種をご記入ください。		情報・通信		1232200499
6		あなたがお勤めの組織の業種を教えてください。	エネルギー・素材・産業機械@食品@飲料・嗜好品@薬品・医療用品@化粧品・トイレタリー・サニタリー@ファッション・アクセサリー@精密機械・事務用品@家電・AV機器@自動車・輸送機器@家庭用品@趣味・スポーツ用品@不動産・住宅設備@情報・通信@流通・小売業@金融・保険@交通・レジャー@外食・各種サービス@官公庁・団体@教育・医療サービス・宗教@新聞・雑誌・テレビ・ラジオ・広告等マスコミ関係@市場調査@その他@この中に当てはまるものがない	「その他」と回答したかたは、以下に業種をご記入ください。		自動車・輸送機器		1232205184
6		あなたがお勤めの組織の業種を教えてください。	エネルギー・素材・産業機械@食品@飲料・嗜好品@薬品・医療用品@化粧品・トイレタリー・サニタリー@ファッション・アクセサリー@精密機械・事務用品@家電・AV機器@自動車・輸送機器@家庭用品@趣味・スポーツ用品@不動産・住宅設備@情報・通信@流通・小売業@金融・保険@交通・レジャー@外食・各種サービス@官公庁・団体@教育・医療サービス・宗教@新聞・雑誌・テレビ・ラジオ・広告等マスコミ関係@市場調査@その他@この中に当てはまるものがない	「その他」と回答したかたは、以下に業種をご記入ください。		この中に当てはまるものがない		1232645848
6		あなたがお勤めの組織の業種を教えてください。	エネルギー・素材・産業機械@食品@飲料・嗜好品@薬品・医療用品@化粧品・トイレタリー・サニタリー@ファッション・アクセサリー@精密機械・事務用品@家電・AV機器@自動車・輸送機器@家庭用品@趣味・スポーツ用品@不動産・住宅設備@情報・通信@流通・小売業@金融・保険@交通・レジャー@外食・各種サービス@官公庁・団体@教育・医療サービス・宗教@新聞・雑誌・テレビ・ラジオ・広告等マスコミ関係@市場調査@その他@この中に当てはまるものがない	「その他」と回答したかたは、以下に業種をご記入ください。		この中に当てはまるものがない		1233128828
6		あなたがお勤めの組織の業種を教えてください。	エネルギー・素材・産業機械@食品@飲料・嗜好品@薬品・医療用品@化粧品・トイレタリー・サニタリー@ファッション・アクセサリー@精密機械・事務用品@家電・AV機器@自動車・輸送機器@家庭用品@趣味・スポーツ用品@不動産・住宅設備@情報・通信@流通・小売業@金融・保険@交通・レジャー@外食・各種サービス@官公庁・団体@教育・医療サービス・宗教@新聞・雑誌・テレビ・ラジオ・広告等マスコミ関係@市場調査@その他@この中に当てはまるものがない	「その他」と回答したかたは、以下に業種をご記入ください。		外食・各種サービス		1233218683
6		あなたがお勤めの組織の業種を教えてください。	エネルギー・素材・産業機械@食品@飲料・嗜好品@薬品・医療用品@化粧品・トイレタリー・サニタリー@ファッション・アクセサリー@精密機械・事務用品@家電・AV機器@自動車・輸送機器@家庭用品@趣味・スポーツ用品@不動産・住宅設備@情報・通信@流通・小売業@金融・保険@交通・レジャー@外食・各種サービス@官公庁・団体@教育・医療サービス・宗教@新聞・雑誌・テレビ・ラジオ・広告等マスコミ関係@市場調査@その他@この中に当てはまるものがない	「その他」と回答したかたは、以下に業種をご記入ください。		流通・小売業		1233288950
6		あなたがお勤めの組織の業種を教えてください。	エネルギー・素材・産業機械@食品@飲料・嗜好品@薬品・医療用品@化粧品・トイレタリー・サニタリー@ファッション・アクセサリー@精密機械・事務用品@家電・AV機器@自動車・輸送機器@家庭用品@趣味・スポーツ用品@不動産・住宅設備@情報・通信@流通・小売業@金融・保険@交通・レジャー@外食・各種サービス@官公庁・団体@教育・医療サービス・宗教@新聞・雑誌・テレビ・ラジオ・広告等マスコミ関係@市場調査@その他@この中に当てはまるものがない	「その他」と回答したかたは、以下に業種をご記入ください。		外食・各種サービス		1235019472
6		あなたがお勤めの組織の業種を教えてください。	エネルギー・素材・産業機械@食品@飲料・嗜好品@薬品・医療用品@化粧品・トイレタリー・サニタリー@ファッション・アクセサリー@精密機械・事務用品@家電・AV機器@自動車・輸送機器@家庭用品@趣味・スポーツ用品@不動産・住宅設備@情報・通信@流通・小売業@金融・保険@交通・レジャー@外食・各種サービス@官公庁・団体@教育・医療サービス・宗教@新聞・雑誌・テレビ・ラジオ・広告等マスコミ関係@市場調査@その他@この中に当てはまるものがない	「その他」と回答したかたは、以下に業種をご記入ください。		飲料・嗜好品		1235722786
6		あなたがお勤めの組織の業種を教えてください。	エネルギー・素材・産業機械@食品@飲料・嗜好品@薬品・医療用品@化粧品・トイレタリー・サニタリー@ファッション・アクセサリー@精密機械・事務用品@家電・AV機器@自動車・輸送機器@家庭用品@趣味・スポーツ用品@不動産・住宅設備@情報・通信@流通・小売業@金融・保険@交通・レジャー@外食・各種サービス@官公庁・団体@教育・医療サービス・宗教@新聞・雑誌・テレビ・ラジオ・広告等マスコミ関係@市場調査@その他@この中に当てはまるものがない	「その他」と回答したかたは、以下に業種をご記入ください。		この中に当てはまるものがない		1236184619
6		あなたがお勤めの組織の業種を教えてください。	エネルギー・素材・産業機械@食品@飲料・嗜好品@薬品・医療用品@化粧品・トイレタリー・サニタリー@ファッション・アクセサリー@精密機械・事務用品@家電・AV機器@自動車・輸送機器@家庭用品@趣味・スポーツ用品@不動産・住宅設備@情報・通信@流通・小売業@金融・保険@交通・レジャー@外食・各種サービス@官公庁・団体@教育・医療サービス・宗教@新聞・雑誌・テレビ・ラジオ・広告等マスコミ関係@市場調査@その他@この中に当てはまるものがない	「その他」と回答したかたは、以下に業種をご記入ください。		流通・小売業		1236190683
6		あなたがお勤めの組織の業種を教えてください。	エネルギー・素材・産業機械@食品@飲料・嗜好品@薬品・医療用品@化粧品・トイレタリー・サニタリー@ファッション・アクセサリー@精密機械・事務用品@家電・AV機器@自動車・輸送機器@家庭用品@趣味・スポーツ用品@不動産・住宅設備@情報・通信@流通・小売業@金融・保険@交通・レジャー@外食・各種サービス@官公庁・団体@教育・医療サービス・宗教@新聞・雑誌・テレビ・ラジオ・広告等マスコミ関係@市場調査@その他@この中に当てはまるものがない	「その他」と回答したかたは、以下に業種をご記入ください。		この中に当てはまるものがない		1236270412
6		あなたがお勤めの組織の業種を教えてください。	エネルギー・素材・産業機械@食品@飲料・嗜好品@薬品・医療用品@化粧品・トイレタリー・サニタリー@ファッション・アクセサリー@精密機械・事務用品@家電・AV機器@自動車・輸送機器@家庭用品@趣味・スポーツ用品@不動産・住宅設備@情報・通信@流通・小売業@金融・保険@交通・レジャー@外食・各種サービス@官公庁・団体@教育・医療サービス・宗教@新聞・雑誌・テレビ・ラジオ・広告等マスコミ関係@市場調査@その他@この中に当てはまるものがない	「その他」と回答したかたは、以下に業種をご記入ください。		外食・各種サービス		1236289006
6		あなたがお勤めの組織の業種を教えてください。	エネルギー・素材・産業機械@食品@飲料・嗜好品@薬品・医療用品@化粧品・トイレタリー・サニタリー@ファッション・アクセサリー@精密機械・事務用品@家電・AV機器@自動車・輸送機器@家庭用品@趣味・スポーツ用品@不動産・住宅設備@情報・通信@流通・小売業@金融・保険@交通・レジャー@外食・各種サービス@官公庁・団体@教育・医療サービス・宗教@新聞・雑誌・テレビ・ラジオ・広告等マスコミ関係@市場調査@その他@この中に当てはまるものがない	「その他」と回答したかたは、以下に業種をご記入ください。		この中に当てはまるものがない	印刷デザイン	1237171032
6		あなたがお勤めの組織の業種を教えてください。	エネルギー・素材・産業機械@食品@飲料・嗜好品@薬品・医療用品@化粧品・トイレタリー・サニタリー@ファッション・アクセサリー@精密機械・事務用品@家電・AV機器@自動車・輸送機器@家庭用品@趣味・スポーツ用品@不動産・住宅設備@情報・通信@流通・小売業@金融・保険@交通・レジャー@外食・各種サービス@官公庁・団体@教育・医療サービス・宗教@新聞・雑誌・テレビ・ラジオ・広告等マスコミ関係@市場調査@その他@この中に当てはまるものがない	「その他」と回答したかたは、以下に業種をご記入ください。		不動産・住宅設備		1237694031
6		あなたがお勤めの組織の業種を教えてください。	エネルギー・素材・産業機械@食品@飲料・嗜好品@薬品・医療用品@化粧品・トイレタリー・サニタリー@ファッション・アクセサリー@精密機械・事務用品@家電・AV機器@自動車・輸送機器@家庭用品@趣味・スポーツ用品@不動産・住宅設備@情報・通信@流通・小売業@金融・保険@交通・レジャー@外食・各種サービス@官公庁・団体@教育・医療サービス・宗教@新聞・雑誌・テレビ・ラジオ・広告等マスコミ関係@市場調査@その他@この中に当てはまるものがない	「その他」と回答したかたは、以下に業種をご記入ください。		情報・通信		1237721175
6		あなたがお勤めの組織の業種を教えてください。	エネルギー・素材・産業機械@食品@飲料・嗜好品@薬品・医療用品@化粧品・トイレタリー・サニタリー@ファッション・アクセサリー@精密機械・事務用品@家電・AV機器@自動車・輸送機器@家庭用品@趣味・スポーツ用品@不動産・住宅設備@情報・通信@流通・小売業@金融・保険@交通・レジャー@外食・各種サービス@官公庁・団体@教育・医療サービス・宗教@新聞・雑誌・テレビ・ラジオ・広告等マスコミ関係@市場調査@その他@この中に当てはまるものがない	「その他」と回答したかたは、以下に業種をご記入ください。		家庭用品		1237758394
6		あなたがお勤めの組織の業種を教えてください。	エネルギー・素材・産業機械@食品@飲料・嗜好品@薬品・医療用品@化粧品・トイレタリー・サニタリー@ファッション・アクセサリー@精密機械・事務用品@家電・AV機器@自動車・輸送機器@家庭用品@趣味・スポーツ用品@不動産・住宅設備@情報・通信@流通・小売業@金融・保険@交通・レジャー@外食・各種サービス@官公庁・団体@教育・医療サービス・宗教@新聞・雑誌・テレビ・ラジオ・広告等マスコミ関係@市場調査@その他@この中に当てはまるものがない	「その他」と回答したかたは、以下に業種をご記入ください。		家庭用品		1237852166
6		あなたがお勤めの組織の業種を教えてください。	エネルギー・素材・産業機械@食品@飲料・嗜好品@薬品・医療用品@化粧品・トイレタリー・サニタリー@ファッション・アクセサリー@精密機械・事務用品@家電・AV機器@自動車・輸送機器@家庭用品@趣味・スポーツ用品@不動産・住宅設備@情報・通信@流通・小売業@金融・保険@交通・レジャー@外食・各種サービス@官公庁・団体@教育・医療サービス・宗教@新聞・雑誌・テレビ・ラジオ・広告等マスコミ関係@市場調査@その他@この中に当てはまるものがない	「その他」と回答したかたは、以下に業種をご記入ください。		流通・小売業		1237861172
6		あなたがお勤めの組織の業種を教えてください。	エネルギー・素材・産業機械@食品@飲料・嗜好品@薬品・医療用品@化粧品・トイレタリー・サニタリー@ファッション・アクセサリー@精密機械・事務用品@家電・AV機器@自動車・輸送機器@家庭用品@趣味・スポーツ用品@不動産・住宅設備@情報・通信@流通・小売業@金融・保険@交通・レジャー@外食・各種サービス@官公庁・団体@教育・医療サービス・宗教@新聞・雑誌・テレビ・ラジオ・広告等マスコミ関係@市場調査@その他@この中に当てはまるものがない	「その他」と回答したかたは、以下に業種をご記入ください。		この中に当てはまるものがない		1237862283
6		あなたがお勤めの組織の業種を教えてください。	エネルギー・素材・産業機械@食品@飲料・嗜好品@薬品・医療用品@化粧品・トイレタリー・サニタリー@ファッション・アクセサリー@精密機械・事務用品@家電・AV機器@自動車・輸送機器@家庭用品@趣味・スポーツ用品@不動産・住宅設備@情報・通信@流通・小売業@金融・保険@交通・レジャー@外食・各種サービス@官公庁・団体@教育・医療サービス・宗教@新聞・雑誌・テレビ・ラジオ・広告等マスコミ関係@市場調査@その他@この中に当てはまるものがない	「その他」と回答したかたは、以下に業種をご記入ください。		情報・通信		1237888072
6		あなたがお勤めの組織の業種を教えてください。	エネルギー・素材・産業機械@食品@飲料・嗜好品@薬品・医療用品@化粧品・トイレタリー・サニタリー@ファッション・アクセサリー@精密機械・事務用品@家電・AV機器@自動車・輸送機器@家庭用品@趣味・スポーツ用品@不動産・住宅設備@情報・通信@流通・小売業@金融・保険@交通・レジャー@外食・各種サービス@官公庁・団体@教育・医療サービス・宗教@新聞・雑誌・テレビ・ラジオ・広告等マスコミ関係@市場調査@その他@この中に当てはまるものがない	「その他」と回答したかたは、以下に業種をご記入ください。		流通・小売業		1237890831
6		あなたがお勤めの組織の業種を教えてください。	エネルギー・素材・産業機械@食品@飲料・嗜好品@薬品・医療用品@化粧品・トイレタリー・サニタリー@ファッション・アクセサリー@精密機械・事務用品@家電・AV機器@自動車・輸送機器@家庭用品@趣味・スポーツ用品@不動産・住宅設備@情報・通信@流通・小売業@金融・保険@交通・レジャー@外食・各種サービス@官公庁・団体@教育・医療サービス・宗教@新聞・雑誌・テレビ・ラジオ・広告等マスコミ関係@市場調査@その他@この中に当てはまるものがない	「その他」と回答したかたは、以下に業種をご記入ください。		この中に当てはまるものがない		1237919503
6		あなたがお勤めの組織の業種を教えてください。	エネルギー・素材・産業機械@食品@飲料・嗜好品@薬品・医療用品@化粧品・トイレタリー・サニタリー@ファッション・アクセサリー@精密機械・事務用品@家電・AV機器@自動車・輸送機器@家庭用品@趣味・スポーツ用品@不動産・住宅設備@情報・通信@流通・小売業@金融・保険@交通・レジャー@外食・各種サービス@官公庁・団体@教育・医療サービス・宗教@新聞・雑誌・テレビ・ラジオ・広告等マスコミ関係@市場調査@その他@この中に当てはまるものがない	「その他」と回答したかたは、以下に業種をご記入ください。		食品		1237921729
6		あなたがお勤めの組織の業種を教えてください。	エネルギー・素材・産業機械@食品@飲料・嗜好品@薬品・医療用品@化粧品・トイレタリー・サニタリー@ファッション・アクセサリー@精密機械・事務用品@家電・AV機器@自動車・輸送機器@家庭用品@趣味・スポーツ用品@不動産・住宅設備@情報・通信@流通・小売業@金融・保険@交通・レジャー@外食・各種サービス@官公庁・団体@教育・医療サービス・宗教@新聞・雑誌・テレビ・ラジオ・広告等マスコミ関係@市場調査@その他@この中に当てはまるものがない	「その他」と回答したかたは、以下に業種をご記入ください。		不動産・住宅設備		1238415407
6		あなたがお勤めの組織の業種を教えてください。	エネルギー・素材・産業機械@食品@飲料・嗜好品@薬品・医療用品@化粧品・トイレタリー・サニタリー@ファッション・アクセサリー@精密機械・事務用品@家電・AV機器@自動車・輸送機器@家庭用品@趣味・スポーツ用品@不動産・住宅設備@情報・通信@流通・小売業@金融・保険@交通・レジャー@外食・各種サービス@官公庁・団体@教育・医療サービス・宗教@新聞・雑誌・テレビ・ラジオ・広告等マスコミ関係@市場調査@その他@この中に当てはまるものがない	「その他」と回答したかたは、以下に業種をご記入ください。		その他	建築	1238555697
6		あなたがお勤めの組織の業種を教えてください。	エネルギー・素材・産業機械@食品@飲料・嗜好品@薬品・医療用品@化粧品・トイレタリー・サニタリー@ファッション・アクセサリー@精密機械・事務用品@家電・AV機器@自動車・輸送機器@家庭用品@趣味・スポーツ用品@不動産・住宅設備@情報・通信@流通・小売業@金融・保険@交通・レジャー@外食・各種サービス@官公庁・団体@教育・医療サービス・宗教@新聞・雑誌・テレビ・ラジオ・広告等マスコミ関係@市場調査@その他@この中に当てはまるものがない	「その他」と回答したかたは、以下に業種をご記入ください。		交通・レジャー		1239003249
6		あなたがお勤めの組織の業種を教えてください。	エネルギー・素材・産業機械@食品@飲料・嗜好品@薬品・医療用品@化粧品・トイレタリー・サニタリー@ファッション・アクセサリー@精密機械・事務用品@家電・AV機器@自動車・輸送機器@家庭用品@趣味・スポーツ用品@不動産・住宅設備@情報・通信@流通・小売業@金融・保険@交通・レジャー@外食・各種サービス@官公庁・団体@教育・医療サービス・宗教@新聞・雑誌・テレビ・ラジオ・広告等マスコミ関係@市場調査@その他@この中に当てはまるものがない	「その他」と回答したかたは、以下に業種をご記入ください。		教育・医療サービス・宗教		1239124747
6		あなたがお勤めの組織の業種を教えてください。	エネルギー・素材・産業機械@食品@飲料・嗜好品@薬品・医療用品@化粧品・トイレタリー・サニタリー@ファッション・アクセサリー@精密機械・事務用品@家電・AV機器@自動車・輸送機器@家庭用品@趣味・スポーツ用品@不動産・住宅設備@情報・通信@流通・小売業@金融・保険@交通・レジャー@外食・各種サービス@官公庁・団体@教育・医療サービス・宗教@新聞・雑誌・テレビ・ラジオ・広告等マスコミ関係@市場調査@その他@この中に当てはまるものがない	「その他」と回答したかたは、以下に業種をご記入ください。		この中に当てはまるものがない		1239207542
6		あなたがお勤めの組織の業種を教えてください。	エネルギー・素材・産業機械@食品@飲料・嗜好品@薬品・医療用品@化粧品・トイレタリー・サニタリー@ファッション・アクセサリー@精密機械・事務用品@家電・AV機器@自動車・輸送機器@家庭用品@趣味・スポーツ用品@不動産・住宅設備@情報・通信@流通・小売業@金融・保険@交通・レジャー@外食・各種サービス@官公庁・団体@教育・医療サービス・宗教@新聞・雑誌・テレビ・ラジオ・広告等マスコミ関係@市場調査@その他@この中に当てはまるものがない	「その他」と回答したかたは、以下に業種をご記入ください。		その他	グラフィックデザイン	1239243817
7		あなたが今使用しているキーボードのキー配列について教えてください。	日本語配列（JIS配列）##※一般的にはこちらが使用されています。	https://crowdsourcing-pctr.c.yimg.jp/BgIFgYJGVIVv8u0nVJvw8Hh6g6tTQ94_GtbibT0M2tGibgzMKCIgriJiGFe6eP88ANkjrMHnzYaHAcQAjsVjqwwZRw_FMzoPg2QRJwCNmnO0PtPdBKQhMBr-E9EVUN-BZLXnimzemwd-rirBNcfumAkLWAmAOAEQszshvWazv2hoE7ie47HZ2tVV9mt_goSmtIPkH2f2ooQ49DaBDWtGHQ==	英語配列（US配列）	https://crowdsourcing-pctr.c.yimg.jp/BgIFgYJGVIVv8u0nVJvw8Hh6g6tTQ94_GtbibT0M2tGibgzMKCIgriJiGFe6eP88ANkjrMHnzYaHAcQAjsVjq4nVWzXhUs9ffdQOomiKRcYRukgZQWudcFTJxB0re9c3nFSsKQ-gYIO2yrkwWTx5cUHxJERprdcEyb5QCOaEJckQUdc-HA-jHe-brRcSOUG-03jpgfAqA7wmCgabzhgGiw==	日本語配列（JIS配列）@英語配列（US配列）@その他	「その他」と回答したかたは、以下にキー配列をご記入ください。			日本語配列（JIS配列）		1225128428
7		あなたが今使用しているキーボードのキー配列について教えてください。	日本語配列（JIS配列）##※一般的にはこちらが使用されています。	https://crowdsourcing-pctr.c.yimg.jp/BgIFgYJGVIVv8u0nVJvw8Hh6g6tTQ94_GtbibT0M2tGibgzMKCIgriJiGFe6eP88ANkjrMHnzYaHAcQAjsVjqwwZRw_FMzoPg2QRJwCNmnO0PtPdBKQhMBr-E9EVUN-BZLXnimzemwd-rirBNcfumAkLWAmAOAEQszshvWazv2hoE7ie47HZ2tVV9mt_goSmtIPkH2f2ooQ49DaBDWtGHQ==	英語配列（US配列）	https://crowdsourcing-pctr.c.yimg.jp/BgIFgYJGVIVv8u0nVJvw8Hh6g6tTQ94_GtbibT0M2tGibgzMKCIgriJiGFe6eP88ANkjrMHnzYaHAcQAjsVjq4nVWzXhUs9ffdQOomiKRcYRukgZQWudcFTJxB0re9c3nFSsKQ-gYIO2yrkwWTx5cUHxJERprdcEyb5QCOaEJckQUdc-HA-jHe-brRcSOUG-03jpgfAqA7wmCgabzhgGiw==	日本語配列（JIS配列）@英語配列（US配列）@その他	「その他」と回答したかたは、以下にキー配列をご記入ください。			日本語配列（JIS配列）		1225630218
7		あなたが今使用しているキーボードのキー配列について教えてください。	日本語配列（JIS配列）##※一般的にはこちらが使用されています。	https://crowdsourcing-pctr.c.yimg.jp/BgIFgYJGVIVv8u0nVJvw8Hh6g6tTQ94_GtbibT0M2tGibgzMKCIgriJiGFe6eP88ANkjrMHnzYaHAcQAjsVjqwwZRw_FMzoPg2QRJwCNmnO0PtPdBKQhMBr-E9EVUN-BZLXnimzemwd-rirBNcfumAkLWAmAOAEQszshvWazv2hoE7ie47HZ2tVV9mt_goSmtIPkH2f2ooQ49DaBDWtGHQ==	英語配列（US配列）	https://crowdsourcing-pctr.c.yimg.jp/BgIFgYJGVIVv8u0nVJvw8Hh6g6tTQ94_GtbibT0M2tGibgzMKCIgriJiGFe6eP88ANkjrMHnzYaHAcQAjsVjq4nVWzXhUs9ffdQOomiKRcYRukgZQWudcFTJxB0re9c3nFSsKQ-gYIO2yrkwWTx5cUHxJERprdcEyb5QCOaEJckQUdc-HA-jHe-brRcSOUG-03jpgfAqA7wmCgabzhgGiw==	日本語配列（JIS配列）@英語配列（US配列）@その他	「その他」と回答したかたは、以下にキー配列をご記入ください。			英語配列（US配列）		1225656256
7		あなたが今使用しているキーボードのキー配列について教えてください。	日本語配列（JIS配列）##※一般的にはこちらが使用されています。	https://crowdsourcing-pctr.c.yimg.jp/BgIFgYJGVIVv8u0nVJvw8Hh6g6tTQ94_GtbibT0M2tGibgzMKCIgriJiGFe6eP88ANkjrMHnzYaHAcQAjsVjqwwZRw_FMzoPg2QRJwCNmnO0PtPdBKQhMBr-E9EVUN-BZLXnimzemwd-rirBNcfumAkLWAmAOAEQszshvWazv2hoE7ie47HZ2tVV9mt_goSmtIPkH2f2ooQ49DaBDWtGHQ==	英語配列（US配列）	https://crowdsourcing-pctr.c.yimg.jp/BgIFgYJGVIVv8u0nVJvw8Hh6g6tTQ94_GtbibT0M2tGibgzMKCIgriJiGFe6eP88ANkjrMHnzYaHAcQAjsVjq4nVWzXhUs9ffdQOomiKRcYRukgZQWudcFTJxB0re9c3nFSsKQ-gYIO2yrkwWTx5cUHxJERprdcEyb5QCOaEJckQUdc-HA-jHe-brRcSOUG-03jpgfAqA7wmCgabzhgGiw==	日本語配列（JIS配列）@英語配列（US配列）@その他	「その他」と回答したかたは、以下にキー配列をご記入ください。			日本語配列（JIS配列）		1225681592
7		あなたが今使用しているキーボードのキー配列について教えてください。	日本語配列（JIS配列）##※一般的にはこちらが使用されています。	https://crowdsourcing-pctr.c.yimg.jp/BgIFgYJGVIVv8u0nVJvw8Hh6g6tTQ94_GtbibT0M2tGibgzMKCIgriJiGFe6eP88ANkjrMHnzYaHAcQAjsVjqwwZRw_FMzoPg2QRJwCNmnO0PtPdBKQhMBr-E9EVUN-BZLXnimzemwd-rirBNcfumAkLWAmAOAEQszshvWazv2hoE7ie47HZ2tVV9mt_goSmtIPkH2f2ooQ49DaBDWtGHQ==	英語配列（US配列）	https://crowdsourcing-pctr.c.yimg.jp/BgIFgYJGVIVv8u0nVJvw8Hh6g6tTQ94_GtbibT0M2tGibgzMKCIgriJiGFe6eP88ANkjrMHnzYaHAcQAjsVjq4nVWzXhUs9ffdQOomiKRcYRukgZQWudcFTJxB0re9c3nFSsKQ-gYIO2yrkwWTx5cUHxJERprdcEyb5QCOaEJckQUdc-HA-jHe-brRcSOUG-03jpgfAqA7wmCgabzhgGiw==	日本語配列（JIS配列）@英語配列（US配列）@その他	「その他」と回答したかたは、以下にキー配列をご記入ください。			日本語配列（JIS配列）		1226202754
7		あなたが今使用しているキーボードのキー配列について教えてください。	日本語配列（JIS配列）##※一般的にはこちらが使用されています。	https://crowdsourcing-pctr.c.yimg.jp/BgIFgYJGVIVv8u0nVJvw8Hh6g6tTQ94_GtbibT0M2tGibgzMKCIgriJiGFe6eP88ANkjrMHnzYaHAcQAjsVjqwwZRw_FMzoPg2QRJwCNmnO0PtPdBKQhMBr-E9EVUN-BZLXnimzemwd-rirBNcfumAkLWAmAOAEQszshvWazv2hoE7ie47HZ2tVV9mt_goSmtIPkH2f2ooQ49DaBDWtGHQ==	英語配列（US配列）	https://crowdsourcing-pctr.c.yimg.jp/BgIFgYJGVIVv8u0nVJvw8Hh6g6tTQ94_GtbibT0M2tGibgzMKCIgriJiGFe6eP88ANkjrMHnzYaHAcQAjsVjq4nVWzXhUs9ffdQOomiKRcYRukgZQWudcFTJxB0re9c3nFSsKQ-gYIO2yrkwWTx5cUHxJERprdcEyb5QCOaEJckQUdc-HA-jHe-brRcSOUG-03jpgfAqA7wmCgabzhgGiw==	日本語配列（JIS配列）@英語配列（US配列）@その他	「その他」と回答したかたは、以下にキー配列をご記入ください。			日本語配列（JIS配列）		1226239803
7		あなたが今使用しているキーボードのキー配列について教えてください。	日本語配列（JIS配列）##※一般的にはこちらが使用されています。	https://crowdsourcing-pctr.c.yimg.jp/BgIFgYJGVIVv8u0nVJvw8Hh6g6tTQ94_GtbibT0M2tGibgzMKCIgriJiGFe6eP88ANkjrMHnzYaHAcQAjsVjqwwZRw_FMzoPg2QRJwCNmnO0PtPdBKQhMBr-E9EVUN-BZLXnimzemwd-rirBNcfumAkLWAmAOAEQszshvWazv2hoE7ie47HZ2tVV9mt_goSmtIPkH2f2ooQ49DaBDWtGHQ==	英語配列（US配列）	https://crowdsourcing-pctr.c.yimg.jp/BgIFgYJGVIVv8u0nVJvw8Hh6g6tTQ94_GtbibT0M2tGibgzMKCIgriJiGFe6eP88ANkjrMHnzYaHAcQAjsVjq4nVWzXhUs9ffdQOomiKRcYRukgZQWudcFTJxB0re9c3nFSsKQ-gYIO2yrkwWTx5cUHxJERprdcEyb5QCOaEJckQUdc-HA-jHe-brRcSOUG-03jpgfAqA7wmCgabzhgGiw==	日本語配列（JIS配列）@英語配列（US配列）@その他	「その他」と回答したかたは、以下にキー配列をご記入ください。			日本語配列（JIS配列）		1226730244
7		あなたが今使用しているキーボードのキー配列について教えてください。	日本語配列（JIS配列）##※一般的にはこちらが使用されています。	https://crowdsourcing-pctr.c.yimg.jp/BgIFgYJGVIVv8u0nVJvw8Hh6g6tTQ94_GtbibT0M2tGibgzMKCIgriJiGFe6eP88ANkjrMHnzYaHAcQAjsVjqwwZRw_FMzoPg2QRJwCNmnO0PtPdBKQhMBr-E9EVUN-BZLXnimzemwd-rirBNcfumAkLWAmAOAEQszshvWazv2hoE7ie47HZ2tVV9mt_goSmtIPkH2f2ooQ49DaBDWtGHQ==	英語配列（US配列）	https://crowdsourcing-pctr.c.yimg.jp/BgIFgYJGVIVv8u0nVJvw8Hh6g6tTQ94_GtbibT0M2tGibgzMKCIgriJiGFe6eP88ANkjrMHnzYaHAcQAjsVjq4nVWzXhUs9ffdQOomiKRcYRukgZQWudcFTJxB0re9c3nFSsKQ-gYIO2yrkwWTx5cUHxJERprdcEyb5QCOaEJckQUdc-HA-jHe-brRcSOUG-03jpgfAqA7wmCgabzhgGiw==	日本語配列（JIS配列）@英語配列（US配列）@その他	「その他」と回答したかたは、以下にキー配列をご記入ください。			日本語配列（JIS配列）		1227261644
7		あなたが今使用しているキーボードのキー配列について教えてください。	日本語配列（JIS配列）##※一般的にはこちらが使用されています。	https://crowdsourcing-pctr.c.yimg.jp/BgIFgYJGVIVv8u0nVJvw8Hh6g6tTQ94_GtbibT0M2tGibgzMKCIgriJiGFe6eP88ANkjrMHnzYaHAcQAjsVjqwwZRw_FMzoPg2QRJwCNmnO0PtPdBKQhMBr-E9EVUN-BZLXnimzemwd-rirBNcfumAkLWAmAOAEQszshvWazv2hoE7ie47HZ2tVV9mt_goSmtIPkH2f2ooQ49DaBDWtGHQ==	英語配列（US配列）	https://crowdsourcing-pctr.c.yimg.jp/BgIFgYJGVIVv8u0nVJvw8Hh6g6tTQ94_GtbibT0M2tGibgzMKCIgriJiGFe6eP88ANkjrMHnzYaHAcQAjsVjq4nVWzXhUs9ffdQOomiKRcYRukgZQWudcFTJxB0re9c3nFSsKQ-gYIO2yrkwWTx5cUHxJERprdcEyb5QCOaEJckQUdc-HA-jHe-brRcSOUG-03jpgfAqA7wmCgabzhgGiw==	日本語配列（JIS配列）@英語配列（US配列）@その他	「その他」と回答したかたは、以下にキー配列をご記入ください。			日本語配列（JIS配列）		1228827982
7		あなたが今使用しているキーボードのキー配列について教えてください。	日本語配列（JIS配列）##※一般的にはこちらが使用されています。	https://crowdsourcing-pctr.c.yimg.jp/BgIFgYJGVIVv8u0nVJvw8Hh6g6tTQ94_GtbibT0M2tGibgzMKCIgriJiGFe6eP88ANkjrMHnzYaHAcQAjsVjqwwZRw_FMzoPg2QRJwCNmnO0PtPdBKQhMBr-E9EVUN-BZLXnimzemwd-rirBNcfumAkLWAmAOAEQszshvWazv2hoE7ie47HZ2tVV9mt_goSmtIPkH2f2ooQ49DaBDWtGHQ==	英語配列（US配列）	https://crowdsourcing-pctr.c.yimg.jp/BgIFgYJGVIVv8u0nVJvw8Hh6g6tTQ94_GtbibT0M2tGibgzMKCIgriJiGFe6eP88ANkjrMHnzYaHAcQAjsVjq4nVWzXhUs9ffdQOomiKRcYRukgZQWudcFTJxB0re9c3nFSsKQ-gYIO2yrkwWTx5cUHxJERprdcEyb5QCOaEJckQUdc-HA-jHe-brRcSOUG-03jpgfAqA7wmCgabzhgGiw==	日本語配列（JIS配列）@英語配列（US配列）@その他	「その他」と回答したかたは、以下にキー配列をご記入ください。			日本語配列（JIS配列）		1229206572
7		あなたが今使用しているキーボードのキー配列について教えてください。	日本語配列（JIS配列）##※一般的にはこちらが使用されています。	https://crowdsourcing-pctr.c.yimg.jp/BgIFgYJGVIVv8u0nVJvw8Hh6g6tTQ94_GtbibT0M2tGibgzMKCIgriJiGFe6eP88ANkjrMHnzYaHAcQAjsVjqwwZRw_FMzoPg2QRJwCNmnO0PtPdBKQhMBr-E9EVUN-BZLXnimzemwd-rirBNcfumAkLWAmAOAEQszshvWazv2hoE7ie47HZ2tVV9mt_goSmtIPkH2f2ooQ49DaBDWtGHQ==	英語配列（US配列）	https://crowdsourcing-pctr.c.yimg.jp/BgIFgYJGVIVv8u0nVJvw8Hh6g6tTQ94_GtbibT0M2tGibgzMKCIgriJiGFe6eP88ANkjrMHnzYaHAcQAjsVjq4nVWzXhUs9ffdQOomiKRcYRukgZQWudcFTJxB0re9c3nFSsKQ-gYIO2yrkwWTx5cUHxJERprdcEyb5QCOaEJckQUdc-HA-jHe-brRcSOUG-03jpgfAqA7wmCgabzhgGiw==	日本語配列（JIS配列）@英語配列（US配列）@その他	「その他」と回答したかたは、以下にキー配列をご記入ください。			日本語配列（JIS配列）		1229662280
7		あなたが今使用しているキーボードのキー配列について教えてください。	日本語配列（JIS配列）##※一般的にはこちらが使用されています。	https://crowdsourcing-pctr.c.yimg.jp/BgIFgYJGVIVv8u0nVJvw8Hh6g6tTQ94_GtbibT0M2tGibgzMKCIgriJiGFe6eP88ANkjrMHnzYaHAcQAjsVjqwwZRw_FMzoPg2QRJwCNmnO0PtPdBKQhMBr-E9EVUN-BZLXnimzemwd-rirBNcfumAkLWAmAOAEQszshvWazv2hoE7ie47HZ2tVV9mt_goSmtIPkH2f2ooQ49DaBDWtGHQ==	英語配列（US配列）	https://crowdsourcing-pctr.c.yimg.jp/BgIFgYJGVIVv8u0nVJvw8Hh6g6tTQ94_GtbibT0M2tGibgzMKCIgriJiGFe6eP88ANkjrMHnzYaHAcQAjsVjq4nVWzXhUs9ffdQOomiKRcYRukgZQWudcFTJxB0re9c3nFSsKQ-gYIO2yrkwWTx5cUHxJERprdcEyb5QCOaEJckQUdc-HA-jHe-brRcSOUG-03jpgfAqA7wmCgabzhgGiw==	日本語配列（JIS配列）@英語配列（US配列）@その他	「その他」と回答したかたは、以下にキー配列をご記入ください。			日本語配列（JIS配列）		1230014803
7		あなたが今使用しているキーボードのキー配列について教えてください。	日本語配列（JIS配列）##※一般的にはこちらが使用されています。	https://crowdsourcing-pctr.c.yimg.jp/BgIFgYJGVIVv8u0nVJvw8Hh6g6tTQ94_GtbibT0M2tGibgzMKCIgriJiGFe6eP88ANkjrMHnzYaHAcQAjsVjqwwZRw_FMzoPg2QRJwCNmnO0PtPdBKQhMBr-E9EVUN-BZLXnimzemwd-rirBNcfumAkLWAmAOAEQszshvWazv2hoE7ie47HZ2tVV9mt_goSmtIPkH2f2ooQ49DaBDWtGHQ==	英語配列（US配列）	https://crowdsourcing-pctr.c.yimg.jp/BgIFgYJGVIVv8u0nVJvw8Hh6g6tTQ94_GtbibT0M2tGibgzMKCIgriJiGFe6eP88ANkjrMHnzYaHAcQAjsVjq4nVWzXhUs9ffdQOomiKRcYRukgZQWudcFTJxB0re9c3nFSsKQ-gYIO2yrkwWTx5cUHxJERprdcEyb5QCOaEJckQUdc-HA-jHe-brRcSOUG-03jpgfAqA7wmCgabzhgGiw==	日本語配列（JIS配列）@英語配列（US配列）@その他	「その他」と回答したかたは、以下にキー配列をご記入ください。			日本語配列（JIS配列）		1230240694
7		あなたが今使用しているキーボードのキー配列について教えてください。	日本語配列（JIS配列）##※一般的にはこちらが使用されています。	https://crowdsourcing-pctr.c.yimg.jp/BgIFgYJGVIVv8u0nVJvw8Hh6g6tTQ94_GtbibT0M2tGibgzMKCIgriJiGFe6eP88ANkjrMHnzYaHAcQAjsVjqwwZRw_FMzoPg2QRJwCNmnO0PtPdBKQhMBr-E9EVUN-BZLXnimzemwd-rirBNcfumAkLWAmAOAEQszshvWazv2hoE7ie47HZ2tVV9mt_goSmtIPkH2f2ooQ49DaBDWtGHQ==	英語配列（US配列）	https://crowdsourcing-pctr.c.yimg.jp/BgIFgYJGVIVv8u0nVJvw8Hh6g6tTQ94_GtbibT0M2tGibgzMKCIgriJiGFe6eP88ANkjrMHnzYaHAcQAjsVjq4nVWzXhUs9ffdQOomiKRcYRukgZQWudcFTJxB0re9c3nFSsKQ-gYIO2yrkwWTx5cUHxJERprdcEyb5QCOaEJckQUdc-HA-jHe-brRcSOUG-03jpgfAqA7wmCgabzhgGiw==	日本語配列（JIS配列）@英語配列（US配列）@その他	「その他」と回答したかたは、以下にキー配列をご記入ください。			英語配列（US配列）		1230252617
7		あなたが今使用しているキーボードのキー配列について教えてください。	日本語配列（JIS配列）##※一般的にはこちらが使用されています。	https://crowdsourcing-pctr.c.yimg.jp/BgIFgYJGVIVv8u0nVJvw8Hh6g6tTQ94_GtbibT0M2tGibgzMKCIgriJiGFe6eP88ANkjrMHnzYaHAcQAjsVjqwwZRw_FMzoPg2QRJwCNmnO0PtPdBKQhMBr-E9EVUN-BZLXnimzemwd-rirBNcfumAkLWAmAOAEQszshvWazv2hoE7ie47HZ2tVV9mt_goSmtIPkH2f2ooQ49DaBDWtGHQ==	英語配列（US配列）	https://crowdsourcing-pctr.c.yimg.jp/BgIFgYJGVIVv8u0nVJvw8Hh6g6tTQ94_GtbibT0M2tGibgzMKCIgriJiGFe6eP88ANkjrMHnzYaHAcQAjsVjq4nVWzXhUs9ffdQOomiKRcYRukgZQWudcFTJxB0re9c3nFSsKQ-gYIO2yrkwWTx5cUHxJERprdcEyb5QCOaEJckQUdc-HA-jHe-brRcSOUG-03jpgfAqA7wmCgabzhgGiw==	日本語配列（JIS配列）@英語配列（US配列）@その他	「その他」と回答したかたは、以下にキー配列をご記入ください。			日本語配列（JIS配列）		1230444847
7		あなたが今使用しているキーボードのキー配列について教えてください。	日本語配列（JIS配列）##※一般的にはこちらが使用されています。	https://crowdsourcing-pctr.c.yimg.jp/BgIFgYJGVIVv8u0nVJvw8Hh6g6tTQ94_GtbibT0M2tGibgzMKCIgriJiGFe6eP88ANkjrMHnzYaHAcQAjsVjqwwZRw_FMzoPg2QRJwCNmnO0PtPdBKQhMBr-E9EVUN-BZLXnimzemwd-rirBNcfumAkLWAmAOAEQszshvWazv2hoE7ie47HZ2tVV9mt_goSmtIPkH2f2ooQ49DaBDWtGHQ==	英語配列（US配列）	https://crowdsourcing-pctr.c.yimg.jp/BgIFgYJGVIVv8u0nVJvw8Hh6g6tTQ94_GtbibT0M2tGibgzMKCIgriJiGFe6eP88ANkjrMHnzYaHAcQAjsVjq4nVWzXhUs9ffdQOomiKRcYRukgZQWudcFTJxB0re9c3nFSsKQ-gYIO2yrkwWTx5cUHxJERprdcEyb5QCOaEJckQUdc-HA-jHe-brRcSOUG-03jpgfAqA7wmCgabzhgGiw==	日本語配列（JIS配列）@英語配列（US配列）@その他	「その他」と回答したかたは、以下にキー配列をご記入ください。			日本語配列（JIS配列）		1230548569
7		あなたが今使用しているキーボードのキー配列について教えてください。	日本語配列（JIS配列）##※一般的にはこちらが使用されています。	https://crowdsourcing-pctr.c.yimg.jp/BgIFgYJGVIVv8u0nVJvw8Hh6g6tTQ94_GtbibT0M2tGibgzMKCIgriJiGFe6eP88ANkjrMHnzYaHAcQAjsVjqwwZRw_FMzoPg2QRJwCNmnO0PtPdBKQhMBr-E9EVUN-BZLXnimzemwd-rirBNcfumAkLWAmAOAEQszshvWazv2hoE7ie47HZ2tVV9mt_goSmtIPkH2f2ooQ49DaBDWtGHQ==	英語配列（US配列）	https://crowdsourcing-pctr.c.yimg.jp/BgIFgYJGVIVv8u0nVJvw8Hh6g6tTQ94_GtbibT0M2tGibgzMKCIgriJiGFe6eP88ANkjrMHnzYaHAcQAjsVjq4nVWzXhUs9ffdQOomiKRcYRukgZQWudcFTJxB0re9c3nFSsKQ-gYIO2yrkwWTx5cUHxJERprdcEyb5QCOaEJckQUdc-HA-jHe-brRcSOUG-03jpgfAqA7wmCgabzhgGiw==	日本語配列（JIS配列）@英語配列（US配列）@その他	「その他」と回答したかたは、以下にキー配列をご記入ください。			日本語配列（JIS配列）		1230595191
7		あなたが今使用しているキーボードのキー配列について教えてください。	日本語配列（JIS配列）##※一般的にはこちらが使用されています。	https://crowdsourcing-pctr.c.yimg.jp/BgIFgYJGVIVv8u0nVJvw8Hh6g6tTQ94_GtbibT0M2tGibgzMKCIgriJiGFe6eP88ANkjrMHnzYaHAcQAjsVjqwwZRw_FMzoPg2QRJwCNmnO0PtPdBKQhMBr-E9EVUN-BZLXnimzemwd-rirBNcfumAkLWAmAOAEQszshvWazv2hoE7ie47HZ2tVV9mt_goSmtIPkH2f2ooQ49DaBDWtGHQ==	英語配列（US配列）	https://crowdsourcing-pctr.c.yimg.jp/BgIFgYJGVIVv8u0nVJvw8Hh6g6tTQ94_GtbibT0M2tGibgzMKCIgriJiGFe6eP88ANkjrMHnzYaHAcQAjsVjq4nVWzXhUs9ffdQOomiKRcYRukgZQWudcFTJxB0re9c3nFSsKQ-gYIO2yrkwWTx5cUHxJERprdcEyb5QCOaEJckQUdc-HA-jHe-brRcSOUG-03jpgfAqA7wmCgabzhgGiw==	日本語配列（JIS配列）@英語配列（US配列）@その他	「その他」と回答したかたは、以下にキー配列をご記入ください。			日本語配列（JIS配列）		1231808346
7		あなたが今使用しているキーボードのキー配列について教えてください。	日本語配列（JIS配列）##※一般的にはこちらが使用されています。	https://crowdsourcing-pctr.c.yimg.jp/BgIFgYJGVIVv8u0nVJvw8Hh6g6tTQ94_GtbibT0M2tGibgzMKCIgriJiGFe6eP88ANkjrMHnzYaHAcQAjsVjqwwZRw_FMzoPg2QRJwCNmnO0PtPdBKQhMBr-E9EVUN-BZLXnimzemwd-rirBNcfumAkLWAmAOAEQszshvWazv2hoE7ie47HZ2tVV9mt_goSmtIPkH2f2ooQ49DaBDWtGHQ==	英語配列（US配列）	https://crowdsourcing-pctr.c.yimg.jp/BgIFgYJGVIVv8u0nVJvw8Hh6g6tTQ94_GtbibT0M2tGibgzMKCIgriJiGFe6eP88ANkjrMHnzYaHAcQAjsVjq4nVWzXhUs9ffdQOomiKRcYRukgZQWudcFTJxB0re9c3nFSsKQ-gYIO2yrkwWTx5cUHxJERprdcEyb5QCOaEJckQUdc-HA-jHe-brRcSOUG-03jpgfAqA7wmCgabzhgGiw==	日本語配列（JIS配列）@英語配列（US配列）@その他	「その他」と回答したかたは、以下にキー配列をご記入ください。			日本語配列（JIS配列）		1231896540
7		あなたが今使用しているキーボードのキー配列について教えてください。	日本語配列（JIS配列）##※一般的にはこちらが使用されています。	https://crowdsourcing-pctr.c.yimg.jp/BgIFgYJGVIVv8u0nVJvw8Hh6g6tTQ94_GtbibT0M2tGibgzMKCIgriJiGFe6eP88ANkjrMHnzYaHAcQAjsVjqwwZRw_FMzoPg2QRJwCNmnO0PtPdBKQhMBr-E9EVUN-BZLXnimzemwd-rirBNcfumAkLWAmAOAEQszshvWazv2hoE7ie47HZ2tVV9mt_goSmtIPkH2f2ooQ49DaBDWtGHQ==	英語配列（US配列）	https://crowdsourcing-pctr.c.yimg.jp/BgIFgYJGVIVv8u0nVJvw8Hh6g6tTQ94_GtbibT0M2tGibgzMKCIgriJiGFe6eP88ANkjrMHnzYaHAcQAjsVjq4nVWzXhUs9ffdQOomiKRcYRukgZQWudcFTJxB0re9c3nFSsKQ-gYIO2yrkwWTx5cUHxJERprdcEyb5QCOaEJckQUdc-HA-jHe-brRcSOUG-03jpgfAqA7wmCgabzhgGiw==	日本語配列（JIS配列）@英語配列（US配列）@その他	「その他」と回答したかたは、以下にキー配列をご記入ください。			日本語配列（JIS配列）		1231935071
7		あなたが今使用しているキーボードのキー配列について教えてください。	日本語配列（JIS配列）##※一般的にはこちらが使用されています。	https://crowdsourcing-pctr.c.yimg.jp/BgIFgYJGVIVv8u0nVJvw8Hh6g6tTQ94_GtbibT0M2tGibgzMKCIgriJiGFe6eP88ANkjrMHnzYaHAcQAjsVjqwwZRw_FMzoPg2QRJwCNmnO0PtPdBKQhMBr-E9EVUN-BZLXnimzemwd-rirBNcfumAkLWAmAOAEQszshvWazv2hoE7ie47HZ2tVV9mt_goSmtIPkH2f2ooQ49DaBDWtGHQ==	英語配列（US配列）	https://crowdsourcing-pctr.c.yimg.jp/BgIFgYJGVIVv8u0nVJvw8Hh6g6tTQ94_GtbibT0M2tGibgzMKCIgriJiGFe6eP88ANkjrMHnzYaHAcQAjsVjq4nVWzXhUs9ffdQOomiKRcYRukgZQWudcFTJxB0re9c3nFSsKQ-gYIO2yrkwWTx5cUHxJERprdcEyb5QCOaEJckQUdc-HA-jHe-brRcSOUG-03jpgfAqA7wmCgabzhgGiw==	日本語配列（JIS配列）@英語配列（US配列）@その他	「その他」と回答したかたは、以下にキー配列をご記入ください。			日本語配列（JIS配列）		1232194638
7		あなたが今使用しているキーボードのキー配列について教えてください。	日本語配列（JIS配列）##※一般的にはこちらが使用されています。	https://crowdsourcing-pctr.c.yimg.jp/BgIFgYJGVIVv8u0nVJvw8Hh6g6tTQ94_GtbibT0M2tGibgzMKCIgriJiGFe6eP88ANkjrMHnzYaHAcQAjsVjqwwZRw_FMzoPg2QRJwCNmnO0PtPdBKQhMBr-E9EVUN-BZLXnimzemwd-rirBNcfumAkLWAmAOAEQszshvWazv2hoE7ie47HZ2tVV9mt_goSmtIPkH2f2ooQ49DaBDWtGHQ==	英語配列（US配列）	https://crowdsourcing-pctr.c.yimg.jp/BgIFgYJGVIVv8u0nVJvw8Hh6g6tTQ94_GtbibT0M2tGibgzMKCIgriJiGFe6eP88ANkjrMHnzYaHAcQAjsVjq4nVWzXhUs9ffdQOomiKRcYRukgZQWudcFTJxB0re9c3nFSsKQ-gYIO2yrkwWTx5cUHxJERprdcEyb5QCOaEJckQUdc-HA-jHe-brRcSOUG-03jpgfAqA7wmCgabzhgGiw==	日本語配列（JIS配列）@英語配列（US配列）@その他	「その他」と回答したかたは、以下にキー配列をご記入ください。			日本語配列（JIS配列）		1232200499
7		あなたが今使用しているキーボードのキー配列について教えてください。	日本語配列（JIS配列）##※一般的にはこちらが使用されています。	https://crowdsourcing-pctr.c.yimg.jp/BgIFgYJGVIVv8u0nVJvw8Hh6g6tTQ94_GtbibT0M2tGibgzMKCIgriJiGFe6eP88ANkjrMHnzYaHAcQAjsVjqwwZRw_FMzoPg2QRJwCNmnO0PtPdBKQhMBr-E9EVUN-BZLXnimzemwd-rirBNcfumAkLWAmAOAEQszshvWazv2hoE7ie47HZ2tVV9mt_goSmtIPkH2f2ooQ49DaBDWtGHQ==	英語配列（US配列）	https://crowdsourcing-pctr.c.yimg.jp/BgIFgYJGVIVv8u0nVJvw8Hh6g6tTQ94_GtbibT0M2tGibgzMKCIgriJiGFe6eP88ANkjrMHnzYaHAcQAjsVjq4nVWzXhUs9ffdQOomiKRcYRukgZQWudcFTJxB0re9c3nFSsKQ-gYIO2yrkwWTx5cUHxJERprdcEyb5QCOaEJckQUdc-HA-jHe-brRcSOUG-03jpgfAqA7wmCgabzhgGiw==	日本語配列（JIS配列）@英語配列（US配列）@その他	「その他」と回答したかたは、以下にキー配列をご記入ください。			日本語配列（JIS配列）		1232205184
7		あなたが今使用しているキーボードのキー配列について教えてください。	日本語配列（JIS配列）##※一般的にはこちらが使用されています。	https://crowdsourcing-pctr.c.yimg.jp/BgIFgYJGVIVv8u0nVJvw8Hh6g6tTQ94_GtbibT0M2tGibgzMKCIgriJiGFe6eP88ANkjrMHnzYaHAcQAjsVjqwwZRw_FMzoPg2QRJwCNmnO0PtPdBKQhMBr-E9EVUN-BZLXnimzemwd-rirBNcfumAkLWAmAOAEQszshvWazv2hoE7ie47HZ2tVV9mt_goSmtIPkH2f2ooQ49DaBDWtGHQ==	英語配列（US配列）	https://crowdsourcing-pctr.c.yimg.jp/BgIFgYJGVIVv8u0nVJvw8Hh6g6tTQ94_GtbibT0M2tGibgzMKCIgriJiGFe6eP88ANkjrMHnzYaHAcQAjsVjq4nVWzXhUs9ffdQOomiKRcYRukgZQWudcFTJxB0re9c3nFSsKQ-gYIO2yrkwWTx5cUHxJERprdcEyb5QCOaEJckQUdc-HA-jHe-brRcSOUG-03jpgfAqA7wmCgabzhgGiw==	日本語配列（JIS配列）@英語配列（US配列）@その他	「その他」と回答したかたは、以下にキー配列をご記入ください。			日本語配列（JIS配列）		1232645848
7		あなたが今使用しているキーボードのキー配列について教えてください。	日本語配列（JIS配列）##※一般的にはこちらが使用されています。	https://crowdsourcing-pctr.c.yimg.jp/BgIFgYJGVIVv8u0nVJvw8Hh6g6tTQ94_GtbibT0M2tGibgzMKCIgriJiGFe6eP88ANkjrMHnzYaHAcQAjsVjqwwZRw_FMzoPg2QRJwCNmnO0PtPdBKQhMBr-E9EVUN-BZLXnimzemwd-rirBNcfumAkLWAmAOAEQszshvWazv2hoE7ie47HZ2tVV9mt_goSmtIPkH2f2ooQ49DaBDWtGHQ==	英語配列（US配列）	https://crowdsourcing-pctr.c.yimg.jp/BgIFgYJGVIVv8u0nVJvw8Hh6g6tTQ94_GtbibT0M2tGibgzMKCIgriJiGFe6eP88ANkjrMHnzYaHAcQAjsVjq4nVWzXhUs9ffdQOomiKRcYRukgZQWudcFTJxB0re9c3nFSsKQ-gYIO2yrkwWTx5cUHxJERprdcEyb5QCOaEJckQUdc-HA-jHe-brRcSOUG-03jpgfAqA7wmCgabzhgGiw==	日本語配列（JIS配列）@英語配列（US配列）@その他	「その他」と回答したかたは、以下にキー配列をご記入ください。			日本語配列（JIS配列）		1233128828
7		あなたが今使用しているキーボードのキー配列について教えてください。	日本語配列（JIS配列）##※一般的にはこちらが使用されています。	https://crowdsourcing-pctr.c.yimg.jp/BgIFgYJGVIVv8u0nVJvw8Hh6g6tTQ94_GtbibT0M2tGibgzMKCIgriJiGFe6eP88ANkjrMHnzYaHAcQAjsVjqwwZRw_FMzoPg2QRJwCNmnO0PtPdBKQhMBr-E9EVUN-BZLXnimzemwd-rirBNcfumAkLWAmAOAEQszshvWazv2hoE7ie47HZ2tVV9mt_goSmtIPkH2f2ooQ49DaBDWtGHQ==	英語配列（US配列）	https://crowdsourcing-pctr.c.yimg.jp/BgIFgYJGVIVv8u0nVJvw8Hh6g6tTQ94_GtbibT0M2tGibgzMKCIgriJiGFe6eP88ANkjrMHnzYaHAcQAjsVjq4nVWzXhUs9ffdQOomiKRcYRukgZQWudcFTJxB0re9c3nFSsKQ-gYIO2yrkwWTx5cUHxJERprdcEyb5QCOaEJckQUdc-HA-jHe-brRcSOUG-03jpgfAqA7wmCgabzhgGiw==	日本語配列（JIS配列）@英語配列（US配列）@その他	「その他」と回答したかたは、以下にキー配列をご記入ください。			日本語配列（JIS配列）		1233218683
7		あなたが今使用しているキーボードのキー配列について教えてください。	日本語配列（JIS配列）##※一般的にはこちらが使用されています。	https://crowdsourcing-pctr.c.yimg.jp/BgIFgYJGVIVv8u0nVJvw8Hh6g6tTQ94_GtbibT0M2tGibgzMKCIgriJiGFe6eP88ANkjrMHnzYaHAcQAjsVjqwwZRw_FMzoPg2QRJwCNmnO0PtPdBKQhMBr-E9EVUN-BZLXnimzemwd-rirBNcfumAkLWAmAOAEQszshvWazv2hoE7ie47HZ2tVV9mt_goSmtIPkH2f2ooQ49DaBDWtGHQ==	英語配列（US配列）	https://crowdsourcing-pctr.c.yimg.jp/BgIFgYJGVIVv8u0nVJvw8Hh6g6tTQ94_GtbibT0M2tGibgzMKCIgriJiGFe6eP88ANkjrMHnzYaHAcQAjsVjq4nVWzXhUs9ffdQOomiKRcYRukgZQWudcFTJxB0re9c3nFSsKQ-gYIO2yrkwWTx5cUHxJERprdcEyb5QCOaEJckQUdc-HA-jHe-brRcSOUG-03jpgfAqA7wmCgabzhgGiw==	日本語配列（JIS配列）@英語配列（US配列）@その他	「その他」と回答したかたは、以下にキー配列をご記入ください。			日本語配列（JIS配列）		1233288950
7		あなたが今使用しているキーボードのキー配列について教えてください。	日本語配列（JIS配列）##※一般的にはこちらが使用されています。	https://crowdsourcing-pctr.c.yimg.jp/BgIFgYJGVIVv8u0nVJvw8Hh6g6tTQ94_GtbibT0M2tGibgzMKCIgriJiGFe6eP88ANkjrMHnzYaHAcQAjsVjqwwZRw_FMzoPg2QRJwCNmnO0PtPdBKQhMBr-E9EVUN-BZLXnimzemwd-rirBNcfumAkLWAmAOAEQszshvWazv2hoE7ie47HZ2tVV9mt_goSmtIPkH2f2ooQ49DaBDWtGHQ==	英語配列（US配列）	https://crowdsourcing-pctr.c.yimg.jp/BgIFgYJGVIVv8u0nVJvw8Hh6g6tTQ94_GtbibT0M2tGibgzMKCIgriJiGFe6eP88ANkjrMHnzYaHAcQAjsVjq4nVWzXhUs9ffdQOomiKRcYRukgZQWudcFTJxB0re9c3nFSsKQ-gYIO2yrkwWTx5cUHxJERprdcEyb5QCOaEJckQUdc-HA-jHe-brRcSOUG-03jpgfAqA7wmCgabzhgGiw==	日本語配列（JIS配列）@英語配列（US配列）@その他	「その他」と回答したかたは、以下にキー配列をご記入ください。			日本語配列（JIS配列）		1235019472
7		あなたが今使用しているキーボードのキー配列について教えてください。	日本語配列（JIS配列）##※一般的にはこちらが使用されています。	https://crowdsourcing-pctr.c.yimg.jp/BgIFgYJGVIVv8u0nVJvw8Hh6g6tTQ94_GtbibT0M2tGibgzMKCIgriJiGFe6eP88ANkjrMHnzYaHAcQAjsVjqwwZRw_FMzoPg2QRJwCNmnO0PtPdBKQhMBr-E9EVUN-BZLXnimzemwd-rirBNcfumAkLWAmAOAEQszshvWazv2hoE7ie47HZ2tVV9mt_goSmtIPkH2f2ooQ49DaBDWtGHQ==	英語配列（US配列）	https://crowdsourcing-pctr.c.yimg.jp/BgIFgYJGVIVv8u0nVJvw8Hh6g6tTQ94_GtbibT0M2tGibgzMKCIgriJiGFe6eP88ANkjrMHnzYaHAcQAjsVjq4nVWzXhUs9ffdQOomiKRcYRukgZQWudcFTJxB0re9c3nFSsKQ-gYIO2yrkwWTx5cUHxJERprdcEyb5QCOaEJckQUdc-HA-jHe-brRcSOUG-03jpgfAqA7wmCgabzhgGiw==	日本語配列（JIS配列）@英語配列（US配列）@その他	「その他」と回答したかたは、以下にキー配列をご記入ください。			日本語配列（JIS配列）		1235722786
7		あなたが今使用しているキーボードのキー配列について教えてください。	日本語配列（JIS配列）##※一般的にはこちらが使用されています。	https://crowdsourcing-pctr.c.yimg.jp/BgIFgYJGVIVv8u0nVJvw8Hh6g6tTQ94_GtbibT0M2tGibgzMKCIgriJiGFe6eP88ANkjrMHnzYaHAcQAjsVjqwwZRw_FMzoPg2QRJwCNmnO0PtPdBKQhMBr-E9EVUN-BZLXnimzemwd-rirBNcfumAkLWAmAOAEQszshvWazv2hoE7ie47HZ2tVV9mt_goSmtIPkH2f2ooQ49DaBDWtGHQ==	英語配列（US配列）	https://crowdsourcing-pctr.c.yimg.jp/BgIFgYJGVIVv8u0nVJvw8Hh6g6tTQ94_GtbibT0M2tGibgzMKCIgriJiGFe6eP88ANkjrMHnzYaHAcQAjsVjq4nVWzXhUs9ffdQOomiKRcYRukgZQWudcFTJxB0re9c3nFSsKQ-gYIO2yrkwWTx5cUHxJERprdcEyb5QCOaEJckQUdc-HA-jHe-brRcSOUG-03jpgfAqA7wmCgabzhgGiw==	日本語配列（JIS配列）@英語配列（US配列）@その他	「その他」と回答したかたは、以下にキー配列をご記入ください。			日本語配列（JIS配列）		1236184619
7		あなたが今使用しているキーボードのキー配列について教えてください。	日本語配列（JIS配列）##※一般的にはこちらが使用されています。	https://crowdsourcing-pctr.c.yimg.jp/BgIFgYJGVIVv8u0nVJvw8Hh6g6tTQ94_GtbibT0M2tGibgzMKCIgriJiGFe6eP88ANkjrMHnzYaHAcQAjsVjqwwZRw_FMzoPg2QRJwCNmnO0PtPdBKQhMBr-E9EVUN-BZLXnimzemwd-rirBNcfumAkLWAmAOAEQszshvWazv2hoE7ie47HZ2tVV9mt_goSmtIPkH2f2ooQ49DaBDWtGHQ==	英語配列（US配列）	https://crowdsourcing-pctr.c.yimg.jp/BgIFgYJGVIVv8u0nVJvw8Hh6g6tTQ94_GtbibT0M2tGibgzMKCIgriJiGFe6eP88ANkjrMHnzYaHAcQAjsVjq4nVWzXhUs9ffdQOomiKRcYRukgZQWudcFTJxB0re9c3nFSsKQ-gYIO2yrkwWTx5cUHxJERprdcEyb5QCOaEJckQUdc-HA-jHe-brRcSOUG-03jpgfAqA7wmCgabzhgGiw==	日本語配列（JIS配列）@英語配列（US配列）@その他	「その他」と回答したかたは、以下にキー配列をご記入ください。			日本語配列（JIS配列）		1236190683
7		あなたが今使用しているキーボードのキー配列について教えてください。	日本語配列（JIS配列）##※一般的にはこちらが使用されています。	https://crowdsourcing-pctr.c.yimg.jp/BgIFgYJGVIVv8u0nVJvw8Hh6g6tTQ94_GtbibT0M2tGibgzMKCIgriJiGFe6eP88ANkjrMHnzYaHAcQAjsVjqwwZRw_FMzoPg2QRJwCNmnO0PtPdBKQhMBr-E9EVUN-BZLXnimzemwd-rirBNcfumAkLWAmAOAEQszshvWazv2hoE7ie47HZ2tVV9mt_goSmtIPkH2f2ooQ49DaBDWtGHQ==	英語配列（US配列）	https://crowdsourcing-pctr.c.yimg.jp/BgIFgYJGVIVv8u0nVJvw8Hh6g6tTQ94_GtbibT0M2tGibgzMKCIgriJiGFe6eP88ANkjrMHnzYaHAcQAjsVjq4nVWzXhUs9ffdQOomiKRcYRukgZQWudcFTJxB0re9c3nFSsKQ-gYIO2yrkwWTx5cUHxJERprdcEyb5QCOaEJckQUdc-HA-jHe-brRcSOUG-03jpgfAqA7wmCgabzhgGiw==	日本語配列（JIS配列）@英語配列（US配列）@その他	「その他」と回答したかたは、以下にキー配列をご記入ください。			日本語配列（JIS配列）		1236270412
7		あなたが今使用しているキーボードのキー配列について教えてください。	日本語配列（JIS配列）##※一般的にはこちらが使用されています。	https://crowdsourcing-pctr.c.yimg.jp/BgIFgYJGVIVv8u0nVJvw8Hh6g6tTQ94_GtbibT0M2tGibgzMKCIgriJiGFe6eP88ANkjrMHnzYaHAcQAjsVjqwwZRw_FMzoPg2QRJwCNmnO0PtPdBKQhMBr-E9EVUN-BZLXnimzemwd-rirBNcfumAkLWAmAOAEQszshvWazv2hoE7ie47HZ2tVV9mt_goSmtIPkH2f2ooQ49DaBDWtGHQ==	英語配列（US配列）	https://crowdsourcing-pctr.c.yimg.jp/BgIFgYJGVIVv8u0nVJvw8Hh6g6tTQ94_GtbibT0M2tGibgzMKCIgriJiGFe6eP88ANkjrMHnzYaHAcQAjsVjq4nVWzXhUs9ffdQOomiKRcYRukgZQWudcFTJxB0re9c3nFSsKQ-gYIO2yrkwWTx5cUHxJERprdcEyb5QCOaEJckQUdc-HA-jHe-brRcSOUG-03jpgfAqA7wmCgabzhgGiw==	日本語配列（JIS配列）@英語配列（US配列）@その他	「その他」と回答したかたは、以下にキー配列をご記入ください。			日本語配列（JIS配列）		1236289006
7		あなたが今使用しているキーボードのキー配列について教えてください。	日本語配列（JIS配列）##※一般的にはこちらが使用されています。	https://crowdsourcing-pctr.c.yimg.jp/BgIFgYJGVIVv8u0nVJvw8Hh6g6tTQ94_GtbibT0M2tGibgzMKCIgriJiGFe6eP88ANkjrMHnzYaHAcQAjsVjqwwZRw_FMzoPg2QRJwCNmnO0PtPdBKQhMBr-E9EVUN-BZLXnimzemwd-rirBNcfumAkLWAmAOAEQszshvWazv2hoE7ie47HZ2tVV9mt_goSmtIPkH2f2ooQ49DaBDWtGHQ==	英語配列（US配列）	https://crowdsourcing-pctr.c.yimg.jp/BgIFgYJGVIVv8u0nVJvw8Hh6g6tTQ94_GtbibT0M2tGibgzMKCIgriJiGFe6eP88ANkjrMHnzYaHAcQAjsVjq4nVWzXhUs9ffdQOomiKRcYRukgZQWudcFTJxB0re9c3nFSsKQ-gYIO2yrkwWTx5cUHxJERprdcEyb5QCOaEJckQUdc-HA-jHe-brRcSOUG-03jpgfAqA7wmCgabzhgGiw==	日本語配列（JIS配列）@英語配列（US配列）@その他	「その他」と回答したかたは、以下にキー配列をご記入ください。			日本語配列（JIS配列）		1237171032
7		あなたが今使用しているキーボードのキー配列について教えてください。	日本語配列（JIS配列）##※一般的にはこちらが使用されています。	https://crowdsourcing-pctr.c.yimg.jp/BgIFgYJGVIVv8u0nVJvw8Hh6g6tTQ94_GtbibT0M2tGibgzMKCIgriJiGFe6eP88ANkjrMHnzYaHAcQAjsVjqwwZRw_FMzoPg2QRJwCNmnO0PtPdBKQhMBr-E9EVUN-BZLXnimzemwd-rirBNcfumAkLWAmAOAEQszshvWazv2hoE7ie47HZ2tVV9mt_goSmtIPkH2f2ooQ49DaBDWtGHQ==	英語配列（US配列）	https://crowdsourcing-pctr.c.yimg.jp/BgIFgYJGVIVv8u0nVJvw8Hh6g6tTQ94_GtbibT0M2tGibgzMKCIgriJiGFe6eP88ANkjrMHnzYaHAcQAjsVjq4nVWzXhUs9ffdQOomiKRcYRukgZQWudcFTJxB0re9c3nFSsKQ-gYIO2yrkwWTx5cUHxJERprdcEyb5QCOaEJckQUdc-HA-jHe-brRcSOUG-03jpgfAqA7wmCgabzhgGiw==	日本語配列（JIS配列）@英語配列（US配列）@その他	「その他」と回答したかたは、以下にキー配列をご記入ください。			日本語配列（JIS配列）		1237694031
7		あなたが今使用しているキーボードのキー配列について教えてください。	日本語配列（JIS配列）##※一般的にはこちらが使用されています。	https://crowdsourcing-pctr.c.yimg.jp/BgIFgYJGVIVv8u0nVJvw8Hh6g6tTQ94_GtbibT0M2tGibgzMKCIgriJiGFe6eP88ANkjrMHnzYaHAcQAjsVjqwwZRw_FMzoPg2QRJwCNmnO0PtPdBKQhMBr-E9EVUN-BZLXnimzemwd-rirBNcfumAkLWAmAOAEQszshvWazv2hoE7ie47HZ2tVV9mt_goSmtIPkH2f2ooQ49DaBDWtGHQ==	英語配列（US配列）	https://crowdsourcing-pctr.c.yimg.jp/BgIFgYJGVIVv8u0nVJvw8Hh6g6tTQ94_GtbibT0M2tGibgzMKCIgriJiGFe6eP88ANkjrMHnzYaHAcQAjsVjq4nVWzXhUs9ffdQOomiKRcYRukgZQWudcFTJxB0re9c3nFSsKQ-gYIO2yrkwWTx5cUHxJERprdcEyb5QCOaEJckQUdc-HA-jHe-brRcSOUG-03jpgfAqA7wmCgabzhgGiw==	日本語配列（JIS配列）@英語配列（US配列）@その他	「その他」と回答したかたは、以下にキー配列をご記入ください。			日本語配列（JIS配列）		1237721175
7		あなたが今使用しているキーボードのキー配列について教えてください。	日本語配列（JIS配列）##※一般的にはこちらが使用されています。	https://crowdsourcing-pctr.c.yimg.jp/BgIFgYJGVIVv8u0nVJvw8Hh6g6tTQ94_GtbibT0M2tGibgzMKCIgriJiGFe6eP88ANkjrMHnzYaHAcQAjsVjqwwZRw_FMzoPg2QRJwCNmnO0PtPdBKQhMBr-E9EVUN-BZLXnimzemwd-rirBNcfumAkLWAmAOAEQszshvWazv2hoE7ie47HZ2tVV9mt_goSmtIPkH2f2ooQ49DaBDWtGHQ==	英語配列（US配列）	https://crowdsourcing-pctr.c.yimg.jp/BgIFgYJGVIVv8u0nVJvw8Hh6g6tTQ94_GtbibT0M2tGibgzMKCIgriJiGFe6eP88ANkjrMHnzYaHAcQAjsVjq4nVWzXhUs9ffdQOomiKRcYRukgZQWudcFTJxB0re9c3nFSsKQ-gYIO2yrkwWTx5cUHxJERprdcEyb5QCOaEJckQUdc-HA-jHe-brRcSOUG-03jpgfAqA7wmCgabzhgGiw==	日本語配列（JIS配列）@英語配列（US配列）@その他	「その他」と回答したかたは、以下にキー配列をご記入ください。			日本語配列（JIS配列）		1237758394
7		あなたが今使用しているキーボードのキー配列について教えてください。	日本語配列（JIS配列）##※一般的にはこちらが使用されています。	https://crowdsourcing-pctr.c.yimg.jp/BgIFgYJGVIVv8u0nVJvw8Hh6g6tTQ94_GtbibT0M2tGibgzMKCIgriJiGFe6eP88ANkjrMHnzYaHAcQAjsVjqwwZRw_FMzoPg2QRJwCNmnO0PtPdBKQhMBr-E9EVUN-BZLXnimzemwd-rirBNcfumAkLWAmAOAEQszshvWazv2hoE7ie47HZ2tVV9mt_goSmtIPkH2f2ooQ49DaBDWtGHQ==	英語配列（US配列）	https://crowdsourcing-pctr.c.yimg.jp/BgIFgYJGVIVv8u0nVJvw8Hh6g6tTQ94_GtbibT0M2tGibgzMKCIgriJiGFe6eP88ANkjrMHnzYaHAcQAjsVjq4nVWzXhUs9ffdQOomiKRcYRukgZQWudcFTJxB0re9c3nFSsKQ-gYIO2yrkwWTx5cUHxJERprdcEyb5QCOaEJckQUdc-HA-jHe-brRcSOUG-03jpgfAqA7wmCgabzhgGiw==	日本語配列（JIS配列）@英語配列（US配列）@その他	「その他」と回答したかたは、以下にキー配列をご記入ください。			日本語配列（JIS配列）		1237852166
7		あなたが今使用しているキーボードのキー配列について教えてください。	日本語配列（JIS配列）##※一般的にはこちらが使用されています。	https://crowdsourcing-pctr.c.yimg.jp/BgIFgYJGVIVv8u0nVJvw8Hh6g6tTQ94_GtbibT0M2tGibgzMKCIgriJiGFe6eP88ANkjrMHnzYaHAcQAjsVjqwwZRw_FMzoPg2QRJwCNmnO0PtPdBKQhMBr-E9EVUN-BZLXnimzemwd-rirBNcfumAkLWAmAOAEQszshvWazv2hoE7ie47HZ2tVV9mt_goSmtIPkH2f2ooQ49DaBDWtGHQ==	英語配列（US配列）	https://crowdsourcing-pctr.c.yimg.jp/BgIFgYJGVIVv8u0nVJvw8Hh6g6tTQ94_GtbibT0M2tGibgzMKCIgriJiGFe6eP88ANkjrMHnzYaHAcQAjsVjq4nVWzXhUs9ffdQOomiKRcYRukgZQWudcFTJxB0re9c3nFSsKQ-gYIO2yrkwWTx5cUHxJERprdcEyb5QCOaEJckQUdc-HA-jHe-brRcSOUG-03jpgfAqA7wmCgabzhgGiw==	日本語配列（JIS配列）@英語配列（US配列）@その他	「その他」と回答したかたは、以下にキー配列をご記入ください。			日本語配列（JIS配列）		1237861172
7		あなたが今使用しているキーボードのキー配列について教えてください。	日本語配列（JIS配列）##※一般的にはこちらが使用されています。	https://crowdsourcing-pctr.c.yimg.jp/BgIFgYJGVIVv8u0nVJvw8Hh6g6tTQ94_GtbibT0M2tGibgzMKCIgriJiGFe6eP88ANkjrMHnzYaHAcQAjsVjqwwZRw_FMzoPg2QRJwCNmnO0PtPdBKQhMBr-E9EVUN-BZLXnimzemwd-rirBNcfumAkLWAmAOAEQszshvWazv2hoE7ie47HZ2tVV9mt_goSmtIPkH2f2ooQ49DaBDWtGHQ==	英語配列（US配列）	https://crowdsourcing-pctr.c.yimg.jp/BgIFgYJGVIVv8u0nVJvw8Hh6g6tTQ94_GtbibT0M2tGibgzMKCIgriJiGFe6eP88ANkjrMHnzYaHAcQAjsVjq4nVWzXhUs9ffdQOomiKRcYRukgZQWudcFTJxB0re9c3nFSsKQ-gYIO2yrkwWTx5cUHxJERprdcEyb5QCOaEJckQUdc-HA-jHe-brRcSOUG-03jpgfAqA7wmCgabzhgGiw==	日本語配列（JIS配列）@英語配列（US配列）@その他	「その他」と回答したかたは、以下にキー配列をご記入ください。			日本語配列（JIS配列）		1237862283
7		あなたが今使用しているキーボードのキー配列について教えてください。	日本語配列（JIS配列）##※一般的にはこちらが使用されています。	https://crowdsourcing-pctr.c.yimg.jp/BgIFgYJGVIVv8u0nVJvw8Hh6g6tTQ94_GtbibT0M2tGibgzMKCIgriJiGFe6eP88ANkjrMHnzYaHAcQAjsVjqwwZRw_FMzoPg2QRJwCNmnO0PtPdBKQhMBr-E9EVUN-BZLXnimzemwd-rirBNcfumAkLWAmAOAEQszshvWazv2hoE7ie47HZ2tVV9mt_goSmtIPkH2f2ooQ49DaBDWtGHQ==	英語配列（US配列）	https://crowdsourcing-pctr.c.yimg.jp/BgIFgYJGVIVv8u0nVJvw8Hh6g6tTQ94_GtbibT0M2tGibgzMKCIgriJiGFe6eP88ANkjrMHnzYaHAcQAjsVjq4nVWzXhUs9ffdQOomiKRcYRukgZQWudcFTJxB0re9c3nFSsKQ-gYIO2yrkwWTx5cUHxJERprdcEyb5QCOaEJckQUdc-HA-jHe-brRcSOUG-03jpgfAqA7wmCgabzhgGiw==	日本語配列（JIS配列）@英語配列（US配列）@その他	「その他」と回答したかたは、以下にキー配列をご記入ください。			日本語配列（JIS配列）		1237888072
7		あなたが今使用しているキーボードのキー配列について教えてください。	日本語配列（JIS配列）##※一般的にはこちらが使用されています。	https://crowdsourcing-pctr.c.yimg.jp/BgIFgYJGVIVv8u0nVJvw8Hh6g6tTQ94_GtbibT0M2tGibgzMKCIgriJiGFe6eP88ANkjrMHnzYaHAcQAjsVjqwwZRw_FMzoPg2QRJwCNmnO0PtPdBKQhMBr-E9EVUN-BZLXnimzemwd-rirBNcfumAkLWAmAOAEQszshvWazv2hoE7ie47HZ2tVV9mt_goSmtIPkH2f2ooQ49DaBDWtGHQ==	英語配列（US配列）	https://crowdsourcing-pctr.c.yimg.jp/BgIFgYJGVIVv8u0nVJvw8Hh6g6tTQ94_GtbibT0M2tGibgzMKCIgriJiGFe6eP88ANkjrMHnzYaHAcQAjsVjq4nVWzXhUs9ffdQOomiKRcYRukgZQWudcFTJxB0re9c3nFSsKQ-gYIO2yrkwWTx5cUHxJERprdcEyb5QCOaEJckQUdc-HA-jHe-brRcSOUG-03jpgfAqA7wmCgabzhgGiw==	日本語配列（JIS配列）@英語配列（US配列）@その他	「その他」と回答したかたは、以下にキー配列をご記入ください。			日本語配列（JIS配列）		1237890831
7		あなたが今使用しているキーボードのキー配列について教えてください。	日本語配列（JIS配列）##※一般的にはこちらが使用されています。	https://crowdsourcing-pctr.c.yimg.jp/BgIFgYJGVIVv8u0nVJvw8Hh6g6tTQ94_GtbibT0M2tGibgzMKCIgriJiGFe6eP88ANkjrMHnzYaHAcQAjsVjqwwZRw_FMzoPg2QRJwCNmnO0PtPdBKQhMBr-E9EVUN-BZLXnimzemwd-rirBNcfumAkLWAmAOAEQszshvWazv2hoE7ie47HZ2tVV9mt_goSmtIPkH2f2ooQ49DaBDWtGHQ==	英語配列（US配列）	https://crowdsourcing-pctr.c.yimg.jp/BgIFgYJGVIVv8u0nVJvw8Hh6g6tTQ94_GtbibT0M2tGibgzMKCIgriJiGFe6eP88ANkjrMHnzYaHAcQAjsVjq4nVWzXhUs9ffdQOomiKRcYRukgZQWudcFTJxB0re9c3nFSsKQ-gYIO2yrkwWTx5cUHxJERprdcEyb5QCOaEJckQUdc-HA-jHe-brRcSOUG-03jpgfAqA7wmCgabzhgGiw==	日本語配列（JIS配列）@英語配列（US配列）@その他	「その他」と回答したかたは、以下にキー配列をご記入ください。			英語配列（US配列）		1237919503
7		あなたが今使用しているキーボードのキー配列について教えてください。	日本語配列（JIS配列）##※一般的にはこちらが使用されています。	https://crowdsourcing-pctr.c.yimg.jp/BgIFgYJGVIVv8u0nVJvw8Hh6g6tTQ94_GtbibT0M2tGibgzMKCIgriJiGFe6eP88ANkjrMHnzYaHAcQAjsVjqwwZRw_FMzoPg2QRJwCNmnO0PtPdBKQhMBr-E9EVUN-BZLXnimzemwd-rirBNcfumAkLWAmAOAEQszshvWazv2hoE7ie47HZ2tVV9mt_goSmtIPkH2f2ooQ49DaBDWtGHQ==	英語配列（US配列）	https://crowdsourcing-pctr.c.yimg.jp/BgIFgYJGVIVv8u0nVJvw8Hh6g6tTQ94_GtbibT0M2tGibgzMKCIgriJiGFe6eP88ANkjrMHnzYaHAcQAjsVjq4nVWzXhUs9ffdQOomiKRcYRukgZQWudcFTJxB0re9c3nFSsKQ-gYIO2yrkwWTx5cUHxJERprdcEyb5QCOaEJckQUdc-HA-jHe-brRcSOUG-03jpgfAqA7wmCgabzhgGiw==	日本語配列（JIS配列）@英語配列（US配列）@その他	「その他」と回答したかたは、以下にキー配列をご記入ください。			日本語配列（JIS配列）		1237921729
7		あなたが今使用しているキーボードのキー配列について教えてください。	日本語配列（JIS配列）##※一般的にはこちらが使用されています。	https://crowdsourcing-pctr.c.yimg.jp/BgIFgYJGVIVv8u0nVJvw8Hh6g6tTQ94_GtbibT0M2tGibgzMKCIgriJiGFe6eP88ANkjrMHnzYaHAcQAjsVjqwwZRw_FMzoPg2QRJwCNmnO0PtPdBKQhMBr-E9EVUN-BZLXnimzemwd-rirBNcfumAkLWAmAOAEQszshvWazv2hoE7ie47HZ2tVV9mt_goSmtIPkH2f2ooQ49DaBDWtGHQ==	英語配列（US配列）	https://crowdsourcing-pctr.c.yimg.jp/BgIFgYJGVIVv8u0nVJvw8Hh6g6tTQ94_GtbibT0M2tGibgzMKCIgriJiGFe6eP88ANkjrMHnzYaHAcQAjsVjq4nVWzXhUs9ffdQOomiKRcYRukgZQWudcFTJxB0re9c3nFSsKQ-gYIO2yrkwWTx5cUHxJERprdcEyb5QCOaEJckQUdc-HA-jHe-brRcSOUG-03jpgfAqA7wmCgabzhgGiw==	日本語配列（JIS配列）@英語配列（US配列）@その他	「その他」と回答したかたは、以下にキー配列をご記入ください。			日本語配列（JIS配列）		1238415407
7		あなたが今使用しているキーボードのキー配列について教えてください。	日本語配列（JIS配列）##※一般的にはこちらが使用されています。	https://crowdsourcing-pctr.c.yimg.jp/BgIFgYJGVIVv8u0nVJvw8Hh6g6tTQ94_GtbibT0M2tGibgzMKCIgriJiGFe6eP88ANkjrMHnzYaHAcQAjsVjqwwZRw_FMzoPg2QRJwCNmnO0PtPdBKQhMBr-E9EVUN-BZLXnimzemwd-rirBNcfumAkLWAmAOAEQszshvWazv2hoE7ie47HZ2tVV9mt_goSmtIPkH2f2ooQ49DaBDWtGHQ==	英語配列（US配列）	https://crowdsourcing-pctr.c.yimg.jp/BgIFgYJGVIVv8u0nVJvw8Hh6g6tTQ94_GtbibT0M2tGibgzMKCIgriJiGFe6eP88ANkjrMHnzYaHAcQAjsVjq4nVWzXhUs9ffdQOomiKRcYRukgZQWudcFTJxB0re9c3nFSsKQ-gYIO2yrkwWTx5cUHxJERprdcEyb5QCOaEJckQUdc-HA-jHe-brRcSOUG-03jpgfAqA7wmCgabzhgGiw==	日本語配列（JIS配列）@英語配列（US配列）@その他	「その他」と回答したかたは、以下にキー配列をご記入ください。			日本語配列（JIS配列）		1238555697
7		あなたが今使用しているキーボードのキー配列について教えてください。	日本語配列（JIS配列）##※一般的にはこちらが使用されています。	https://crowdsourcing-pctr.c.yimg.jp/BgIFgYJGVIVv8u0nVJvw8Hh6g6tTQ94_GtbibT0M2tGibgzMKCIgriJiGFe6eP88ANkjrMHnzYaHAcQAjsVjqwwZRw_FMzoPg2QRJwCNmnO0PtPdBKQhMBr-E9EVUN-BZLXnimzemwd-rirBNcfumAkLWAmAOAEQszshvWazv2hoE7ie47HZ2tVV9mt_goSmtIPkH2f2ooQ49DaBDWtGHQ==	英語配列（US配列）	https://crowdsourcing-pctr.c.yimg.jp/BgIFgYJGVIVv8u0nVJvw8Hh6g6tTQ94_GtbibT0M2tGibgzMKCIgriJiGFe6eP88ANkjrMHnzYaHAcQAjsVjq4nVWzXhUs9ffdQOomiKRcYRukgZQWudcFTJxB0re9c3nFSsKQ-gYIO2yrkwWTx5cUHxJERprdcEyb5QCOaEJckQUdc-HA-jHe-brRcSOUG-03jpgfAqA7wmCgabzhgGiw==	日本語配列（JIS配列）@英語配列（US配列）@その他	「その他」と回答したかたは、以下にキー配列をご記入ください。			日本語配列（JIS配列）		1239003249
7		あなたが今使用しているキーボードのキー配列について教えてください。	日本語配列（JIS配列）##※一般的にはこちらが使用されています。	https://crowdsourcing-pctr.c.yimg.jp/BgIFgYJGVIVv8u0nVJvw8Hh6g6tTQ94_GtbibT0M2tGibgzMKCIgriJiGFe6eP88ANkjrMHnzYaHAcQAjsVjqwwZRw_FMzoPg2QRJwCNmnO0PtPdBKQhMBr-E9EVUN-BZLXnimzemwd-rirBNcfumAkLWAmAOAEQszshvWazv2hoE7ie47HZ2tVV9mt_goSmtIPkH2f2ooQ49DaBDWtGHQ==	英語配列（US配列）	https://crowdsourcing-pctr.c.yimg.jp/BgIFgYJGVIVv8u0nVJvw8Hh6g6tTQ94_GtbibT0M2tGibgzMKCIgriJiGFe6eP88ANkjrMHnzYaHAcQAjsVjq4nVWzXhUs9ffdQOomiKRcYRukgZQWudcFTJxB0re9c3nFSsKQ-gYIO2yrkwWTx5cUHxJERprdcEyb5QCOaEJckQUdc-HA-jHe-brRcSOUG-03jpgfAqA7wmCgabzhgGiw==	日本語配列（JIS配列）@英語配列（US配列）@その他	「その他」と回答したかたは、以下にキー配列をご記入ください。			日本語配列（JIS配列）		1239124747
7		あなたが今使用しているキーボードのキー配列について教えてください。	日本語配列（JIS配列）##※一般的にはこちらが使用されています。	https://crowdsourcing-pctr.c.yimg.jp/BgIFgYJGVIVv8u0nVJvw8Hh6g6tTQ94_GtbibT0M2tGibgzMKCIgriJiGFe6eP88ANkjrMHnzYaHAcQAjsVjqwwZRw_FMzoPg2QRJwCNmnO0PtPdBKQhMBr-E9EVUN-BZLXnimzemwd-rirBNcfumAkLWAmAOAEQszshvWazv2hoE7ie47HZ2tVV9mt_goSmtIPkH2f2ooQ49DaBDWtGHQ==	英語配列（US配列）	https://crowdsourcing-pctr.c.yimg.jp/BgIFgYJGVIVv8u0nVJvw8Hh6g6tTQ94_GtbibT0M2tGibgzMKCIgriJiGFe6eP88ANkjrMHnzYaHAcQAjsVjq4nVWzXhUs9ffdQOomiKRcYRukgZQWudcFTJxB0re9c3nFSsKQ-gYIO2yrkwWTx5cUHxJERprdcEyb5QCOaEJckQUdc-HA-jHe-brRcSOUG-03jpgfAqA7wmCgabzhgGiw==	日本語配列（JIS配列）@英語配列（US配列）@その他	「その他」と回答したかたは、以下にキー配列をご記入ください。			日本語配列（JIS配列）		1239207542
7		あなたが今使用しているキーボードのキー配列について教えてください。	日本語配列（JIS配列）##※一般的にはこちらが使用されています。	https://crowdsourcing-pctr.c.yimg.jp/BgIFgYJGVIVv8u0nVJvw8Hh6g6tTQ94_GtbibT0M2tGibgzMKCIgriJiGFe6eP88ANkjrMHnzYaHAcQAjsVjqwwZRw_FMzoPg2QRJwCNmnO0PtPdBKQhMBr-E9EVUN-BZLXnimzemwd-rirBNcfumAkLWAmAOAEQszshvWazv2hoE7ie47HZ2tVV9mt_goSmtIPkH2f2ooQ49DaBDWtGHQ==	英語配列（US配列）	https://crowdsourcing-pctr.c.yimg.jp/BgIFgYJGVIVv8u0nVJvw8Hh6g6tTQ94_GtbibT0M2tGibgzMKCIgriJiGFe6eP88ANkjrMHnzYaHAcQAjsVjq4nVWzXhUs9ffdQOomiKRcYRukgZQWudcFTJxB0re9c3nFSsKQ-gYIO2yrkwWTx5cUHxJERprdcEyb5QCOaEJckQUdc-HA-jHe-brRcSOUG-03jpgfAqA7wmCgabzhgGiw==	日本語配列（JIS配列）@英語配列（US配列）@その他	「その他」と回答したかたは、以下にキー配列をご記入ください。			日本語配列（JIS配列）		1239243817
8		あなたは業務において、1日平均で約何通メールを送信しますか？（返信・転送を含む）	1通未満@1~9通@10~19通@20~29通@30~39通@40~49通@50~99通@100~500通@500通以上	1~9通	1225128428
8		あなたは業務において、1日平均で約何通メールを送信しますか？（返信・転送を含む）	1通未満@1~9通@10~19通@20~29通@30~39通@40~49通@50~99通@100~500通@500通以上	1~9通	1225630218
8		あなたは業務において、1日平均で約何通メールを送信しますか？（返信・転送を含む）	1通未満@1~9通@10~19通@20~29通@30~39通@40~49通@50~99通@100~500通@500通以上	20~29通	1225656256
8		あなたは業務において、1日平均で約何通メールを送信しますか？（返信・転送を含む）	1通未満@1~9通@10~19通@20~29通@30~39通@40~49通@50~99通@100~500通@500通以上	1通未満	1225681592
8		あなたは業務において、1日平均で約何通メールを送信しますか？（返信・転送を含む）	1通未満@1~9通@10~19通@20~29通@30~39通@40~49通@50~99通@100~500通@500通以上	1~9通	1226202754
8		あなたは業務において、1日平均で約何通メールを送信しますか？（返信・転送を含む）	1通未満@1~9通@10~19通@20~29通@30~39通@40~49通@50~99通@100~500通@500通以上	1~9通	1226239803
8		あなたは業務において、1日平均で約何通メールを送信しますか？（返信・転送を含む）	1通未満@1~9通@10~19通@20~29通@30~39通@40~49通@50~99通@100~500通@500通以上	1通未満	1226730244
8		あなたは業務において、1日平均で約何通メールを送信しますか？（返信・転送を含む）	1通未満@1~9通@10~19通@20~29通@30~39通@40~49通@50~99通@100~500通@500通以上	1~9通	1227261644
8		あなたは業務において、1日平均で約何通メールを送信しますか？（返信・転送を含む）	1通未満@1~9通@10~19通@20~29通@30~39通@40~49通@50~99通@100~500通@500通以上	1~9通	1228827982
8		あなたは業務において、1日平均で約何通メールを送信しますか？（返信・転送を含む）	1通未満@1~9通@10~19通@20~29通@30~39通@40~49通@50~99通@100~500通@500通以上	1~9通	1229206572
8		あなたは業務において、1日平均で約何通メールを送信しますか？（返信・転送を含む）	1通未満@1~9通@10~19通@20~29通@30~39通@40~49通@50~99通@100~500通@500通以上	40~49通	1229662280
8		あなたは業務において、1日平均で約何通メールを送信しますか？（返信・転送を含む）	1通未満@1~9通@10~19通@20~29通@30~39通@40~49通@50~99通@100~500通@500通以上	1~9通	1230014803
8		あなたは業務において、1日平均で約何通メールを送信しますか？（返信・転送を含む）	1通未満@1~9通@10~19通@20~29通@30~39通@40~49通@50~99通@100~500通@500通以上	1~9通	1230240694
8		あなたは業務において、1日平均で約何通メールを送信しますか？（返信・転送を含む）	1通未満@1~9通@10~19通@20~29通@30~39通@40~49通@50~99通@100~500通@500通以上	10~19通	1230252617
8		あなたは業務において、1日平均で約何通メールを送信しますか？（返信・転送を含む）	1通未満@1~9通@10~19通@20~29通@30~39通@40~49通@50~99通@100~500通@500通以上	1~9通	1230444847
8		あなたは業務において、1日平均で約何通メールを送信しますか？（返信・転送を含む）	1通未満@1~9通@10~19通@20~29通@30~39通@40~49通@50~99通@100~500通@500通以上	1通未満	1230548569
8		あなたは業務において、1日平均で約何通メールを送信しますか？（返信・転送を含む）	1通未満@1~9通@10~19通@20~29通@30~39通@40~49通@50~99通@100~500通@500通以上	20~29通	1230595191
8		あなたは業務において、1日平均で約何通メールを送信しますか？（返信・転送を含む）	1通未満@1~9通@10~19通@20~29通@30~39通@40~49通@50~99通@100~500通@500通以上	1~9通	1231808346
8		あなたは業務において、1日平均で約何通メールを送信しますか？（返信・転送を含む）	1通未満@1~9通@10~19通@20~29通@30~39通@40~49通@50~99通@100~500通@500通以上	1~9通	1231896540
8		あなたは業務において、1日平均で約何通メールを送信しますか？（返信・転送を含む）	1通未満@1~9通@10~19通@20~29通@30~39通@40~49通@50~99通@100~500通@500通以上	1~9通	1231935071
8		あなたは業務において、1日平均で約何通メールを送信しますか？（返信・転送を含む）	1通未満@1~9通@10~19通@20~29通@30~39通@40~49通@50~99通@100~500通@500通以上	1~9通	1232194638
8		あなたは業務において、1日平均で約何通メールを送信しますか？（返信・転送を含む）	1通未満@1~9通@10~19通@20~29通@30~39通@40~49通@50~99通@100~500通@500通以上	10~19通	1232200499
8		あなたは業務において、1日平均で約何通メールを送信しますか？（返信・転送を含む）	1通未満@1~9通@10~19通@20~29通@30~39通@40~49通@50~99通@100~500通@500通以上	1~9通	1232205184
8		あなたは業務において、1日平均で約何通メールを送信しますか？（返信・転送を含む）	1通未満@1~9通@10~19通@20~29通@30~39通@40~49通@50~99通@100~500通@500通以上	1通未満	1232645848
8		あなたは業務において、1日平均で約何通メールを送信しますか？（返信・転送を含む）	1通未満@1~9通@10~19通@20~29通@30~39通@40~49通@50~99通@100~500通@500通以上	1通未満	1233128828
8		あなたは業務において、1日平均で約何通メールを送信しますか？（返信・転送を含む）	1通未満@1~9通@10~19通@20~29通@30~39通@40~49通@50~99通@100~500通@500通以上	10~19通	1233218683
8		あなたは業務において、1日平均で約何通メールを送信しますか？（返信・転送を含む）	1通未満@1~9通@10~19通@20~29通@30~39通@40~49通@50~99通@100~500通@500通以上	10~19通	1233288950
8		あなたは業務において、1日平均で約何通メールを送信しますか？（返信・転送を含む）	1通未満@1~9通@10~19通@20~29通@30~39通@40~49通@50~99通@100~500通@500通以上	1通未満	1235019472
8		あなたは業務において、1日平均で約何通メールを送信しますか？（返信・転送を含む）	1通未満@1~9通@10~19通@20~29通@30~39通@40~49通@50~99通@100~500通@500通以上	10~19通	1235722786
8		あなたは業務において、1日平均で約何通メールを送信しますか？（返信・転送を含む）	1通未満@1~9通@10~19通@20~29通@30~39通@40~49通@50~99通@100~500通@500通以上	1通未満	1236184619
8		あなたは業務において、1日平均で約何通メールを送信しますか？（返信・転送を含む）	1通未満@1~9通@10~19通@20~29通@30~39通@40~49通@50~99通@100~500通@500通以上	1通未満	1236190683
8		あなたは業務において、1日平均で約何通メールを送信しますか？（返信・転送を含む）	1通未満@1~9通@10~19通@20~29通@30~39通@40~49通@50~99通@100~500通@500通以上	1通未満	1236270412
8		あなたは業務において、1日平均で約何通メールを送信しますか？（返信・転送を含む）	1通未満@1~9通@10~19通@20~29通@30~39通@40~49通@50~99通@100~500通@500通以上	1~9通	1236289006
8		あなたは業務において、1日平均で約何通メールを送信しますか？（返信・転送を含む）	1通未満@1~9通@10~19通@20~29通@30~39通@40~49通@50~99通@100~500通@500通以上	1~9通	1237171032
8		あなたは業務において、1日平均で約何通メールを送信しますか？（返信・転送を含む）	1通未満@1~9通@10~19通@20~29通@30~39通@40~49通@50~99通@100~500通@500通以上	1~9通	1237694031
8		あなたは業務において、1日平均で約何通メールを送信しますか？（返信・転送を含む）	1通未満@1~9通@10~19通@20~29通@30~39通@40~49通@50~99通@100~500通@500通以上	1~9通	1237721175
8		あなたは業務において、1日平均で約何通メールを送信しますか？（返信・転送を含む）	1通未満@1~9通@10~19通@20~29通@30~39通@40~49通@50~99通@100~500通@500通以上	1通未満	1237758394
8		あなたは業務において、1日平均で約何通メールを送信しますか？（返信・転送を含む）	1通未満@1~9通@10~19通@20~29通@30~39通@40~49通@50~99通@100~500通@500通以上	20~29通	1237852166
8		あなたは業務において、1日平均で約何通メールを送信しますか？（返信・転送を含む）	1通未満@1~9通@10~19通@20~29通@30~39通@40~49通@50~99通@100~500通@500通以上	1通未満	1237861172
8		あなたは業務において、1日平均で約何通メールを送信しますか？（返信・転送を含む）	1通未満@1~9通@10~19通@20~29通@30~39通@40~49通@50~99通@100~500通@500通以上	1通未満	1237862283
8		あなたは業務において、1日平均で約何通メールを送信しますか？（返信・転送を含む）	1通未満@1~9通@10~19通@20~29通@30~39通@40~49通@50~99通@100~500通@500通以上	20~29通	1237888072
8		あなたは業務において、1日平均で約何通メールを送信しますか？（返信・転送を含む）	1通未満@1~9通@10~19通@20~29通@30~39通@40~49通@50~99通@100~500通@500通以上	1~9通	1237890831
8		あなたは業務において、1日平均で約何通メールを送信しますか？（返信・転送を含む）	1通未満@1~9通@10~19通@20~29通@30~39通@40~49通@50~99通@100~500通@500通以上	1~9通	1237919503
8		あなたは業務において、1日平均で約何通メールを送信しますか？（返信・転送を含む）	1通未満@1~9通@10~19通@20~29通@30~39通@40~49通@50~99通@100~500通@500通以上	1通未満	1237921729
8		あなたは業務において、1日平均で約何通メールを送信しますか？（返信・転送を含む）	1通未満@1~9通@10~19通@20~29通@30~39通@40~49通@50~99通@100~500通@500通以上	1通未満	1238415407
8		あなたは業務において、1日平均で約何通メールを送信しますか？（返信・転送を含む）	1通未満@1~9通@10~19通@20~29通@30~39通@40~49通@50~99通@100~500通@500通以上	1~9通	1238555697
8		あなたは業務において、1日平均で約何通メールを送信しますか？（返信・転送を含む）	1通未満@1~9通@10~19通@20~29通@30~39通@40~49通@50~99通@100~500通@500通以上	1~9通	1239003249
8		あなたは業務において、1日平均で約何通メールを送信しますか？（返信・転送を含む）	1通未満@1~9通@10~19通@20~29通@30~39通@40~49通@50~99通@100~500通@500通以上	20~29通	1239124747
8		あなたは業務において、1日平均で約何通メールを送信しますか？（返信・転送を含む）	1通未満@1~9通@10~19通@20~29通@30~39通@40~49通@50~99通@100~500通@500通以上	1通未満	1239207542
8		あなたは業務において、1日平均で約何通メールを送信しますか？（返信・転送を含む）	1通未満@1~9通@10~19通@20~29通@30~39通@40~49通@50~99通@100~500通@500通以上	1~9通	1239243817
9		あなたは業務において、どのような内容のメールを送信しますか？簡単に教えてください。 ##（複数ある場合は、すべて教えてください。）					1225128428
9		あなたは業務において、どのような内容のメールを送信しますか？簡単に教えてください。 ##（複数ある場合は、すべて教えてください。）				情報共有	1225630218
9		あなたは業務において、どのような内容のメールを送信しますか？簡単に教えてください。 ##（複数ある場合は、すべて教えてください。）				といあわせ	1225656256
9		あなたは業務において、どのような内容のメールを送信しますか？簡単に教えてください。 ##（複数ある場合は、すべて教えてください。）				業務においてはなし。	1225681592
9		あなたは業務において、どのような内容のメールを送信しますか？簡単に教えてください。 ##（複数ある場合は、すべて教えてください。）				作業確認メール	1226202754
9		あなたは業務において、どのような内容のメールを送信しますか？簡単に教えてください。 ##（複数ある場合は、すべて教えてください。）				ネットショップにおける受注、発送連絡	1226239803
9		あなたは業務において、どのような内容のメールを送信しますか？簡単に教えてください。 ##（複数ある場合は、すべて教えてください。）				働いていないため、業務におけるメールの送受信がありません	1226730244
9		あなたは業務において、どのような内容のメールを送信しますか？簡単に教えてください。 ##（複数ある場合は、すべて教えてください。）				会議の開催案内、日程調整	1227261644
9		あなたは業務において、どのような内容のメールを送信しますか？簡単に教えてください。 ##（複数ある場合は、すべて教えてください。）				業務メールのみ	1228827982
9		あなたは業務において、どのような内容のメールを送信しますか？簡単に教えてください。 ##（複数ある場合は、すべて教えてください。）				業務連絡	1229206572
9		あなたは業務において、どのような内容のメールを送信しますか？簡単に教えてください。 ##（複数ある場合は、すべて教えてください。）				各部署への連絡事項##上司への収支報告##税理士・司法書士・行政書士との連絡##物品購入の発注依頼	1229662280
9		あなたは業務において、どのような内容のメールを送信しますか？簡単に教えてください。 ##（複数ある場合は、すべて教えてください。）				仕事の受注、報酬の請求、作業内容の問い合わせなど	1230014803
9		あなたは業務において、どのような内容のメールを送信しますか？簡単に教えてください。 ##（複数ある場合は、すべて教えてください。）				客先との業務の調整、社内の業務連携について	1230240694
9		あなたは業務において、どのような内容のメールを送信しますか？簡単に教えてください。 ##（複数ある場合は、すべて教えてください。）				納期回答、見積書	1230252617
9		あなたは業務において、どのような内容のメールを送信しますか？簡単に教えてください。 ##（複数ある場合は、すべて教えてください。）				納品書、請求書などの送付	1230444847
9		あなたは業務において、どのような内容のメールを送信しますか？簡単に教えてください。 ##（複数ある場合は、すべて教えてください。）				問合せ対応	1230548569
9		あなたは業務において、どのような内容のメールを送信しますか？簡単に教えてください。 ##（複数ある場合は、すべて教えてください。）				会議の案内、資料の送受信、連絡事項	1230595191
9		あなたは業務において、どのような内容のメールを送信しますか？簡単に教えてください。 ##（複数ある場合は、すべて教えてください。）				対象者に対しての業務内容の質問および回答です	1231808346
9		あなたは業務において、どのような内容のメールを送信しますか？簡単に教えてください。 ##（複数ある場合は、すべて教えてください。）				書類の内容確認やお知らせ	1231896540
9		あなたは業務において、どのような内容のメールを送信しますか？簡単に教えてください。 ##（複数ある場合は、すべて教えてください。）				取引先の日程・調整、社内連絡・報告	1231935071
9		あなたは業務において、どのような内容のメールを送信しますか？簡単に教えてください。 ##（複数ある場合は、すべて教えてください。）				業務上の連絡と作業進捗	1232194638
9		あなたは業務において、どのような内容のメールを送信しますか？簡単に教えてください。 ##（複数ある場合は、すべて教えてください。）				作業の進捗報告や、必要な資料のやり取り等	1232200499
9		あなたは業務において、どのような内容のメールを送信しますか？簡単に教えてください。 ##（複数ある場合は、すべて教えてください。）				社内の簡単な連絡	1232205184
9		あなたは業務において、どのような内容のメールを送信しますか？簡単に教えてください。 ##（複数ある場合は、すべて教えてください。）				家族・知人への連絡、通販サイト等の問い合わせなど。	1232645848
9		あなたは業務において、どのような内容のメールを送信しますか？簡単に教えてください。 ##（複数ある場合は、すべて教えてください。）				主に受信のみで送信はしない	1233128828
9		あなたは業務において、どのような内容のメールを送信しますか？簡単に教えてください。 ##（複数ある場合は、すべて教えてください。）				依頼者との打ち合わせの日程調整、事務連絡	1233218683
9		あなたは業務において、どのような内容のメールを送信しますか？簡単に教えてください。 ##（複数ある場合は、すべて教えてください。）				客先からの受注依頼の返信、請求書・見積書の送信、社内用案内メール	1233288950
9		あなたは業務において、どのような内容のメールを送信しますか？簡単に教えてください。 ##（複数ある場合は、すべて教えてください。）				特に決まっていない	1235019472
9		あなたは業務において、どのような内容のメールを送信しますか？簡単に教えてください。 ##（複数ある場合は、すべて教えてください。）				報告書の内容確認、文書の配信、注文	1235722786
9		あなたは業務において、どのような内容のメールを送信しますか？簡単に教えてください。 ##（複数ある場合は、すべて教えてください。）				商品の注文	1236184619
9		あなたは業務において、どのような内容のメールを送信しますか？簡単に教えてください。 ##（複数ある場合は、すべて教えてください。）				確認や質問	1236190683
9		あなたは業務において、どのような内容のメールを送信しますか？簡単に教えてください。 ##（複数ある場合は、すべて教えてください。）				現在は働いていないので業務のメールは送信しないです	1236270412
9		あなたは業務において、どのような内容のメールを送信しますか？簡単に教えてください。 ##（複数ある場合は、すべて教えてください。）				お客様との打ち合わせ内容を担当者に報告したり、依頼を受ける際に受注可能どうかをやりとりする	1236289006
9		あなたは業務において、どのような内容のメールを送信しますか？簡単に教えてください。 ##（複数ある場合は、すべて教えてください。）				受注、書類送付、質問回答	1237171032
9		あなたは業務において、どのような内容のメールを送信しますか？簡単に教えてください。 ##（複数ある場合は、すべて教えてください。）				物件資料を添付して営業用の物を送ります。	1237694031
9		あなたは業務において、どのような内容のメールを送信しますか？簡単に教えてください。 ##（複数ある場合は、すべて教えてください。）				資料作成完了メール	1237721175
9		あなたは業務において、どのような内容のメールを送信しますか？簡単に教えてください。 ##（複数ある場合は、すべて教えてください。）				報告メール	1237758394
9		あなたは業務において、どのような内容のメールを送信しますか？簡単に教えてください。 ##（複数ある場合は、すべて教えてください。）				・一般顧客とのやりとり##・社内連絡	1237852166
9		あなたは業務において、どのような内容のメールを送信しますか？簡単に教えてください。 ##（複数ある場合は、すべて教えてください。）				各営業所に連絡事項を送信	1237861172
9		あなたは業務において、どのような内容のメールを送信しますか？簡単に教えてください。 ##（複数ある場合は、すべて教えてください。）				採用関係	1237862283
9		あなたは業務において、どのような内容のメールを送信しますか？簡単に教えてください。 ##（複数ある場合は、すべて教えてください。）				委託内容の確認	1237888072
9		あなたは業務において、どのような内容のメールを送信しますか？簡単に教えてください。 ##（複数ある場合は、すべて教えてください。）				発注、売上、請求	1237890831
9		あなたは業務において、どのような内容のメールを送信しますか？簡単に教えてください。 ##（複数ある場合は、すべて教えてください。）				な	1237919503
9		あなたは業務において、どのような内容のメールを送信しますか？簡単に教えてください。 ##（複数ある場合は、すべて教えてください。）				連絡的メール##確認メールなどその日によって違う	1237921729
9		あなたは業務において、どのような内容のメールを送信しますか？簡単に教えてください。 ##（複数ある場合は、すべて教えてください。）				資料の添付や会議の参加について	1238415407
9		あなたは業務において、どのような内容のメールを送信しますか？簡単に教えてください。 ##（複数ある場合は、すべて教えてください。）				作成したデータの送信や、届いた連絡事項に対しての返信	1238555697
9		あなたは業務において、どのような内容のメールを送信しますか？簡単に教えてください。 ##（複数ある場合は、すべて教えてください。）				バスの配車変更、添乗員の勤務時間等	1239003249
9		あなたは業務において、どのような内容のメールを送信しますか？簡単に教えてください。 ##（複数ある場合は、すべて教えてください。）				連絡事項、周知事項、スケジュールの確認	1239124747
9		あなたは業務において、どのような内容のメールを送信しますか？簡単に教えてください。 ##（複数ある場合は、すべて教えてください。）				授業の内容やその講義についての質問を行う。	1239207542
9		あなたは業務において、どのような内容のメールを送信しますか？簡単に教えてください。 ##（複数ある場合は、すべて教えてください。）				業務の進捗状況の報告と確認作業など	1239243817
10	221957	実験用Webサイトにアクセスして、メールアドレスを入力してください。 ##実験用Webサイトで最後に表示される「合言葉」と「被験者ID」は必ずメモしてください。			【実験用Webサイト】	https://doppel-domain.pages.dev/practice/ready	実験用Webサイトで最後に表示された「合言葉」を入力してください。（「被験者ID」は次の設問で入力します。）		221957	1225128428
10	221957	実験用Webサイトにアクセスして、メールアドレスを入力してください。 ##実験用Webサイトで最後に表示される「合言葉」と「被験者ID」は必ずメモしてください。			【実験用Webサイト】	https://doppel-domain.pages.dev/practice/ready	実験用Webサイトで最後に表示された「合言葉」を入力してください。（「被験者ID」は次の設問で入力します。）		221957	1225630218
10	221957	実験用Webサイトにアクセスして、メールアドレスを入力してください。 ##実験用Webサイトで最後に表示される「合言葉」と「被験者ID」は必ずメモしてください。			【実験用Webサイト】	https://doppel-domain.pages.dev/practice/ready	実験用Webサイトで最後に表示された「合言葉」を入力してください。（「被験者ID」は次の設問で入力します。）		221957	1225656256
10	221957	実験用Webサイトにアクセスして、メールアドレスを入力してください。 ##実験用Webサイトで最後に表示される「合言葉」と「被験者ID」は必ずメモしてください。			【実験用Webサイト】	https://doppel-domain.pages.dev/practice/ready	実験用Webサイトで最後に表示された「合言葉」を入力してください。（「被験者ID」は次の設問で入力します。）		221957	1225681592
10	221957	実験用Webサイトにアクセスして、メールアドレスを入力してください。 ##実験用Webサイトで最後に表示される「合言葉」と「被験者ID」は必ずメモしてください。			【実験用Webサイト】	https://doppel-domain.pages.dev/practice/ready	実験用Webサイトで最後に表示された「合言葉」を入力してください。（「被験者ID」は次の設問で入力します。）		221957	1226202754
10	221957	実験用Webサイトにアクセスして、メールアドレスを入力してください。 ##実験用Webサイトで最後に表示される「合言葉」と「被験者ID」は必ずメモしてください。			【実験用Webサイト】	https://doppel-domain.pages.dev/practice/ready	実験用Webサイトで最後に表示された「合言葉」を入力してください。（「被験者ID」は次の設問で入力します。）		221957	1226239803
10	221957	実験用Webサイトにアクセスして、メールアドレスを入力してください。 ##実験用Webサイトで最後に表示される「合言葉」と「被験者ID」は必ずメモしてください。			【実験用Webサイト】	https://doppel-domain.pages.dev/practice/ready	実験用Webサイトで最後に表示された「合言葉」を入力してください。（「被験者ID」は次の設問で入力します。）		221957	1226730244
10	221957	実験用Webサイトにアクセスして、メールアドレスを入力してください。 ##実験用Webサイトで最後に表示される「合言葉」と「被験者ID」は必ずメモしてください。			【実験用Webサイト】	https://doppel-domain.pages.dev/practice/ready	実験用Webサイトで最後に表示された「合言葉」を入力してください。（「被験者ID」は次の設問で入力します。）		221957	1227261644
10	221957	実験用Webサイトにアクセスして、メールアドレスを入力してください。 ##実験用Webサイトで最後に表示される「合言葉」と「被験者ID」は必ずメモしてください。			【実験用Webサイト】	https://doppel-domain.pages.dev/practice/ready	実験用Webサイトで最後に表示された「合言葉」を入力してください。（「被験者ID」は次の設問で入力します。）		221957	1228827982
10	221957	実験用Webサイトにアクセスして、メールアドレスを入力してください。 ##実験用Webサイトで最後に表示される「合言葉」と「被験者ID」は必ずメモしてください。			【実験用Webサイト】	https://doppel-domain.pages.dev/practice/ready	実験用Webサイトで最後に表示された「合言葉」を入力してください。（「被験者ID」は次の設問で入力します。）		221957	1229206572
10	221957	実験用Webサイトにアクセスして、メールアドレスを入力してください。 ##実験用Webサイトで最後に表示される「合言葉」と「被験者ID」は必ずメモしてください。			【実験用Webサイト】	https://doppel-domain.pages.dev/practice/ready	実験用Webサイトで最後に表示された「合言葉」を入力してください。（「被験者ID」は次の設問で入力します。）		221957	1229662280
10	221957	実験用Webサイトにアクセスして、メールアドレスを入力してください。 ##実験用Webサイトで最後に表示される「合言葉」と「被験者ID」は必ずメモしてください。			【実験用Webサイト】	https://doppel-domain.pages.dev/practice/ready	実験用Webサイトで最後に表示された「合言葉」を入力してください。（「被験者ID」は次の設問で入力します。）		221957	1230014803
10	221957	実験用Webサイトにアクセスして、メールアドレスを入力してください。 ##実験用Webサイトで最後に表示される「合言葉」と「被験者ID」は必ずメモしてください。			【実験用Webサイト】	https://doppel-domain.pages.dev/practice/ready	実験用Webサイトで最後に表示された「合言葉」を入力してください。（「被験者ID」は次の設問で入力します。）		221957	1230240694
10	221957	実験用Webサイトにアクセスして、メールアドレスを入力してください。 ##実験用Webサイトで最後に表示される「合言葉」と「被験者ID」は必ずメモしてください。			【実験用Webサイト】	https://doppel-domain.pages.dev/practice/ready	実験用Webサイトで最後に表示された「合言葉」を入力してください。（「被験者ID」は次の設問で入力します。）		221957	1230252617
10	221957	実験用Webサイトにアクセスして、メールアドレスを入力してください。 ##実験用Webサイトで最後に表示される「合言葉」と「被験者ID」は必ずメモしてください。			【実験用Webサイト】	https://doppel-domain.pages.dev/practice/ready	実験用Webサイトで最後に表示された「合言葉」を入力してください。（「被験者ID」は次の設問で入力します。）		221957	1230444847
10	221957	実験用Webサイトにアクセスして、メールアドレスを入力してください。 ##実験用Webサイトで最後に表示される「合言葉」と「被験者ID」は必ずメモしてください。			【実験用Webサイト】	https://doppel-domain.pages.dev/practice/ready	実験用Webサイトで最後に表示された「合言葉」を入力してください。（「被験者ID」は次の設問で入力します。）		221957	1230548569
10	221957	実験用Webサイトにアクセスして、メールアドレスを入力してください。 ##実験用Webサイトで最後に表示される「合言葉」と「被験者ID」は必ずメモしてください。			【実験用Webサイト】	https://doppel-domain.pages.dev/practice/ready	実験用Webサイトで最後に表示された「合言葉」を入力してください。（「被験者ID」は次の設問で入力します。）		221957	1230595191
10	221957	実験用Webサイトにアクセスして、メールアドレスを入力してください。 ##実験用Webサイトで最後に表示される「合言葉」と「被験者ID」は必ずメモしてください。			【実験用Webサイト】	https://doppel-domain.pages.dev/practice/ready	実験用Webサイトで最後に表示された「合言葉」を入力してください。（「被験者ID」は次の設問で入力します。）		221957	1231808346
10	221957	実験用Webサイトにアクセスして、メールアドレスを入力してください。 ##実験用Webサイトで最後に表示される「合言葉」と「被験者ID」は必ずメモしてください。			【実験用Webサイト】	https://doppel-domain.pages.dev/practice/ready	実験用Webサイトで最後に表示された「合言葉」を入力してください。（「被験者ID」は次の設問で入力します。）		221957	1231896540
10	221957	実験用Webサイトにアクセスして、メールアドレスを入力してください。 ##実験用Webサイトで最後に表示される「合言葉」と「被験者ID」は必ずメモしてください。			【実験用Webサイト】	https://doppel-domain.pages.dev/practice/ready	実験用Webサイトで最後に表示された「合言葉」を入力してください。（「被験者ID」は次の設問で入力します。）		221957	1231935071
10	221957	実験用Webサイトにアクセスして、メールアドレスを入力してください。 ##実験用Webサイトで最後に表示される「合言葉」と「被験者ID」は必ずメモしてください。			【実験用Webサイト】	https://doppel-domain.pages.dev/practice/ready	実験用Webサイトで最後に表示された「合言葉」を入力してください。（「被験者ID」は次の設問で入力します。）		221957	1232194638
10	221957	実験用Webサイトにアクセスして、メールアドレスを入力してください。 ##実験用Webサイトで最後に表示される「合言葉」と「被験者ID」は必ずメモしてください。			【実験用Webサイト】	https://doppel-domain.pages.dev/practice/ready	実験用Webサイトで最後に表示された「合言葉」を入力してください。（「被験者ID」は次の設問で入力します。）		221957	1232200499
10	221957	実験用Webサイトにアクセスして、メールアドレスを入力してください。 ##実験用Webサイトで最後に表示される「合言葉」と「被験者ID」は必ずメモしてください。			【実験用Webサイト】	https://doppel-domain.pages.dev/practice/ready	実験用Webサイトで最後に表示された「合言葉」を入力してください。（「被験者ID」は次の設問で入力します。）		221957	1232205184
10	221957	実験用Webサイトにアクセスして、メールアドレスを入力してください。 ##実験用Webサイトで最後に表示される「合言葉」と「被験者ID」は必ずメモしてください。			【実験用Webサイト】	https://doppel-domain.pages.dev/practice/ready	実験用Webサイトで最後に表示された「合言葉」を入力してください。（「被験者ID」は次の設問で入力します。）		221957	1232645848
10	221957	実験用Webサイトにアクセスして、メールアドレスを入力してください。 ##実験用Webサイトで最後に表示される「合言葉」と「被験者ID」は必ずメモしてください。			【実験用Webサイト】	https://doppel-domain.pages.dev/practice/ready	実験用Webサイトで最後に表示された「合言葉」を入力してください。（「被験者ID」は次の設問で入力します。）		221957	1233128828
10	221957	実験用Webサイトにアクセスして、メールアドレスを入力してください。 ##実験用Webサイトで最後に表示される「合言葉」と「被験者ID」は必ずメモしてください。			【実験用Webサイト】	https://doppel-domain.pages.dev/practice/ready	実験用Webサイトで最後に表示された「合言葉」を入力してください。（「被験者ID」は次の設問で入力します。）		221957	1233218683
10	221957	実験用Webサイトにアクセスして、メールアドレスを入力してください。 ##実験用Webサイトで最後に表示される「合言葉」と「被験者ID」は必ずメモしてください。			【実験用Webサイト】	https://doppel-domain.pages.dev/practice/ready	実験用Webサイトで最後に表示された「合言葉」を入力してください。（「被験者ID」は次の設問で入力します。）		221957	1233288950
10	221957	実験用Webサイトにアクセスして、メールアドレスを入力してください。 ##実験用Webサイトで最後に表示される「合言葉」と「被験者ID」は必ずメモしてください。			【実験用Webサイト】	https://doppel-domain.pages.dev/practice/ready	実験用Webサイトで最後に表示された「合言葉」を入力してください。（「被験者ID」は次の設問で入力します。）		221957	1235019472
10	221957	実験用Webサイトにアクセスして、メールアドレスを入力してください。 ##実験用Webサイトで最後に表示される「合言葉」と「被験者ID」は必ずメモしてください。			【実験用Webサイト】	https://doppel-domain.pages.dev/practice/ready	実験用Webサイトで最後に表示された「合言葉」を入力してください。（「被験者ID」は次の設問で入力します。）		221957	1235722786
10	221957	実験用Webサイトにアクセスして、メールアドレスを入力してください。 ##実験用Webサイトで最後に表示される「合言葉」と「被験者ID」は必ずメモしてください。			【実験用Webサイト】	https://doppel-domain.pages.dev/practice/ready	実験用Webサイトで最後に表示された「合言葉」を入力してください。（「被験者ID」は次の設問で入力します。）		221957	1236184619
10	221957	実験用Webサイトにアクセスして、メールアドレスを入力してください。 ##実験用Webサイトで最後に表示される「合言葉」と「被験者ID」は必ずメモしてください。			【実験用Webサイト】	https://doppel-domain.pages.dev/practice/ready	実験用Webサイトで最後に表示された「合言葉」を入力してください。（「被験者ID」は次の設問で入力します。）		221957	1236190683
10	221957	実験用Webサイトにアクセスして、メールアドレスを入力してください。 ##実験用Webサイトで最後に表示される「合言葉」と「被験者ID」は必ずメモしてください。			【実験用Webサイト】	https://doppel-domain.pages.dev/practice/ready	実験用Webサイトで最後に表示された「合言葉」を入力してください。（「被験者ID」は次の設問で入力します。）		221957	1236270412
10	221957	実験用Webサイトにアクセスして、メールアドレスを入力してください。 ##実験用Webサイトで最後に表示される「合言葉」と「被験者ID」は必ずメモしてください。			【実験用Webサイト】	https://doppel-domain.pages.dev/practice/ready	実験用Webサイトで最後に表示された「合言葉」を入力してください。（「被験者ID」は次の設問で入力します。）		221957	1236289006
10	221957	実験用Webサイトにアクセスして、メールアドレスを入力してください。 ##実験用Webサイトで最後に表示される「合言葉」と「被験者ID」は必ずメモしてください。			【実験用Webサイト】	https://doppel-domain.pages.dev/practice/ready	実験用Webサイトで最後に表示された「合言葉」を入力してください。（「被験者ID」は次の設問で入力します。）		221957	1237171032
10	221957	実験用Webサイトにアクセスして、メールアドレスを入力してください。 ##実験用Webサイトで最後に表示される「合言葉」と「被験者ID」は必ずメモしてください。			【実験用Webサイト】	https://doppel-domain.pages.dev/practice/ready	実験用Webサイトで最後に表示された「合言葉」を入力してください。（「被験者ID」は次の設問で入力します。）		221957	1237694031
10	221957	実験用Webサイトにアクセスして、メールアドレスを入力してください。 ##実験用Webサイトで最後に表示される「合言葉」と「被験者ID」は必ずメモしてください。			【実験用Webサイト】	https://doppel-domain.pages.dev/practice/ready	実験用Webサイトで最後に表示された「合言葉」を入力してください。（「被験者ID」は次の設問で入力します。）		221957	1237721175
10	221957	実験用Webサイトにアクセスして、メールアドレスを入力してください。 ##実験用Webサイトで最後に表示される「合言葉」と「被験者ID」は必ずメモしてください。			【実験用Webサイト】	https://doppel-domain.pages.dev/practice/ready	実験用Webサイトで最後に表示された「合言葉」を入力してください。（「被験者ID」は次の設問で入力します。）		221957	1237758394
10	221957	実験用Webサイトにアクセスして、メールアドレスを入力してください。 ##実験用Webサイトで最後に表示される「合言葉」と「被験者ID」は必ずメモしてください。			【実験用Webサイト】	https://doppel-domain.pages.dev/practice/ready	実験用Webサイトで最後に表示された「合言葉」を入力してください。（「被験者ID」は次の設問で入力します。）		221957	1237852166
10	221957	実験用Webサイトにアクセスして、メールアドレスを入力してください。 ##実験用Webサイトで最後に表示される「合言葉」と「被験者ID」は必ずメモしてください。			【実験用Webサイト】	https://doppel-domain.pages.dev/practice/ready	実験用Webサイトで最後に表示された「合言葉」を入力してください。（「被験者ID」は次の設問で入力します。）		221957	1237861172
10	221957	実験用Webサイトにアクセスして、メールアドレスを入力してください。 ##実験用Webサイトで最後に表示される「合言葉」と「被験者ID」は必ずメモしてください。			【実験用Webサイト】	https://doppel-domain.pages.dev/practice/ready	実験用Webサイトで最後に表示された「合言葉」を入力してください。（「被験者ID」は次の設問で入力します。）		221957	1237862283
10	221957	実験用Webサイトにアクセスして、メールアドレスを入力してください。 ##実験用Webサイトで最後に表示される「合言葉」と「被験者ID」は必ずメモしてください。			【実験用Webサイト】	https://doppel-domain.pages.dev/practice/ready	実験用Webサイトで最後に表示された「合言葉」を入力してください。（「被験者ID」は次の設問で入力します。）		221957	1237888072
10	221957	実験用Webサイトにアクセスして、メールアドレスを入力してください。 ##実験用Webサイトで最後に表示される「合言葉」と「被験者ID」は必ずメモしてください。			【実験用Webサイト】	https://doppel-domain.pages.dev/practice/ready	実験用Webサイトで最後に表示された「合言葉」を入力してください。（「被験者ID」は次の設問で入力します。）		221957	1237890831
10	221957	実験用Webサイトにアクセスして、メールアドレスを入力してください。 ##実験用Webサイトで最後に表示される「合言葉」と「被験者ID」は必ずメモしてください。			【実験用Webサイト】	https://doppel-domain.pages.dev/practice/ready	実験用Webサイトで最後に表示された「合言葉」を入力してください。（「被験者ID」は次の設問で入力します。）		221957	1237919503
10	221957	実験用Webサイトにアクセスして、メールアドレスを入力してください。 ##実験用Webサイトで最後に表示される「合言葉」と「被験者ID」は必ずメモしてください。			【実験用Webサイト】	https://doppel-domain.pages.dev/practice/ready	実験用Webサイトで最後に表示された「合言葉」を入力してください。（「被験者ID」は次の設問で入力します。）		221957	1237921729
10	221957	実験用Webサイトにアクセスして、メールアドレスを入力してください。 ##実験用Webサイトで最後に表示される「合言葉」と「被験者ID」は必ずメモしてください。			【実験用Webサイト】	https://doppel-domain.pages.dev/practice/ready	実験用Webサイトで最後に表示された「合言葉」を入力してください。（「被験者ID」は次の設問で入力します。）		221957	1238415407
10	221957	実験用Webサイトにアクセスして、メールアドレスを入力してください。 ##実験用Webサイトで最後に表示される「合言葉」と「被験者ID」は必ずメモしてください。			【実験用Webサイト】	https://doppel-domain.pages.dev/practice/ready	実験用Webサイトで最後に表示された「合言葉」を入力してください。（「被験者ID」は次の設問で入力します。）		221957	1238555697
10	221957	実験用Webサイトにアクセスして、メールアドレスを入力してください。 ##実験用Webサイトで最後に表示される「合言葉」と「被験者ID」は必ずメモしてください。			【実験用Webサイト】	https://doppel-domain.pages.dev/practice/ready	実験用Webサイトで最後に表示された「合言葉」を入力してください。（「被験者ID」は次の設問で入力します。）		221957	1239003249
10	221957	実験用Webサイトにアクセスして、メールアドレスを入力してください。 ##実験用Webサイトで最後に表示される「合言葉」と「被験者ID」は必ずメモしてください。			【実験用Webサイト】	https://doppel-domain.pages.dev/practice/ready	実験用Webサイトで最後に表示された「合言葉」を入力してください。（「被験者ID」は次の設問で入力します。）		221957	1239124747
10	221957	実験用Webサイトにアクセスして、メールアドレスを入力してください。 ##実験用Webサイトで最後に表示される「合言葉」と「被験者ID」は必ずメモしてください。			【実験用Webサイト】	https://doppel-domain.pages.dev/practice/ready	実験用Webサイトで最後に表示された「合言葉」を入力してください。（「被験者ID」は次の設問で入力します。）		221957	1239207542
10	221957	実験用Webサイトにアクセスして、メールアドレスを入力してください。 ##実験用Webサイトで最後に表示される「合言葉」と「被験者ID」は必ずメモしてください。			【実験用Webサイト】	https://doppel-domain.pages.dev/practice/ready	実験用Webサイトで最後に表示された「合言葉」を入力してください。（「被験者ID」は次の設問で入力します。）		221957	1239243817
11		実験用Webサイトで最後に表示された「被験者ID」を入力してください。				pIk7ol3J	1225128428
11		実験用Webサイトで最後に表示された「被験者ID」を入力してください。				QoANO4uZ	1225630218
11		実験用Webサイトで最後に表示された「被験者ID」を入力してください。				njqRLfLs	1225656256
11		実験用Webサイトで最後に表示された「被験者ID」を入力してください。				TG15onNU	1225681592
11		実験用Webサイトで最後に表示された「被験者ID」を入力してください。				I6vEDBS3	1226202754
11		実験用Webサイトで最後に表示された「被験者ID」を入力してください。				OKJAnLdf	1226239803
11		実験用Webサイトで最後に表示された「被験者ID」を入力してください。				3fW4DpP1	1226730244
11		実験用Webサイトで最後に表示された「被験者ID」を入力してください。				MBnEpyn8	1227261644
11		実験用Webサイトで最後に表示された「被験者ID」を入力してください。				1U7pDLsE	1228827982
11		実験用Webサイトで最後に表示された「被験者ID」を入力してください。				W90JEr1u	1229206572
11		実験用Webサイトで最後に表示された「被験者ID」を入力してください。				8DRcR0Ym	1229662280
11		実験用Webサイトで最後に表示された「被験者ID」を入力してください。				E7h6JxkH	1230014803
11		実験用Webサイトで最後に表示された「被験者ID」を入力してください。				W90J9r1u	1230240694
11		実験用Webサイトで最後に表示された「被験者ID」を入力してください。				dp4XTwPg	1230252617
11		実験用Webサイトで最後に表示された「被験者ID」を入力してください。				0FTUkt07	1230444847
11		実験用Webサイトで最後に表示された「被験者ID」を入力してください。				lbik3G5M	1230548569
11		実験用Webサイトで最後に表示された「被験者ID」を入力してください。				Km5VqQhe	1230595191
11		実験用Webサイトで最後に表示された「被験者ID」を入力してください。				OKJAWLdf	1231808346
11		実験用Webサイトで最後に表示された「被験者ID」を入力してください。				0FTe8t07	1231896540
11		実験用Webサイトで最後に表示された「被験者ID」を入力してください。				0FTuft07	1231935071
11		実験用Webサイトで最後に表示された「被験者ID」を入力してください。				xVonECyM	1232194638
11		実験用Webサイトで最後に表示された「被験者ID」を入力してください。				6zg3gxhy	1232200499
11		実験用Webサイトで最後に表示された「被験者ID」を入力してください。				TG1iPnNU	1232205184
11		実験用Webサイトで最後に表示された「被験者ID」を入力してください。				3fW4ApP1	1232645848
11		実験用Webサイトで最後に表示された「被験者ID」を入力してください。				CRSCVrQD	1233128828
11		実験用Webサイトで最後に表示された「被験者ID」を入力してください。				OKJBFLdf	1233218683
11		実験用Webサイトで最後に表示された「被験者ID」を入力してください。				UCLm3W93	1233288950
11		実験用Webサイトで最後に表示された「被験者ID」を入力してください。				1U7p0LsE	1235019472
11		実験用Webサイトで最後に表示された「被験者ID」を入力してください。				pIkf8l3J	1235722786
11		実験用Webサイトで最後に表示された「被験者ID」を入力してください。				mHxqO3L3	1236184619
11		実験用Webサイトで最後に表示された「被験者ID」を入力してください。				xVoymCyM	1236190683
11		実験用Webサイトで最後に表示された「被験者ID」を入力してください。				0FTeMt07	1236270412
11		実験用Webサイトで最後に表示された「被験者ID」を入力してください。				2TYbv5PI	1236289006
11		実験用Webサイトで最後に表示された「被験者ID」を入力してください。				4kO5MlA2	1237171032
11		実験用Webサイトで最後に表示された「被験者ID」を入力してください。				iZD1Rf71	1237694031
11		実験用Webサイトで最後に表示された「被験者ID」を入力してください。				hdBaZv2r	1237721175
11		実験用Webサイトで最後に表示された「被験者ID」を入力してください。				ysr4R339	1237758394
11		実験用Webサイトで最後に表示された「被験者ID」を入力してください。				xVooiCyM	1237852166
11		実験用Webサイトで最後に表示された「被験者ID」を入力してください。				TG15WnNU	1237861172
11		実験用Webサイトで最後に表示された「被験者ID」を入力してください。				eN6BDl3G	1237862283
11		実験用Webサイトで最後に表示された「被験者ID」を入力してください。				HuVemtNr	1237888072
11		実験用Webサイトで最後に表示された「被験者ID」を入力してください。				si8c9jWd	1237890831
11		実験用Webサイトで最後に表示された「被験者ID」を入力してください。				5xQ1lZjz	1237919503
11		実験用Webサイトで最後に表示された「被験者ID」を入力してください。				vgmJJzqs	1237921729
11		実験用Webサイトで最後に表示された「被験者ID」を入力してください。				AlshQ16v	1238415407
11		実験用Webサイトで最後に表示された「被験者ID」を入力してください。				aQtKTN7y	1238555697
11		実験用Webサイトで最後に表示された「被験者ID」を入力してください。				LSpq1H1j	1239003249
11		実験用Webサイトで最後に表示された「被験者ID」を入力してください。				J5aLRELP	1239124747
11		実験用Webサイトで最後に表示された「被験者ID」を入力してください。				iZDQwf7l	1239207542
11		実験用Webサイトで最後に表示された「被験者ID」を入力してください。				UCLvxW93	1239243817
12		今回の実験に関する、ご意見・ご指摘等がありましたら教えてください。					1225128428
12		今回の実験に関する、ご意見・ご指摘等がありましたら教えてください。					1225630218
12		今回の実験に関する、ご意見・ご指摘等がありましたら教えてください。					1225656256
12		今回の実験に関する、ご意見・ご指摘等がありましたら教えてください。					1225681592
12		今回の実験に関する、ご意見・ご指摘等がありましたら教えてください。					1226202754
12		今回の実験に関する、ご意見・ご指摘等がありましたら教えてください。					1226239803
12		今回の実験に関する、ご意見・ご指摘等がありましたら教えてください。				文字が大きくできたらよかったと思う	1226730244
12		今回の実験に関する、ご意見・ご指摘等がありましたら教えてください。					1227261644
12		今回の実験に関する、ご意見・ご指摘等がありましたら教えてください。				むつかしかった	1228827982
12		今回の実験に関する、ご意見・ご指摘等がありましたら教えてください。					1229206572
12		今回の実験に関する、ご意見・ご指摘等がありましたら教えてください。				少しわかりずらかった	1229662280
12		今回の実験に関する、ご意見・ご指摘等がありましたら教えてください。				説明が分かりやすかったです	1230014803
12		今回の実験に関する、ご意見・ご指摘等がありましたら教えてください。				疲れました	1230240694
12		今回の実験に関する、ご意見・ご指摘等がありましたら教えてください。					1230252617
12		今回の実験に関する、ご意見・ご指摘等がありましたら教えてください。					1230444847
12		今回の実験に関する、ご意見・ご指摘等がありましたら教えてください。					1230548569
12		今回の実験に関する、ご意見・ご指摘等がありましたら教えてください。					1230595191
12		今回の実験に関する、ご意見・ご指摘等がありましたら教えてください。					1231808346
12		今回の実験に関する、ご意見・ご指摘等がありましたら教えてください。				制限時間があり緊張してのぞみました。	1231896540
12		今回の実験に関する、ご意見・ご指摘等がありましたら教えてください。				普段のメールのやり取りでアドレス最終確認や見直しを含み、とても有意義な楽しい実験でした。	1231935071
12		今回の実験に関する、ご意見・ご指摘等がありましたら教えてください。				実在企業名と思われるのメールアドレスを実験に使用してよいのでしょうか。不安ですのでクラウドソーシング運営に問い合わせます。	1232194638
12		今回の実験に関する、ご意見・ご指摘等がありましたら教えてください。				特にありません	1232200499
12		今回の実験に関する、ご意見・ご指摘等がありましたら教えてください。				入力が慣れないので大変でした	1232205184
12		今回の実験に関する、ご意見・ご指摘等がありましたら教えてください。					1232645848
12		今回の実験に関する、ご意見・ご指摘等がありましたら教えてください。					1233128828
12		今回の実験に関する、ご意見・ご指摘等がありましたら教えてください。					1233218683
12		今回の実験に関する、ご意見・ご指摘等がありましたら教えてください。					1233288950
12		今回の実験に関する、ご意見・ご指摘等がありましたら教えてください。					1235019472
12		今回の実験に関する、ご意見・ご指摘等がありましたら教えてください。				少し難しかったです	1235722786
12		今回の実験に関する、ご意見・ご指摘等がありましたら教えてください。				普段はコピー＆ペーストで入力することが多いので、名前や企業名を入力するのは少し大変でした。##	1236184619
12		今回の実験に関する、ご意見・ご指摘等がありましたら教えてください。					1236190683
12		今回の実験に関する、ご意見・ご指摘等がありましたら教えてください。				制限時間があるので焦ってしまった	1236270412
12		今回の実験に関する、ご意見・ご指摘等がありましたら教えてください。				全部手打ちするのは大変だった	1236289006
12		今回の実験に関する、ご意見・ご指摘等がありましたら教えてください。				普段メールアドレスをほとんど手で入力しないので緊張した。手で入力する場合はミスが無いか何重にも確認するのですが、時間が無いため確認出来ず気になりました。	1237171032
12		今回の実験に関する、ご意見・ご指摘等がありましたら教えてください。					1237694031
12		今回の実験に関する、ご意見・ご指摘等がありましたら教えてください。					1237721175
12		今回の実験に関する、ご意見・ご指摘等がありましたら教えてください。					1237758394
12		今回の実験に関する、ご意見・ご指摘等がありましたら教えてください。				時間内に間に合わなった	1237852166
12		今回の実験に関する、ご意見・ご指摘等がありましたら教えてください。					1237861172
12		今回の実験に関する、ご意見・ご指摘等がありましたら教えてください。				特にないです	1237862283
12		今回の実験に関する、ご意見・ご指摘等がありましたら教えてください。				時間がが無さすぎる	1237888072
12		今回の実験に関する、ご意見・ご指摘等がありましたら教えてください。					1237890831
12		今回の実験に関する、ご意見・ご指摘等がありましたら教えてください。					1237919503
12		今回の実験に関する、ご意見・ご指摘等がありましたら教えてください。				文字が小さい	1237921729
12		今回の実験に関する、ご意見・ご指摘等がありましたら教えてください。					1238415407
12		今回の実験に関する、ご意見・ご指摘等がありましたら教えてください。				Enter押下後に訂正ができない##そういう仕様であれば説明動画でその旨教えて欲しかったです。	1238555697
12		今回の実験に関する、ご意見・ご指摘等がありましたら教えてください。					1239003249
12		今回の実験に関する、ご意見・ご指摘等がありましたら教えてください。				どういう実験なのか知りたかった。悪いメールを送る手伝いをしているっぽく感じた	1239124747
12		今回の実験に関する、ご意見・ご指摘等がありましたら教えてください。					1239207542
12		今回の実験に関する、ご意見・ご指摘等がありましたら教えてください。				大変ハードな実験でした	1239243817
