1		本実験の対象者となる条件をすべて満たしていますか？##○ 先日実施した「【Outlook経験あり・パソコン限定】メールアドレス入力実験」のタスクに参加していない（先日補償対象となった方は例外として参加可能です）##○ 年齢が18歳以上の女性##○ 日本語の読み書きに堪能##○ PCでOutlookを使用したメール送信経験あり##○ 約30分を確実に確保でき、課題に集中可能な環境がある##○ 安定したインターネット環境があり、必須環境を用意できる##○ 本実験に関する説明文書に同意する##○ 「実験参加の前に行なっていただきたい作業」が完了している	はい@いいえ	はい	1224938299
1		本実験の対象者となる条件をすべて満たしていますか？##○ 先日実施した「【Outlook経験あり・パソコン限定】メールアドレス入力実験」のタスクに参加していない（先日補償対象となった方は例外として参加可能です）##○ 年齢が18歳以上の女性##○ 日本語の読み書きに堪能##○ PCでOutlookを使用したメール送信経験あり##○ 約30分を確実に確保でき、課題に集中可能な環境がある##○ 安定したインターネット環境があり、必須環境を用意できる##○ 本実験に関する説明文書に同意する##○ 「実験参加の前に行なっていただきたい作業」が完了している	はい@いいえ	はい	1225332765
1		本実験の対象者となる条件をすべて満たしていますか？##○ 先日実施した「【Outlook経験あり・パソコン限定】メールアドレス入力実験」のタスクに参加していない（先日補償対象となった方は例外として参加可能です）##○ 年齢が18歳以上の女性##○ 日本語の読み書きに堪能##○ PCでOutlookを使用したメール送信経験あり##○ 約30分を確実に確保でき、課題に集中可能な環境がある##○ 安定したインターネット環境があり、必須環境を用意できる##○ 本実験に関する説明文書に同意する##○ 「実験参加の前に行なっていただきたい作業」が完了している	はい@いいえ	はい	1225976091
1		本実験の対象者となる条件をすべて満たしていますか？##○ 先日実施した「【Outlook経験あり・パソコン限定】メールアドレス入力実験」のタスクに参加していない（先日補償対象となった方は例外として参加可能です）##○ 年齢が18歳以上の女性##○ 日本語の読み書きに堪能##○ PCでOutlookを使用したメール送信経験あり##○ 約30分を確実に確保でき、課題に集中可能な環境がある##○ 安定したインターネット環境があり、必須環境を用意できる##○ 本実験に関する説明文書に同意する##○ 「実験参加の前に行なっていただきたい作業」が完了している	はい@いいえ	はい	1226465241
1		本実験の対象者となる条件をすべて満たしていますか？##○ 先日実施した「【Outlook経験あり・パソコン限定】メールアドレス入力実験」のタスクに参加していない（先日補償対象となった方は例外として参加可能です）##○ 年齢が18歳以上の女性##○ 日本語の読み書きに堪能##○ PCでOutlookを使用したメール送信経験あり##○ 約30分を確実に確保でき、課題に集中可能な環境がある##○ 安定したインターネット環境があり、必須環境を用意できる##○ 本実験に関する説明文書に同意する##○ 「実験参加の前に行なっていただきたい作業」が完了している	はい@いいえ	はい	1228421749
1		本実験の対象者となる条件をすべて満たしていますか？##○ 先日実施した「【Outlook経験あり・パソコン限定】メールアドレス入力実験」のタスクに参加していない（先日補償対象となった方は例外として参加可能です）##○ 年齢が18歳以上の女性##○ 日本語の読み書きに堪能##○ PCでOutlookを使用したメール送信経験あり##○ 約30分を確実に確保でき、課題に集中可能な環境がある##○ 安定したインターネット環境があり、必須環境を用意できる##○ 本実験に関する説明文書に同意する##○ 「実験参加の前に行なっていただきたい作業」が完了している	はい@いいえ	はい	1228854841
1		本実験の対象者となる条件をすべて満たしていますか？##○ 先日実施した「【Outlook経験あり・パソコン限定】メールアドレス入力実験」のタスクに参加していない（先日補償対象となった方は例外として参加可能です）##○ 年齢が18歳以上の女性##○ 日本語の読み書きに堪能##○ PCでOutlookを使用したメール送信経験あり##○ 約30分を確実に確保でき、課題に集中可能な環境がある##○ 安定したインターネット環境があり、必須環境を用意できる##○ 本実験に関する説明文書に同意する##○ 「実験参加の前に行なっていただきたい作業」が完了している	はい@いいえ	はい	1229294467
1		本実験の対象者となる条件をすべて満たしていますか？##○ 先日実施した「【Outlook経験あり・パソコン限定】メールアドレス入力実験」のタスクに参加していない（先日補償対象となった方は例外として参加可能です）##○ 年齢が18歳以上の女性##○ 日本語の読み書きに堪能##○ PCでOutlookを使用したメール送信経験あり##○ 約30分を確実に確保でき、課題に集中可能な環境がある##○ 安定したインターネット環境があり、必須環境を用意できる##○ 本実験に関する説明文書に同意する##○ 「実験参加の前に行なっていただきたい作業」が完了している	はい@いいえ	はい	1229623487
1		本実験の対象者となる条件をすべて満たしていますか？##○ 先日実施した「【Outlook経験あり・パソコン限定】メールアドレス入力実験」のタスクに参加していない（先日補償対象となった方は例外として参加可能です）##○ 年齢が18歳以上の女性##○ 日本語の読み書きに堪能##○ PCでOutlookを使用したメール送信経験あり##○ 約30分を確実に確保でき、課題に集中可能な環境がある##○ 安定したインターネット環境があり、必須環境を用意できる##○ 本実験に関する説明文書に同意する##○ 「実験参加の前に行なっていただきたい作業」が完了している	はい@いいえ	はい	1229888563
1		本実験の対象者となる条件をすべて満たしていますか？##○ 先日実施した「【Outlook経験あり・パソコン限定】メールアドレス入力実験」のタスクに参加していない（先日補償対象となった方は例外として参加可能です）##○ 年齢が18歳以上の女性##○ 日本語の読み書きに堪能##○ PCでOutlookを使用したメール送信経験あり##○ 約30分を確実に確保でき、課題に集中可能な環境がある##○ 安定したインターネット環境があり、必須環境を用意できる##○ 本実験に関する説明文書に同意する##○ 「実験参加の前に行なっていただきたい作業」が完了している	はい@いいえ	はい	1230061334
1		本実験の対象者となる条件をすべて満たしていますか？##○ 先日実施した「【Outlook経験あり・パソコン限定】メールアドレス入力実験」のタスクに参加していない（先日補償対象となった方は例外として参加可能です）##○ 年齢が18歳以上の女性##○ 日本語の読み書きに堪能##○ PCでOutlookを使用したメール送信経験あり##○ 約30分を確実に確保でき、課題に集中可能な環境がある##○ 安定したインターネット環境があり、必須環境を用意できる##○ 本実験に関する説明文書に同意する##○ 「実験参加の前に行なっていただきたい作業」が完了している	はい@いいえ	はい	1231245796
1		本実験の対象者となる条件をすべて満たしていますか？##○ 先日実施した「【Outlook経験あり・パソコン限定】メールアドレス入力実験」のタスクに参加していない（先日補償対象となった方は例外として参加可能です）##○ 年齢が18歳以上の女性##○ 日本語の読み書きに堪能##○ PCでOutlookを使用したメール送信経験あり##○ 約30分を確実に確保でき、課題に集中可能な環境がある##○ 安定したインターネット環境があり、必須環境を用意できる##○ 本実験に関する説明文書に同意する##○ 「実験参加の前に行なっていただきたい作業」が完了している	はい@いいえ	はい	1231289086
1		本実験の対象者となる条件をすべて満たしていますか？##○ 先日実施した「【Outlook経験あり・パソコン限定】メールアドレス入力実験」のタスクに参加していない（先日補償対象となった方は例外として参加可能です）##○ 年齢が18歳以上の女性##○ 日本語の読み書きに堪能##○ PCでOutlookを使用したメール送信経験あり##○ 約30分を確実に確保でき、課題に集中可能な環境がある##○ 安定したインターネット環境があり、必須環境を用意できる##○ 本実験に関する説明文書に同意する##○ 「実験参加の前に行なっていただきたい作業」が完了している	はい@いいえ	はい	1231584953
1		本実験の対象者となる条件をすべて満たしていますか？##○ 先日実施した「【Outlook経験あり・パソコン限定】メールアドレス入力実験」のタスクに参加していない（先日補償対象となった方は例外として参加可能です）##○ 年齢が18歳以上の女性##○ 日本語の読み書きに堪能##○ PCでOutlookを使用したメール送信経験あり##○ 約30分を確実に確保でき、課題に集中可能な環境がある##○ 安定したインターネット環境があり、必須環境を用意できる##○ 本実験に関する説明文書に同意する##○ 「実験参加の前に行なっていただきたい作業」が完了している	はい@いいえ	はい	1231833831
1		本実験の対象者となる条件をすべて満たしていますか？##○ 先日実施した「【Outlook経験あり・パソコン限定】メールアドレス入力実験」のタスクに参加していない（先日補償対象となった方は例外として参加可能です）##○ 年齢が18歳以上の女性##○ 日本語の読み書きに堪能##○ PCでOutlookを使用したメール送信経験あり##○ 約30分を確実に確保でき、課題に集中可能な環境がある##○ 安定したインターネット環境があり、必須環境を用意できる##○ 本実験に関する説明文書に同意する##○ 「実験参加の前に行なっていただきたい作業」が完了している	はい@いいえ	はい	1232170440
1		本実験の対象者となる条件をすべて満たしていますか？##○ 先日実施した「【Outlook経験あり・パソコン限定】メールアドレス入力実験」のタスクに参加していない（先日補償対象となった方は例外として参加可能です）##○ 年齢が18歳以上の女性##○ 日本語の読み書きに堪能##○ PCでOutlookを使用したメール送信経験あり##○ 約30分を確実に確保でき、課題に集中可能な環境がある##○ 安定したインターネット環境があり、必須環境を用意できる##○ 本実験に関する説明文書に同意する##○ 「実験参加の前に行なっていただきたい作業」が完了している	はい@いいえ	はい	1232360481
1		本実験の対象者となる条件をすべて満たしていますか？##○ 先日実施した「【Outlook経験あり・パソコン限定】メールアドレス入力実験」のタスクに参加していない（先日補償対象となった方は例外として参加可能です）##○ 年齢が18歳以上の女性##○ 日本語の読み書きに堪能##○ PCでOutlookを使用したメール送信経験あり##○ 約30分を確実に確保でき、課題に集中可能な環境がある##○ 安定したインターネット環境があり、必須環境を用意できる##○ 本実験に関する説明文書に同意する##○ 「実験参加の前に行なっていただきたい作業」が完了している	はい@いいえ	はい	1232951543
1		本実験の対象者となる条件をすべて満たしていますか？##○ 先日実施した「【Outlook経験あり・パソコン限定】メールアドレス入力実験」のタスクに参加していない（先日補償対象となった方は例外として参加可能です）##○ 年齢が18歳以上の女性##○ 日本語の読み書きに堪能##○ PCでOutlookを使用したメール送信経験あり##○ 約30分を確実に確保でき、課題に集中可能な環境がある##○ 安定したインターネット環境があり、必須環境を用意できる##○ 本実験に関する説明文書に同意する##○ 「実験参加の前に行なっていただきたい作業」が完了している	はい@いいえ	はい	1233063755
1		本実験の対象者となる条件をすべて満たしていますか？##○ 先日実施した「【Outlook経験あり・パソコン限定】メールアドレス入力実験」のタスクに参加していない（先日補償対象となった方は例外として参加可能です）##○ 年齢が18歳以上の女性##○ 日本語の読み書きに堪能##○ PCでOutlookを使用したメール送信経験あり##○ 約30分を確実に確保でき、課題に集中可能な環境がある##○ 安定したインターネット環境があり、必須環境を用意できる##○ 本実験に関する説明文書に同意する##○ 「実験参加の前に行なっていただきたい作業」が完了している	はい@いいえ	はい	1233428845
1		本実験の対象者となる条件をすべて満たしていますか？##○ 先日実施した「【Outlook経験あり・パソコン限定】メールアドレス入力実験」のタスクに参加していない（先日補償対象となった方は例外として参加可能です）##○ 年齢が18歳以上の女性##○ 日本語の読み書きに堪能##○ PCでOutlookを使用したメール送信経験あり##○ 約30分を確実に確保でき、課題に集中可能な環境がある##○ 安定したインターネット環境があり、必須環境を用意できる##○ 本実験に関する説明文書に同意する##○ 「実験参加の前に行なっていただきたい作業」が完了している	はい@いいえ	はい	1233438176
1		本実験の対象者となる条件をすべて満たしていますか？##○ 先日実施した「【Outlook経験あり・パソコン限定】メールアドレス入力実験」のタスクに参加していない（先日補償対象となった方は例外として参加可能です）##○ 年齢が18歳以上の女性##○ 日本語の読み書きに堪能##○ PCでOutlookを使用したメール送信経験あり##○ 約30分を確実に確保でき、課題に集中可能な環境がある##○ 安定したインターネット環境があり、必須環境を用意できる##○ 本実験に関する説明文書に同意する##○ 「実験参加の前に行なっていただきたい作業」が完了している	はい@いいえ	はい	1233586094
1		本実験の対象者となる条件をすべて満たしていますか？##○ 先日実施した「【Outlook経験あり・パソコン限定】メールアドレス入力実験」のタスクに参加していない（先日補償対象となった方は例外として参加可能です）##○ 年齢が18歳以上の女性##○ 日本語の読み書きに堪能##○ PCでOutlookを使用したメール送信経験あり##○ 約30分を確実に確保でき、課題に集中可能な環境がある##○ 安定したインターネット環境があり、必須環境を用意できる##○ 本実験に関する説明文書に同意する##○ 「実験参加の前に行なっていただきたい作業」が完了している	はい@いいえ	はい	1233586235
1		本実験の対象者となる条件をすべて満たしていますか？##○ 先日実施した「【Outlook経験あり・パソコン限定】メールアドレス入力実験」のタスクに参加していない（先日補償対象となった方は例外として参加可能です）##○ 年齢が18歳以上の女性##○ 日本語の読み書きに堪能##○ PCでOutlookを使用したメール送信経験あり##○ 約30分を確実に確保でき、課題に集中可能な環境がある##○ 安定したインターネット環境があり、必須環境を用意できる##○ 本実験に関する説明文書に同意する##○ 「実験参加の前に行なっていただきたい作業」が完了している	はい@いいえ	はい	1233710759
1		本実験の対象者となる条件をすべて満たしていますか？##○ 先日実施した「【Outlook経験あり・パソコン限定】メールアドレス入力実験」のタスクに参加していない（先日補償対象となった方は例外として参加可能です）##○ 年齢が18歳以上の女性##○ 日本語の読み書きに堪能##○ PCでOutlookを使用したメール送信経験あり##○ 約30分を確実に確保でき、課題に集中可能な環境がある##○ 安定したインターネット環境があり、必須環境を用意できる##○ 本実験に関する説明文書に同意する##○ 「実験参加の前に行なっていただきたい作業」が完了している	はい@いいえ	はい	1234195341
1		本実験の対象者となる条件をすべて満たしていますか？##○ 先日実施した「【Outlook経験あり・パソコン限定】メールアドレス入力実験」のタスクに参加していない（先日補償対象となった方は例外として参加可能です）##○ 年齢が18歳以上の女性##○ 日本語の読み書きに堪能##○ PCでOutlookを使用したメール送信経験あり##○ 約30分を確実に確保でき、課題に集中可能な環境がある##○ 安定したインターネット環境があり、必須環境を用意できる##○ 本実験に関する説明文書に同意する##○ 「実験参加の前に行なっていただきたい作業」が完了している	はい@いいえ	はい	1234243235
1		本実験の対象者となる条件をすべて満たしていますか？##○ 先日実施した「【Outlook経験あり・パソコン限定】メールアドレス入力実験」のタスクに参加していない（先日補償対象となった方は例外として参加可能です）##○ 年齢が18歳以上の女性##○ 日本語の読み書きに堪能##○ PCでOutlookを使用したメール送信経験あり##○ 約30分を確実に確保でき、課題に集中可能な環境がある##○ 安定したインターネット環境があり、必須環境を用意できる##○ 本実験に関する説明文書に同意する##○ 「実験参加の前に行なっていただきたい作業」が完了している	はい@いいえ	はい	1234494227
1		本実験の対象者となる条件をすべて満たしていますか？##○ 先日実施した「【Outlook経験あり・パソコン限定】メールアドレス入力実験」のタスクに参加していない（先日補償対象となった方は例外として参加可能です）##○ 年齢が18歳以上の女性##○ 日本語の読み書きに堪能##○ PCでOutlookを使用したメール送信経験あり##○ 約30分を確実に確保でき、課題に集中可能な環境がある##○ 安定したインターネット環境があり、必須環境を用意できる##○ 本実験に関する説明文書に同意する##○ 「実験参加の前に行なっていただきたい作業」が完了している	はい@いいえ	はい	1234520776
1		本実験の対象者となる条件をすべて満たしていますか？##○ 先日実施した「【Outlook経験あり・パソコン限定】メールアドレス入力実験」のタスクに参加していない（先日補償対象となった方は例外として参加可能です）##○ 年齢が18歳以上の女性##○ 日本語の読み書きに堪能##○ PCでOutlookを使用したメール送信経験あり##○ 約30分を確実に確保でき、課題に集中可能な環境がある##○ 安定したインターネット環境があり、必須環境を用意できる##○ 本実験に関する説明文書に同意する##○ 「実験参加の前に行なっていただきたい作業」が完了している	はい@いいえ	はい	1234965726
1		本実験の対象者となる条件をすべて満たしていますか？##○ 先日実施した「【Outlook経験あり・パソコン限定】メールアドレス入力実験」のタスクに参加していない（先日補償対象となった方は例外として参加可能です）##○ 年齢が18歳以上の女性##○ 日本語の読み書きに堪能##○ PCでOutlookを使用したメール送信経験あり##○ 約30分を確実に確保でき、課題に集中可能な環境がある##○ 安定したインターネット環境があり、必須環境を用意できる##○ 本実験に関する説明文書に同意する##○ 「実験参加の前に行なっていただきたい作業」が完了している	はい@いいえ	はい	1235088193
1		本実験の対象者となる条件をすべて満たしていますか？##○ 先日実施した「【Outlook経験あり・パソコン限定】メールアドレス入力実験」のタスクに参加していない（先日補償対象となった方は例外として参加可能です）##○ 年齢が18歳以上の女性##○ 日本語の読み書きに堪能##○ PCでOutlookを使用したメール送信経験あり##○ 約30分を確実に確保でき、課題に集中可能な環境がある##○ 安定したインターネット環境があり、必須環境を用意できる##○ 本実験に関する説明文書に同意する##○ 「実験参加の前に行なっていただきたい作業」が完了している	はい@いいえ	はい	1235140770
1		本実験の対象者となる条件をすべて満たしていますか？##○ 先日実施した「【Outlook経験あり・パソコン限定】メールアドレス入力実験」のタスクに参加していない（先日補償対象となった方は例外として参加可能です）##○ 年齢が18歳以上の女性##○ 日本語の読み書きに堪能##○ PCでOutlookを使用したメール送信経験あり##○ 約30分を確実に確保でき、課題に集中可能な環境がある##○ 安定したインターネット環境があり、必須環境を用意できる##○ 本実験に関する説明文書に同意する##○ 「実験参加の前に行なっていただきたい作業」が完了している	はい@いいえ	はい	1235181990
1		本実験の対象者となる条件をすべて満たしていますか？##○ 先日実施した「【Outlook経験あり・パソコン限定】メールアドレス入力実験」のタスクに参加していない（先日補償対象となった方は例外として参加可能です）##○ 年齢が18歳以上の女性##○ 日本語の読み書きに堪能##○ PCでOutlookを使用したメール送信経験あり##○ 約30分を確実に確保でき、課題に集中可能な環境がある##○ 安定したインターネット環境があり、必須環境を用意できる##○ 本実験に関する説明文書に同意する##○ 「実験参加の前に行なっていただきたい作業」が完了している	はい@いいえ	はい	1235321612
1		本実験の対象者となる条件をすべて満たしていますか？##○ 先日実施した「【Outlook経験あり・パソコン限定】メールアドレス入力実験」のタスクに参加していない（先日補償対象となった方は例外として参加可能です）##○ 年齢が18歳以上の女性##○ 日本語の読み書きに堪能##○ PCでOutlookを使用したメール送信経験あり##○ 約30分を確実に確保でき、課題に集中可能な環境がある##○ 安定したインターネット環境があり、必須環境を用意できる##○ 本実験に関する説明文書に同意する##○ 「実験参加の前に行なっていただきたい作業」が完了している	はい@いいえ	はい	1235756579
1		本実験の対象者となる条件をすべて満たしていますか？##○ 先日実施した「【Outlook経験あり・パソコン限定】メールアドレス入力実験」のタスクに参加していない（先日補償対象となった方は例外として参加可能です）##○ 年齢が18歳以上の女性##○ 日本語の読み書きに堪能##○ PCでOutlookを使用したメール送信経験あり##○ 約30分を確実に確保でき、課題に集中可能な環境がある##○ 安定したインターネット環境があり、必須環境を用意できる##○ 本実験に関する説明文書に同意する##○ 「実験参加の前に行なっていただきたい作業」が完了している	はい@いいえ	はい	1235854384
1		本実験の対象者となる条件をすべて満たしていますか？##○ 先日実施した「【Outlook経験あり・パソコン限定】メールアドレス入力実験」のタスクに参加していない（先日補償対象となった方は例外として参加可能です）##○ 年齢が18歳以上の女性##○ 日本語の読み書きに堪能##○ PCでOutlookを使用したメール送信経験あり##○ 約30分を確実に確保でき、課題に集中可能な環境がある##○ 安定したインターネット環境があり、必須環境を用意できる##○ 本実験に関する説明文書に同意する##○ 「実験参加の前に行なっていただきたい作業」が完了している	はい@いいえ	はい	1235856242
1		本実験の対象者となる条件をすべて満たしていますか？##○ 先日実施した「【Outlook経験あり・パソコン限定】メールアドレス入力実験」のタスクに参加していない（先日補償対象となった方は例外として参加可能です）##○ 年齢が18歳以上の女性##○ 日本語の読み書きに堪能##○ PCでOutlookを使用したメール送信経験あり##○ 約30分を確実に確保でき、課題に集中可能な環境がある##○ 安定したインターネット環境があり、必須環境を用意できる##○ 本実験に関する説明文書に同意する##○ 「実験参加の前に行なっていただきたい作業」が完了している	はい@いいえ	はい	1235992225
1		本実験の対象者となる条件をすべて満たしていますか？##○ 先日実施した「【Outlook経験あり・パソコン限定】メールアドレス入力実験」のタスクに参加していない（先日補償対象となった方は例外として参加可能です）##○ 年齢が18歳以上の女性##○ 日本語の読み書きに堪能##○ PCでOutlookを使用したメール送信経験あり##○ 約30分を確実に確保でき、課題に集中可能な環境がある##○ 安定したインターネット環境があり、必須環境を用意できる##○ 本実験に関する説明文書に同意する##○ 「実験参加の前に行なっていただきたい作業」が完了している	はい@いいえ	はい	1236084094
1		本実験の対象者となる条件をすべて満たしていますか？##○ 先日実施した「【Outlook経験あり・パソコン限定】メールアドレス入力実験」のタスクに参加していない（先日補償対象となった方は例外として参加可能です）##○ 年齢が18歳以上の女性##○ 日本語の読み書きに堪能##○ PCでOutlookを使用したメール送信経験あり##○ 約30分を確実に確保でき、課題に集中可能な環境がある##○ 安定したインターネット環境があり、必須環境を用意できる##○ 本実験に関する説明文書に同意する##○ 「実験参加の前に行なっていただきたい作業」が完了している	はい@いいえ	はい	1236149447
1		本実験の対象者となる条件をすべて満たしていますか？##○ 先日実施した「【Outlook経験あり・パソコン限定】メールアドレス入力実験」のタスクに参加していない（先日補償対象となった方は例外として参加可能です）##○ 年齢が18歳以上の女性##○ 日本語の読み書きに堪能##○ PCでOutlookを使用したメール送信経験あり##○ 約30分を確実に確保でき、課題に集中可能な環境がある##○ 安定したインターネット環境があり、必須環境を用意できる##○ 本実験に関する説明文書に同意する##○ 「実験参加の前に行なっていただきたい作業」が完了している	はい@いいえ	はい	1236230049
1		本実験の対象者となる条件をすべて満たしていますか？##○ 先日実施した「【Outlook経験あり・パソコン限定】メールアドレス入力実験」のタスクに参加していない（先日補償対象となった方は例外として参加可能です）##○ 年齢が18歳以上の女性##○ 日本語の読み書きに堪能##○ PCでOutlookを使用したメール送信経験あり##○ 約30分を確実に確保でき、課題に集中可能な環境がある##○ 安定したインターネット環境があり、必須環境を用意できる##○ 本実験に関する説明文書に同意する##○ 「実験参加の前に行なっていただきたい作業」が完了している	はい@いいえ	はい	1236251319
1		本実験の対象者となる条件をすべて満たしていますか？##○ 先日実施した「【Outlook経験あり・パソコン限定】メールアドレス入力実験」のタスクに参加していない（先日補償対象となった方は例外として参加可能です）##○ 年齢が18歳以上の女性##○ 日本語の読み書きに堪能##○ PCでOutlookを使用したメール送信経験あり##○ 約30分を確実に確保でき、課題に集中可能な環境がある##○ 安定したインターネット環境があり、必須環境を用意できる##○ 本実験に関する説明文書に同意する##○ 「実験参加の前に行なっていただきたい作業」が完了している	はい@いいえ	はい	1236295881
1		本実験の対象者となる条件をすべて満たしていますか？##○ 先日実施した「【Outlook経験あり・パソコン限定】メールアドレス入力実験」のタスクに参加していない（先日補償対象となった方は例外として参加可能です）##○ 年齢が18歳以上の女性##○ 日本語の読み書きに堪能##○ PCでOutlookを使用したメール送信経験あり##○ 約30分を確実に確保でき、課題に集中可能な環境がある##○ 安定したインターネット環境があり、必須環境を用意できる##○ 本実験に関する説明文書に同意する##○ 「実験参加の前に行なっていただきたい作業」が完了している	はい@いいえ	はい	1236448724
1		本実験の対象者となる条件をすべて満たしていますか？##○ 先日実施した「【Outlook経験あり・パソコン限定】メールアドレス入力実験」のタスクに参加していない（先日補償対象となった方は例外として参加可能です）##○ 年齢が18歳以上の女性##○ 日本語の読み書きに堪能##○ PCでOutlookを使用したメール送信経験あり##○ 約30分を確実に確保でき、課題に集中可能な環境がある##○ 安定したインターネット環境があり、必須環境を用意できる##○ 本実験に関する説明文書に同意する##○ 「実験参加の前に行なっていただきたい作業」が完了している	はい@いいえ	はい	1236673828
1		本実験の対象者となる条件をすべて満たしていますか？##○ 先日実施した「【Outlook経験あり・パソコン限定】メールアドレス入力実験」のタスクに参加していない（先日補償対象となった方は例外として参加可能です）##○ 年齢が18歳以上の女性##○ 日本語の読み書きに堪能##○ PCでOutlookを使用したメール送信経験あり##○ 約30分を確実に確保でき、課題に集中可能な環境がある##○ 安定したインターネット環境があり、必須環境を用意できる##○ 本実験に関する説明文書に同意する##○ 「実験参加の前に行なっていただきたい作業」が完了している	はい@いいえ	はい	1236745022
1		本実験の対象者となる条件をすべて満たしていますか？##○ 先日実施した「【Outlook経験あり・パソコン限定】メールアドレス入力実験」のタスクに参加していない（先日補償対象となった方は例外として参加可能です）##○ 年齢が18歳以上の女性##○ 日本語の読み書きに堪能##○ PCでOutlookを使用したメール送信経験あり##○ 約30分を確実に確保でき、課題に集中可能な環境がある##○ 安定したインターネット環境があり、必須環境を用意できる##○ 本実験に関する説明文書に同意する##○ 「実験参加の前に行なっていただきたい作業」が完了している	はい@いいえ	はい	1237226634
1		本実験の対象者となる条件をすべて満たしていますか？##○ 先日実施した「【Outlook経験あり・パソコン限定】メールアドレス入力実験」のタスクに参加していない（先日補償対象となった方は例外として参加可能です）##○ 年齢が18歳以上の女性##○ 日本語の読み書きに堪能##○ PCでOutlookを使用したメール送信経験あり##○ 約30分を確実に確保でき、課題に集中可能な環境がある##○ 安定したインターネット環境があり、必須環境を用意できる##○ 本実験に関する説明文書に同意する##○ 「実験参加の前に行なっていただきたい作業」が完了している	はい@いいえ	はい	1237715604
1		本実験の対象者となる条件をすべて満たしていますか？##○ 先日実施した「【Outlook経験あり・パソコン限定】メールアドレス入力実験」のタスクに参加していない（先日補償対象となった方は例外として参加可能です）##○ 年齢が18歳以上の女性##○ 日本語の読み書きに堪能##○ PCでOutlookを使用したメール送信経験あり##○ 約30分を確実に確保でき、課題に集中可能な環境がある##○ 安定したインターネット環境があり、必須環境を用意できる##○ 本実験に関する説明文書に同意する##○ 「実験参加の前に行なっていただきたい作業」が完了している	はい@いいえ	はい	1237718446
1		本実験の対象者となる条件をすべて満たしていますか？##○ 先日実施した「【Outlook経験あり・パソコン限定】メールアドレス入力実験」のタスクに参加していない（先日補償対象となった方は例外として参加可能です）##○ 年齢が18歳以上の女性##○ 日本語の読み書きに堪能##○ PCでOutlookを使用したメール送信経験あり##○ 約30分を確実に確保でき、課題に集中可能な環境がある##○ 安定したインターネット環境があり、必須環境を用意できる##○ 本実験に関する説明文書に同意する##○ 「実験参加の前に行なっていただきたい作業」が完了している	はい@いいえ	はい	1237792425
1		本実験の対象者となる条件をすべて満たしていますか？##○ 先日実施した「【Outlook経験あり・パソコン限定】メールアドレス入力実験」のタスクに参加していない（先日補償対象となった方は例外として参加可能です）##○ 年齢が18歳以上の女性##○ 日本語の読み書きに堪能##○ PCでOutlookを使用したメール送信経験あり##○ 約30分を確実に確保でき、課題に集中可能な環境がある##○ 安定したインターネット環境があり、必須環境を用意できる##○ 本実験に関する説明文書に同意する##○ 「実験参加の前に行なっていただきたい作業」が完了している	はい@いいえ	はい	1237834888
1		本実験の対象者となる条件をすべて満たしていますか？##○ 先日実施した「【Outlook経験あり・パソコン限定】メールアドレス入力実験」のタスクに参加していない（先日補償対象となった方は例外として参加可能です）##○ 年齢が18歳以上の女性##○ 日本語の読み書きに堪能##○ PCでOutlookを使用したメール送信経験あり##○ 約30分を確実に確保でき、課題に集中可能な環境がある##○ 安定したインターネット環境があり、必須環境を用意できる##○ 本実験に関する説明文書に同意する##○ 「実験参加の前に行なっていただきたい作業」が完了している	はい@いいえ	はい	1238400048
2		「実験参加の前に行なっていただきたい作業」##1. 本実験専用のWebサイトを使用する関係で、キーボードの設定変更をお願いいたします。##2. 実験用Webサイトの操作手順について、動画を視聴してください。	キーボードの設定変更手順 説明資料	https://cysec-lab.notion.site/1533a3874f7280dbbac9d004094f6089?pvs=4	実験用Webサイト操作手順 説明動画（Youtube）	https://www.youtube.com/watch?v=wqqQ1WCVfXo	「実験参加の前に行なっていただきたい作業」は完了していますか？	完了している@完了していない		ここには何も入力しないでください。	完了している	ここには何も入力しないでください。	1224938299
2		「実験参加の前に行なっていただきたい作業」##1. 本実験専用のWebサイトを使用する関係で、キーボードの設定変更をお願いいたします。##2. 実験用Webサイトの操作手順について、動画を視聴してください。	キーボードの設定変更手順 説明資料	https://cysec-lab.notion.site/1533a3874f7280dbbac9d004094f6089?pvs=4	実験用Webサイト操作手順 説明動画（Youtube）	https://www.youtube.com/watch?v=wqqQ1WCVfXo	「実験参加の前に行なっていただきたい作業」は完了していますか？	完了している@完了していない		ここには何も入力しないでください。	完了している	ここには何も入力しないでください。	1225332765
2		「実験参加の前に行なっていただきたい作業」##1. 本実験専用のWebサイトを使用する関係で、キーボードの設定変更をお願いいたします。##2. 実験用Webサイトの操作手順について、動画を視聴してください。	キーボードの設定変更手順 説明資料	https://cysec-lab.notion.site/1533a3874f7280dbbac9d004094f6089?pvs=4	実験用Webサイト操作手順 説明動画（Youtube）	https://www.youtube.com/watch?v=wqqQ1WCVfXo	「実験参加の前に行なっていただきたい作業」は完了していますか？	完了している@完了していない		ここには何も入力しないでください。	完了している	ここには何も入力しないでください。	1225976091
2		「実験参加の前に行なっていただきたい作業」##1. 本実験専用のWebサイトを使用する関係で、キーボードの設定変更をお願いいたします。##2. 実験用Webサイトの操作手順について、動画を視聴してください。	キーボードの設定変更手順 説明資料	https://cysec-lab.notion.site/1533a3874f7280dbbac9d004094f6089?pvs=4	実験用Webサイト操作手順 説明動画（Youtube）	https://www.youtube.com/watch?v=wqqQ1WCVfXo	「実験参加の前に行なっていただきたい作業」は完了していますか？	完了している@完了していない		ここには何も入力しないでください。	完了している	ここには何も入力しないでください。	1226465241
2		「実験参加の前に行なっていただきたい作業」##1. 本実験専用のWebサイトを使用する関係で、キーボードの設定変更をお願いいたします。##2. 実験用Webサイトの操作手順について、動画を視聴してください。	キーボードの設定変更手順 説明資料	https://cysec-lab.notion.site/1533a3874f7280dbbac9d004094f6089?pvs=4	実験用Webサイト操作手順 説明動画（Youtube）	https://www.youtube.com/watch?v=wqqQ1WCVfXo	「実験参加の前に行なっていただきたい作業」は完了していますか？	完了している@完了していない		ここには何も入力しないでください。	完了している	ここには何も入力しないでください。	1228421749
2		「実験参加の前に行なっていただきたい作業」##1. 本実験専用のWebサイトを使用する関係で、キーボードの設定変更をお願いいたします。##2. 実験用Webサイトの操作手順について、動画を視聴してください。	キーボードの設定変更手順 説明資料	https://cysec-lab.notion.site/1533a3874f7280dbbac9d004094f6089?pvs=4	実験用Webサイト操作手順 説明動画（Youtube）	https://www.youtube.com/watch?v=wqqQ1WCVfXo	「実験参加の前に行なっていただきたい作業」は完了していますか？	完了している@完了していない		ここには何も入力しないでください。	完了している	ここには何も入力しないでください。	1228854841
2		「実験参加の前に行なっていただきたい作業」##1. 本実験専用のWebサイトを使用する関係で、キーボードの設定変更をお願いいたします。##2. 実験用Webサイトの操作手順について、動画を視聴してください。	キーボードの設定変更手順 説明資料	https://cysec-lab.notion.site/1533a3874f7280dbbac9d004094f6089?pvs=4	実験用Webサイト操作手順 説明動画（Youtube）	https://www.youtube.com/watch?v=wqqQ1WCVfXo	「実験参加の前に行なっていただきたい作業」は完了していますか？	完了している@完了していない		ここには何も入力しないでください。	完了している	ここには何も入力しないでください。	1229294467
2		「実験参加の前に行なっていただきたい作業」##1. 本実験専用のWebサイトを使用する関係で、キーボードの設定変更をお願いいたします。##2. 実験用Webサイトの操作手順について、動画を視聴してください。	キーボードの設定変更手順 説明資料	https://cysec-lab.notion.site/1533a3874f7280dbbac9d004094f6089?pvs=4	実験用Webサイト操作手順 説明動画（Youtube）	https://www.youtube.com/watch?v=wqqQ1WCVfXo	「実験参加の前に行なっていただきたい作業」は完了していますか？	完了している@完了していない		ここには何も入力しないでください。	完了している	ここには何も入力しないでください。	1229623487
2		「実験参加の前に行なっていただきたい作業」##1. 本実験専用のWebサイトを使用する関係で、キーボードの設定変更をお願いいたします。##2. 実験用Webサイトの操作手順について、動画を視聴してください。	キーボードの設定変更手順 説明資料	https://cysec-lab.notion.site/1533a3874f7280dbbac9d004094f6089?pvs=4	実験用Webサイト操作手順 説明動画（Youtube）	https://www.youtube.com/watch?v=wqqQ1WCVfXo	「実験参加の前に行なっていただきたい作業」は完了していますか？	完了している@完了していない		ここには何も入力しないでください。	完了している	ここには何も入力しないでください。	1229888563
2		「実験参加の前に行なっていただきたい作業」##1. 本実験専用のWebサイトを使用する関係で、キーボードの設定変更をお願いいたします。##2. 実験用Webサイトの操作手順について、動画を視聴してください。	キーボードの設定変更手順 説明資料	https://cysec-lab.notion.site/1533a3874f7280dbbac9d004094f6089?pvs=4	実験用Webサイト操作手順 説明動画（Youtube）	https://www.youtube.com/watch?v=wqqQ1WCVfXo	「実験参加の前に行なっていただきたい作業」は完了していますか？	完了している@完了していない		ここには何も入力しないでください。	完了している	ここには何も入力しないでください。	1230061334
2		「実験参加の前に行なっていただきたい作業」##1. 本実験専用のWebサイトを使用する関係で、キーボードの設定変更をお願いいたします。##2. 実験用Webサイトの操作手順について、動画を視聴してください。	キーボードの設定変更手順 説明資料	https://cysec-lab.notion.site/1533a3874f7280dbbac9d004094f6089?pvs=4	実験用Webサイト操作手順 説明動画（Youtube）	https://www.youtube.com/watch?v=wqqQ1WCVfXo	「実験参加の前に行なっていただきたい作業」は完了していますか？	完了している@完了していない		ここには何も入力しないでください。	完了している	ここには何も入力しないでください。	1231245796
2		「実験参加の前に行なっていただきたい作業」##1. 本実験専用のWebサイトを使用する関係で、キーボードの設定変更をお願いいたします。##2. 実験用Webサイトの操作手順について、動画を視聴してください。	キーボードの設定変更手順 説明資料	https://cysec-lab.notion.site/1533a3874f7280dbbac9d004094f6089?pvs=4	実験用Webサイト操作手順 説明動画（Youtube）	https://www.youtube.com/watch?v=wqqQ1WCVfXo	「実験参加の前に行なっていただきたい作業」は完了していますか？	完了している@完了していない		ここには何も入力しないでください。	完了している	ここには何も入力しないでください。	1231289086
2		「実験参加の前に行なっていただきたい作業」##1. 本実験専用のWebサイトを使用する関係で、キーボードの設定変更をお願いいたします。##2. 実験用Webサイトの操作手順について、動画を視聴してください。	キーボードの設定変更手順 説明資料	https://cysec-lab.notion.site/1533a3874f7280dbbac9d004094f6089?pvs=4	実験用Webサイト操作手順 説明動画（Youtube）	https://www.youtube.com/watch?v=wqqQ1WCVfXo	「実験参加の前に行なっていただきたい作業」は完了していますか？	完了している@完了していない		ここには何も入力しないでください。	完了している	ここには何も入力しないでください。	1231584953
2		「実験参加の前に行なっていただきたい作業」##1. 本実験専用のWebサイトを使用する関係で、キーボードの設定変更をお願いいたします。##2. 実験用Webサイトの操作手順について、動画を視聴してください。	キーボードの設定変更手順 説明資料	https://cysec-lab.notion.site/1533a3874f7280dbbac9d004094f6089?pvs=4	実験用Webサイト操作手順 説明動画（Youtube）	https://www.youtube.com/watch?v=wqqQ1WCVfXo	「実験参加の前に行なっていただきたい作業」は完了していますか？	完了している@完了していない		ここには何も入力しないでください。	完了している	ここには何も入力しないでください。	1231833831
2		「実験参加の前に行なっていただきたい作業」##1. 本実験専用のWebサイトを使用する関係で、キーボードの設定変更をお願いいたします。##2. 実験用Webサイトの操作手順について、動画を視聴してください。	キーボードの設定変更手順 説明資料	https://cysec-lab.notion.site/1533a3874f7280dbbac9d004094f6089?pvs=4	実験用Webサイト操作手順 説明動画（Youtube）	https://www.youtube.com/watch?v=wqqQ1WCVfXo	「実験参加の前に行なっていただきたい作業」は完了していますか？	完了している@完了していない		ここには何も入力しないでください。	完了している	ここには何も入力しないでください。	1232170440
2		「実験参加の前に行なっていただきたい作業」##1. 本実験専用のWebサイトを使用する関係で、キーボードの設定変更をお願いいたします。##2. 実験用Webサイトの操作手順について、動画を視聴してください。	キーボードの設定変更手順 説明資料	https://cysec-lab.notion.site/1533a3874f7280dbbac9d004094f6089?pvs=4	実験用Webサイト操作手順 説明動画（Youtube）	https://www.youtube.com/watch?v=wqqQ1WCVfXo	「実験参加の前に行なっていただきたい作業」は完了していますか？	完了している@完了していない		ここには何も入力しないでください。	完了している	ここには何も入力しないでください。	1232360481
2		「実験参加の前に行なっていただきたい作業」##1. 本実験専用のWebサイトを使用する関係で、キーボードの設定変更をお願いいたします。##2. 実験用Webサイトの操作手順について、動画を視聴してください。	キーボードの設定変更手順 説明資料	https://cysec-lab.notion.site/1533a3874f7280dbbac9d004094f6089?pvs=4	実験用Webサイト操作手順 説明動画（Youtube）	https://www.youtube.com/watch?v=wqqQ1WCVfXo	「実験参加の前に行なっていただきたい作業」は完了していますか？	完了している@完了していない		ここには何も入力しないでください。	完了している	ここには何も入力しないでください。	1232951543
2		「実験参加の前に行なっていただきたい作業」##1. 本実験専用のWebサイトを使用する関係で、キーボードの設定変更をお願いいたします。##2. 実験用Webサイトの操作手順について、動画を視聴してください。	キーボードの設定変更手順 説明資料	https://cysec-lab.notion.site/1533a3874f7280dbbac9d004094f6089?pvs=4	実験用Webサイト操作手順 説明動画（Youtube）	https://www.youtube.com/watch?v=wqqQ1WCVfXo	「実験参加の前に行なっていただきたい作業」は完了していますか？	完了している@完了していない		ここには何も入力しないでください。	完了している	ここには何も入力しないでください。	1233063755
2		「実験参加の前に行なっていただきたい作業」##1. 本実験専用のWebサイトを使用する関係で、キーボードの設定変更をお願いいたします。##2. 実験用Webサイトの操作手順について、動画を視聴してください。	キーボードの設定変更手順 説明資料	https://cysec-lab.notion.site/1533a3874f7280dbbac9d004094f6089?pvs=4	実験用Webサイト操作手順 説明動画（Youtube）	https://www.youtube.com/watch?v=wqqQ1WCVfXo	「実験参加の前に行なっていただきたい作業」は完了していますか？	完了している@完了していない		ここには何も入力しないでください。	完了している	ここには何も入力しないでください。	1233428845
2		「実験参加の前に行なっていただきたい作業」##1. 本実験専用のWebサイトを使用する関係で、キーボードの設定変更をお願いいたします。##2. 実験用Webサイトの操作手順について、動画を視聴してください。	キーボードの設定変更手順 説明資料	https://cysec-lab.notion.site/1533a3874f7280dbbac9d004094f6089?pvs=4	実験用Webサイト操作手順 説明動画（Youtube）	https://www.youtube.com/watch?v=wqqQ1WCVfXo	「実験参加の前に行なっていただきたい作業」は完了していますか？	完了している@完了していない		ここには何も入力しないでください。	完了している	ここには何も入力しないでください。	1233438176
2		「実験参加の前に行なっていただきたい作業」##1. 本実験専用のWebサイトを使用する関係で、キーボードの設定変更をお願いいたします。##2. 実験用Webサイトの操作手順について、動画を視聴してください。	キーボードの設定変更手順 説明資料	https://cysec-lab.notion.site/1533a3874f7280dbbac9d004094f6089?pvs=4	実験用Webサイト操作手順 説明動画（Youtube）	https://www.youtube.com/watch?v=wqqQ1WCVfXo	「実験参加の前に行なっていただきたい作業」は完了していますか？	完了している@完了していない		ここには何も入力しないでください。	完了している	ここには何も入力しないでください。	1233586094
2		「実験参加の前に行なっていただきたい作業」##1. 本実験専用のWebサイトを使用する関係で、キーボードの設定変更をお願いいたします。##2. 実験用Webサイトの操作手順について、動画を視聴してください。	キーボードの設定変更手順 説明資料	https://cysec-lab.notion.site/1533a3874f7280dbbac9d004094f6089?pvs=4	実験用Webサイト操作手順 説明動画（Youtube）	https://www.youtube.com/watch?v=wqqQ1WCVfXo	「実験参加の前に行なっていただきたい作業」は完了していますか？	完了している@完了していない		ここには何も入力しないでください。	完了している	ここには何も入力しないでください。	1233586235
2		「実験参加の前に行なっていただきたい作業」##1. 本実験専用のWebサイトを使用する関係で、キーボードの設定変更をお願いいたします。##2. 実験用Webサイトの操作手順について、動画を視聴してください。	キーボードの設定変更手順 説明資料	https://cysec-lab.notion.site/1533a3874f7280dbbac9d004094f6089?pvs=4	実験用Webサイト操作手順 説明動画（Youtube）	https://www.youtube.com/watch?v=wqqQ1WCVfXo	「実験参加の前に行なっていただきたい作業」は完了していますか？	完了している@完了していない		ここには何も入力しないでください。	完了している	ここには何も入力しないでください。	1233710759
2		「実験参加の前に行なっていただきたい作業」##1. 本実験専用のWebサイトを使用する関係で、キーボードの設定変更をお願いいたします。##2. 実験用Webサイトの操作手順について、動画を視聴してください。	キーボードの設定変更手順 説明資料	https://cysec-lab.notion.site/1533a3874f7280dbbac9d004094f6089?pvs=4	実験用Webサイト操作手順 説明動画（Youtube）	https://www.youtube.com/watch?v=wqqQ1WCVfXo	「実験参加の前に行なっていただきたい作業」は完了していますか？	完了している@完了していない		ここには何も入力しないでください。	完了している	ここには何も入力しないでください。	1234195341
2		「実験参加の前に行なっていただきたい作業」##1. 本実験専用のWebサイトを使用する関係で、キーボードの設定変更をお願いいたします。##2. 実験用Webサイトの操作手順について、動画を視聴してください。	キーボードの設定変更手順 説明資料	https://cysec-lab.notion.site/1533a3874f7280dbbac9d004094f6089?pvs=4	実験用Webサイト操作手順 説明動画（Youtube）	https://www.youtube.com/watch?v=wqqQ1WCVfXo	「実験参加の前に行なっていただきたい作業」は完了していますか？	完了している@完了していない		ここには何も入力しないでください。	完了している	ここには何も入力しないでください。	1234243235
2		「実験参加の前に行なっていただきたい作業」##1. 本実験専用のWebサイトを使用する関係で、キーボードの設定変更をお願いいたします。##2. 実験用Webサイトの操作手順について、動画を視聴してください。	キーボードの設定変更手順 説明資料	https://cysec-lab.notion.site/1533a3874f7280dbbac9d004094f6089?pvs=4	実験用Webサイト操作手順 説明動画（Youtube）	https://www.youtube.com/watch?v=wqqQ1WCVfXo	「実験参加の前に行なっていただきたい作業」は完了していますか？	完了している@完了していない		ここには何も入力しないでください。	完了している	ここには何も入力しないでください。	1234494227
2		「実験参加の前に行なっていただきたい作業」##1. 本実験専用のWebサイトを使用する関係で、キーボードの設定変更をお願いいたします。##2. 実験用Webサイトの操作手順について、動画を視聴してください。	キーボードの設定変更手順 説明資料	https://cysec-lab.notion.site/1533a3874f7280dbbac9d004094f6089?pvs=4	実験用Webサイト操作手順 説明動画（Youtube）	https://www.youtube.com/watch?v=wqqQ1WCVfXo	「実験参加の前に行なっていただきたい作業」は完了していますか？	完了している@完了していない		ここには何も入力しないでください。	完了している	ここには何も入力しないでください。	1234520776
2		「実験参加の前に行なっていただきたい作業」##1. 本実験専用のWebサイトを使用する関係で、キーボードの設定変更をお願いいたします。##2. 実験用Webサイトの操作手順について、動画を視聴してください。	キーボードの設定変更手順 説明資料	https://cysec-lab.notion.site/1533a3874f7280dbbac9d004094f6089?pvs=4	実験用Webサイト操作手順 説明動画（Youtube）	https://www.youtube.com/watch?v=wqqQ1WCVfXo	「実験参加の前に行なっていただきたい作業」は完了していますか？	完了している@完了していない		ここには何も入力しないでください。	完了している	ここには何も入力しないでください。	1234965726
2		「実験参加の前に行なっていただきたい作業」##1. 本実験専用のWebサイトを使用する関係で、キーボードの設定変更をお願いいたします。##2. 実験用Webサイトの操作手順について、動画を視聴してください。	キーボードの設定変更手順 説明資料	https://cysec-lab.notion.site/1533a3874f7280dbbac9d004094f6089?pvs=4	実験用Webサイト操作手順 説明動画（Youtube）	https://www.youtube.com/watch?v=wqqQ1WCVfXo	「実験参加の前に行なっていただきたい作業」は完了していますか？	完了している@完了していない		ここには何も入力しないでください。	完了している	ここには何も入力しないでください。	1235088193
2		「実験参加の前に行なっていただきたい作業」##1. 本実験専用のWebサイトを使用する関係で、キーボードの設定変更をお願いいたします。##2. 実験用Webサイトの操作手順について、動画を視聴してください。	キーボードの設定変更手順 説明資料	https://cysec-lab.notion.site/1533a3874f7280dbbac9d004094f6089?pvs=4	実験用Webサイト操作手順 説明動画（Youtube）	https://www.youtube.com/watch?v=wqqQ1WCVfXo	「実験参加の前に行なっていただきたい作業」は完了していますか？	完了している@完了していない		ここには何も入力しないでください。	完了している	ここには何も入力しないでください。	1235140770
2		「実験参加の前に行なっていただきたい作業」##1. 本実験専用のWebサイトを使用する関係で、キーボードの設定変更をお願いいたします。##2. 実験用Webサイトの操作手順について、動画を視聴してください。	キーボードの設定変更手順 説明資料	https://cysec-lab.notion.site/1533a3874f7280dbbac9d004094f6089?pvs=4	実験用Webサイト操作手順 説明動画（Youtube）	https://www.youtube.com/watch?v=wqqQ1WCVfXo	「実験参加の前に行なっていただきたい作業」は完了していますか？	完了している@完了していない		ここには何も入力しないでください。	完了している	ここには何も入力しないでください。	1235181990
2		「実験参加の前に行なっていただきたい作業」##1. 本実験専用のWebサイトを使用する関係で、キーボードの設定変更をお願いいたします。##2. 実験用Webサイトの操作手順について、動画を視聴してください。	キーボードの設定変更手順 説明資料	https://cysec-lab.notion.site/1533a3874f7280dbbac9d004094f6089?pvs=4	実験用Webサイト操作手順 説明動画（Youtube）	https://www.youtube.com/watch?v=wqqQ1WCVfXo	「実験参加の前に行なっていただきたい作業」は完了していますか？	完了している@完了していない		ここには何も入力しないでください。	完了している	ここには何も入力しないでください。	1235321612
2		「実験参加の前に行なっていただきたい作業」##1. 本実験専用のWebサイトを使用する関係で、キーボードの設定変更をお願いいたします。##2. 実験用Webサイトの操作手順について、動画を視聴してください。	キーボードの設定変更手順 説明資料	https://cysec-lab.notion.site/1533a3874f7280dbbac9d004094f6089?pvs=4	実験用Webサイト操作手順 説明動画（Youtube）	https://www.youtube.com/watch?v=wqqQ1WCVfXo	「実験参加の前に行なっていただきたい作業」は完了していますか？	完了している@完了していない		ここには何も入力しないでください。	完了している	ここには何も入力しないでください。	1235756579
2		「実験参加の前に行なっていただきたい作業」##1. 本実験専用のWebサイトを使用する関係で、キーボードの設定変更をお願いいたします。##2. 実験用Webサイトの操作手順について、動画を視聴してください。	キーボードの設定変更手順 説明資料	https://cysec-lab.notion.site/1533a3874f7280dbbac9d004094f6089?pvs=4	実験用Webサイト操作手順 説明動画（Youtube）	https://www.youtube.com/watch?v=wqqQ1WCVfXo	「実験参加の前に行なっていただきたい作業」は完了していますか？	完了している@完了していない		ここには何も入力しないでください。	完了している	ここには何も入力しないでください。	1235854384
2		「実験参加の前に行なっていただきたい作業」##1. 本実験専用のWebサイトを使用する関係で、キーボードの設定変更をお願いいたします。##2. 実験用Webサイトの操作手順について、動画を視聴してください。	キーボードの設定変更手順 説明資料	https://cysec-lab.notion.site/1533a3874f7280dbbac9d004094f6089?pvs=4	実験用Webサイト操作手順 説明動画（Youtube）	https://www.youtube.com/watch?v=wqqQ1WCVfXo	「実験参加の前に行なっていただきたい作業」は完了していますか？	完了している@完了していない		ここには何も入力しないでください。	完了している	ここには何も入力しないでください。	1235856242
2		「実験参加の前に行なっていただきたい作業」##1. 本実験専用のWebサイトを使用する関係で、キーボードの設定変更をお願いいたします。##2. 実験用Webサイトの操作手順について、動画を視聴してください。	キーボードの設定変更手順 説明資料	https://cysec-lab.notion.site/1533a3874f7280dbbac9d004094f6089?pvs=4	実験用Webサイト操作手順 説明動画（Youtube）	https://www.youtube.com/watch?v=wqqQ1WCVfXo	「実験参加の前に行なっていただきたい作業」は完了していますか？	完了している@完了していない		ここには何も入力しないでください。	完了している	ここには何も入力しないでください。	1235992225
2		「実験参加の前に行なっていただきたい作業」##1. 本実験専用のWebサイトを使用する関係で、キーボードの設定変更をお願いいたします。##2. 実験用Webサイトの操作手順について、動画を視聴してください。	キーボードの設定変更手順 説明資料	https://cysec-lab.notion.site/1533a3874f7280dbbac9d004094f6089?pvs=4	実験用Webサイト操作手順 説明動画（Youtube）	https://www.youtube.com/watch?v=wqqQ1WCVfXo	「実験参加の前に行なっていただきたい作業」は完了していますか？	完了している@完了していない		ここには何も入力しないでください。	完了している	ここには何も入力しないでください。	1236084094
2		「実験参加の前に行なっていただきたい作業」##1. 本実験専用のWebサイトを使用する関係で、キーボードの設定変更をお願いいたします。##2. 実験用Webサイトの操作手順について、動画を視聴してください。	キーボードの設定変更手順 説明資料	https://cysec-lab.notion.site/1533a3874f7280dbbac9d004094f6089?pvs=4	実験用Webサイト操作手順 説明動画（Youtube）	https://www.youtube.com/watch?v=wqqQ1WCVfXo	「実験参加の前に行なっていただきたい作業」は完了していますか？	完了している@完了していない		ここには何も入力しないでください。	完了している	ここには何も入力しないでください。	1236149447
2		「実験参加の前に行なっていただきたい作業」##1. 本実験専用のWebサイトを使用する関係で、キーボードの設定変更をお願いいたします。##2. 実験用Webサイトの操作手順について、動画を視聴してください。	キーボードの設定変更手順 説明資料	https://cysec-lab.notion.site/1533a3874f7280dbbac9d004094f6089?pvs=4	実験用Webサイト操作手順 説明動画（Youtube）	https://www.youtube.com/watch?v=wqqQ1WCVfXo	「実験参加の前に行なっていただきたい作業」は完了していますか？	完了している@完了していない		ここには何も入力しないでください。	完了している	ここには何も入力しないでください。	1236230049
2		「実験参加の前に行なっていただきたい作業」##1. 本実験専用のWebサイトを使用する関係で、キーボードの設定変更をお願いいたします。##2. 実験用Webサイトの操作手順について、動画を視聴してください。	キーボードの設定変更手順 説明資料	https://cysec-lab.notion.site/1533a3874f7280dbbac9d004094f6089?pvs=4	実験用Webサイト操作手順 説明動画（Youtube）	https://www.youtube.com/watch?v=wqqQ1WCVfXo	「実験参加の前に行なっていただきたい作業」は完了していますか？	完了している@完了していない		ここには何も入力しないでください。	完了している	ここには何も入力しないでください。	1236251319
2		「実験参加の前に行なっていただきたい作業」##1. 本実験専用のWebサイトを使用する関係で、キーボードの設定変更をお願いいたします。##2. 実験用Webサイトの操作手順について、動画を視聴してください。	キーボードの設定変更手順 説明資料	https://cysec-lab.notion.site/1533a3874f7280dbbac9d004094f6089?pvs=4	実験用Webサイト操作手順 説明動画（Youtube）	https://www.youtube.com/watch?v=wqqQ1WCVfXo	「実験参加の前に行なっていただきたい作業」は完了していますか？	完了している@完了していない		ここには何も入力しないでください。	完了している	ここには何も入力しないでください。	1236295881
2		「実験参加の前に行なっていただきたい作業」##1. 本実験専用のWebサイトを使用する関係で、キーボードの設定変更をお願いいたします。##2. 実験用Webサイトの操作手順について、動画を視聴してください。	キーボードの設定変更手順 説明資料	https://cysec-lab.notion.site/1533a3874f7280dbbac9d004094f6089?pvs=4	実験用Webサイト操作手順 説明動画（Youtube）	https://www.youtube.com/watch?v=wqqQ1WCVfXo	「実験参加の前に行なっていただきたい作業」は完了していますか？	完了している@完了していない		ここには何も入力しないでください。	完了している	ここには何も入力しないでください。	1236448724
2		「実験参加の前に行なっていただきたい作業」##1. 本実験専用のWebサイトを使用する関係で、キーボードの設定変更をお願いいたします。##2. 実験用Webサイトの操作手順について、動画を視聴してください。	キーボードの設定変更手順 説明資料	https://cysec-lab.notion.site/1533a3874f7280dbbac9d004094f6089?pvs=4	実験用Webサイト操作手順 説明動画（Youtube）	https://www.youtube.com/watch?v=wqqQ1WCVfXo	「実験参加の前に行なっていただきたい作業」は完了していますか？	完了している@完了していない		ここには何も入力しないでください。	完了している	ここには何も入力しないでください。	1236673828
2		「実験参加の前に行なっていただきたい作業」##1. 本実験専用のWebサイトを使用する関係で、キーボードの設定変更をお願いいたします。##2. 実験用Webサイトの操作手順について、動画を視聴してください。	キーボードの設定変更手順 説明資料	https://cysec-lab.notion.site/1533a3874f7280dbbac9d004094f6089?pvs=4	実験用Webサイト操作手順 説明動画（Youtube）	https://www.youtube.com/watch?v=wqqQ1WCVfXo	「実験参加の前に行なっていただきたい作業」は完了していますか？	完了している@完了していない		ここには何も入力しないでください。	完了している	ここには何も入力しないでください。	1236745022
2		「実験参加の前に行なっていただきたい作業」##1. 本実験専用のWebサイトを使用する関係で、キーボードの設定変更をお願いいたします。##2. 実験用Webサイトの操作手順について、動画を視聴してください。	キーボードの設定変更手順 説明資料	https://cysec-lab.notion.site/1533a3874f7280dbbac9d004094f6089?pvs=4	実験用Webサイト操作手順 説明動画（Youtube）	https://www.youtube.com/watch?v=wqqQ1WCVfXo	「実験参加の前に行なっていただきたい作業」は完了していますか？	完了している@完了していない		ここには何も入力しないでください。	完了している	ここには何も入力しないでください。	1237226634
2		「実験参加の前に行なっていただきたい作業」##1. 本実験専用のWebサイトを使用する関係で、キーボードの設定変更をお願いいたします。##2. 実験用Webサイトの操作手順について、動画を視聴してください。	キーボードの設定変更手順 説明資料	https://cysec-lab.notion.site/1533a3874f7280dbbac9d004094f6089?pvs=4	実験用Webサイト操作手順 説明動画（Youtube）	https://www.youtube.com/watch?v=wqqQ1WCVfXo	「実験参加の前に行なっていただきたい作業」は完了していますか？	完了している@完了していない		ここには何も入力しないでください。	完了している	ここには何も入力しないでください。	1237715604
2		「実験参加の前に行なっていただきたい作業」##1. 本実験専用のWebサイトを使用する関係で、キーボードの設定変更をお願いいたします。##2. 実験用Webサイトの操作手順について、動画を視聴してください。	キーボードの設定変更手順 説明資料	https://cysec-lab.notion.site/1533a3874f7280dbbac9d004094f6089?pvs=4	実験用Webサイト操作手順 説明動画（Youtube）	https://www.youtube.com/watch?v=wqqQ1WCVfXo	「実験参加の前に行なっていただきたい作業」は完了していますか？	完了している@完了していない		ここには何も入力しないでください。	完了している	ここには何も入力しないでください。	1237718446
2		「実験参加の前に行なっていただきたい作業」##1. 本実験専用のWebサイトを使用する関係で、キーボードの設定変更をお願いいたします。##2. 実験用Webサイトの操作手順について、動画を視聴してください。	キーボードの設定変更手順 説明資料	https://cysec-lab.notion.site/1533a3874f7280dbbac9d004094f6089?pvs=4	実験用Webサイト操作手順 説明動画（Youtube）	https://www.youtube.com/watch?v=wqqQ1WCVfXo	「実験参加の前に行なっていただきたい作業」は完了していますか？	完了している@完了していない		ここには何も入力しないでください。	完了している	ここには何も入力しないでください。	1237792425
2		「実験参加の前に行なっていただきたい作業」##1. 本実験専用のWebサイトを使用する関係で、キーボードの設定変更をお願いいたします。##2. 実験用Webサイトの操作手順について、動画を視聴してください。	キーボードの設定変更手順 説明資料	https://cysec-lab.notion.site/1533a3874f7280dbbac9d004094f6089?pvs=4	実験用Webサイト操作手順 説明動画（Youtube）	https://www.youtube.com/watch?v=wqqQ1WCVfXo	「実験参加の前に行なっていただきたい作業」は完了していますか？	完了している@完了していない		ここには何も入力しないでください。	完了している	ここには何も入力しないでください。	1237834888
2		「実験参加の前に行なっていただきたい作業」##1. 本実験専用のWebサイトを使用する関係で、キーボードの設定変更をお願いいたします。##2. 実験用Webサイトの操作手順について、動画を視聴してください。	キーボードの設定変更手順 説明資料	https://cysec-lab.notion.site/1533a3874f7280dbbac9d004094f6089?pvs=4	実験用Webサイト操作手順 説明動画（Youtube）	https://www.youtube.com/watch?v=wqqQ1WCVfXo	「実験参加の前に行なっていただきたい作業」は完了していますか？	完了している@完了していない		ここには何も入力しないでください。	完了している	ここには何も入力しないでください。	1238400048
3		あなたの年齢を教えてください。	10代@20代@30代@40代@50代@60代@70代以上	50代	1224938299
3		あなたの年齢を教えてください。	10代@20代@30代@40代@50代@60代@70代以上	50代	1225332765
3		あなたの年齢を教えてください。	10代@20代@30代@40代@50代@60代@70代以上	50代	1225976091
3		あなたの年齢を教えてください。	10代@20代@30代@40代@50代@60代@70代以上	40代	1226465241
3		あなたの年齢を教えてください。	10代@20代@30代@40代@50代@60代@70代以上	50代	1228421749
3		あなたの年齢を教えてください。	10代@20代@30代@40代@50代@60代@70代以上	50代	1228854841
3		あなたの年齢を教えてください。	10代@20代@30代@40代@50代@60代@70代以上	40代	1229294467
3		あなたの年齢を教えてください。	10代@20代@30代@40代@50代@60代@70代以上	30代	1229623487
3		あなたの年齢を教えてください。	10代@20代@30代@40代@50代@60代@70代以上	20代	1229888563
3		あなたの年齢を教えてください。	10代@20代@30代@40代@50代@60代@70代以上	40代	1230061334
3		あなたの年齢を教えてください。	10代@20代@30代@40代@50代@60代@70代以上	50代	1231245796
3		あなたの年齢を教えてください。	10代@20代@30代@40代@50代@60代@70代以上	50代	1231289086
3		あなたの年齢を教えてください。	10代@20代@30代@40代@50代@60代@70代以上	40代	1231584953
3		あなたの年齢を教えてください。	10代@20代@30代@40代@50代@60代@70代以上	50代	1231833831
3		あなたの年齢を教えてください。	10代@20代@30代@40代@50代@60代@70代以上	50代	1232170440
3		あなたの年齢を教えてください。	10代@20代@30代@40代@50代@60代@70代以上	30代	1232360481
3		あなたの年齢を教えてください。	10代@20代@30代@40代@50代@60代@70代以上	50代	1232951543
3		あなたの年齢を教えてください。	10代@20代@30代@40代@50代@60代@70代以上	40代	1233063755
3		あなたの年齢を教えてください。	10代@20代@30代@40代@50代@60代@70代以上	30代	1233428845
3		あなたの年齢を教えてください。	10代@20代@30代@40代@50代@60代@70代以上	50代	1233438176
3		あなたの年齢を教えてください。	10代@20代@30代@40代@50代@60代@70代以上	30代	1233586094
3		あなたの年齢を教えてください。	10代@20代@30代@40代@50代@60代@70代以上	30代	1233586235
3		あなたの年齢を教えてください。	10代@20代@30代@40代@50代@60代@70代以上	40代	1233710759
3		あなたの年齢を教えてください。	10代@20代@30代@40代@50代@60代@70代以上	50代	1234195341
3		あなたの年齢を教えてください。	10代@20代@30代@40代@50代@60代@70代以上	50代	1234243235
3		あなたの年齢を教えてください。	10代@20代@30代@40代@50代@60代@70代以上	50代	1234494227
3		あなたの年齢を教えてください。	10代@20代@30代@40代@50代@60代@70代以上	50代	1234520776
3		あなたの年齢を教えてください。	10代@20代@30代@40代@50代@60代@70代以上	50代	1234965726
3		あなたの年齢を教えてください。	10代@20代@30代@40代@50代@60代@70代以上	50代	1235088193
3		あなたの年齢を教えてください。	10代@20代@30代@40代@50代@60代@70代以上	40代	1235140770
3		あなたの年齢を教えてください。	10代@20代@30代@40代@50代@60代@70代以上	50代	1235181990
3		あなたの年齢を教えてください。	10代@20代@30代@40代@50代@60代@70代以上	30代	1235321612
3		あなたの年齢を教えてください。	10代@20代@30代@40代@50代@60代@70代以上	30代	1235756579
3		あなたの年齢を教えてください。	10代@20代@30代@40代@50代@60代@70代以上	20代	1235854384
3		あなたの年齢を教えてください。	10代@20代@30代@40代@50代@60代@70代以上	40代	1235856242
3		あなたの年齢を教えてください。	10代@20代@30代@40代@50代@60代@70代以上	50代	1235992225
3		あなたの年齢を教えてください。	10代@20代@30代@40代@50代@60代@70代以上	40代	1236084094
3		あなたの年齢を教えてください。	10代@20代@30代@40代@50代@60代@70代以上	40代	1236149447
3		あなたの年齢を教えてください。	10代@20代@30代@40代@50代@60代@70代以上	40代	1236230049
3		あなたの年齢を教えてください。	10代@20代@30代@40代@50代@60代@70代以上	30代	1236251319
3		あなたの年齢を教えてください。	10代@20代@30代@40代@50代@60代@70代以上	40代	1236295881
3		あなたの年齢を教えてください。	10代@20代@30代@40代@50代@60代@70代以上	40代	1236448724
3		あなたの年齢を教えてください。	10代@20代@30代@40代@50代@60代@70代以上	20代	1236673828
3		あなたの年齢を教えてください。	10代@20代@30代@40代@50代@60代@70代以上	30代	1236745022
3		あなたの年齢を教えてください。	10代@20代@30代@40代@50代@60代@70代以上	40代	1237226634
3		あなたの年齢を教えてください。	10代@20代@30代@40代@50代@60代@70代以上	30代	1237715604
3		あなたの年齢を教えてください。	10代@20代@30代@40代@50代@60代@70代以上	30代	1237718446
3		あなたの年齢を教えてください。	10代@20代@30代@40代@50代@60代@70代以上	30代	1237792425
3		あなたの年齢を教えてください。	10代@20代@30代@40代@50代@60代@70代以上	30代	1237834888
3		あなたの年齢を教えてください。	10代@20代@30代@40代@50代@60代@70代以上	40代	1238400048
4		あなたの性別を教えてください。	男性@女性@その他	女性	1224938299
4		あなたの性別を教えてください。	男性@女性@その他	女性	1225332765
4		あなたの性別を教えてください。	男性@女性@その他	女性	1225976091
4		あなたの性別を教えてください。	男性@女性@その他	女性	1226465241
4		あなたの性別を教えてください。	男性@女性@その他	女性	1228421749
4		あなたの性別を教えてください。	男性@女性@その他	女性	1228854841
4		あなたの性別を教えてください。	男性@女性@その他	女性	1229294467
4		あなたの性別を教えてください。	男性@女性@その他	女性	1229623487
4		あなたの性別を教えてください。	男性@女性@その他	女性	1229888563
4		あなたの性別を教えてください。	男性@女性@その他	女性	1230061334
4		あなたの性別を教えてください。	男性@女性@その他	女性	1231245796
4		あなたの性別を教えてください。	男性@女性@その他	女性	1231289086
4		あなたの性別を教えてください。	男性@女性@その他	女性	1231584953
4		あなたの性別を教えてください。	男性@女性@その他	女性	1231833831
4		あなたの性別を教えてください。	男性@女性@その他	女性	1232170440
4		あなたの性別を教えてください。	男性@女性@その他	女性	1232360481
4		あなたの性別を教えてください。	男性@女性@その他	女性	1232951543
4		あなたの性別を教えてください。	男性@女性@その他	女性	1233063755
4		あなたの性別を教えてください。	男性@女性@その他	女性	1233428845
4		あなたの性別を教えてください。	男性@女性@その他	女性	1233438176
4		あなたの性別を教えてください。	男性@女性@その他	女性	1233586094
4		あなたの性別を教えてください。	男性@女性@その他	女性	1233586235
4		あなたの性別を教えてください。	男性@女性@その他	女性	1233710759
4		あなたの性別を教えてください。	男性@女性@その他	女性	1234195341
4		あなたの性別を教えてください。	男性@女性@その他	女性	1234243235
4		あなたの性別を教えてください。	男性@女性@その他	女性	1234494227
4		あなたの性別を教えてください。	男性@女性@その他	女性	1234520776
4		あなたの性別を教えてください。	男性@女性@その他	女性	1234965726
4		あなたの性別を教えてください。	男性@女性@その他	女性	1235088193
4		あなたの性別を教えてください。	男性@女性@その他	女性	1235140770
4		あなたの性別を教えてください。	男性@女性@その他	女性	1235181990
4		あなたの性別を教えてください。	男性@女性@その他	女性	1235321612
4		あなたの性別を教えてください。	男性@女性@その他	女性	1235756579
4		あなたの性別を教えてください。	男性@女性@その他	女性	1235854384
4		あなたの性別を教えてください。	男性@女性@その他	女性	1235856242
4		あなたの性別を教えてください。	男性@女性@その他	女性	1235992225
4		あなたの性別を教えてください。	男性@女性@その他	女性	1236084094
4		あなたの性別を教えてください。	男性@女性@その他	女性	1236149447
4		あなたの性別を教えてください。	男性@女性@その他	女性	1236230049
4		あなたの性別を教えてください。	男性@女性@その他	女性	1236251319
4		あなたの性別を教えてください。	男性@女性@その他	女性	1236295881
4		あなたの性別を教えてください。	男性@女性@その他	女性	1236448724
4		あなたの性別を教えてください。	男性@女性@その他	女性	1236673828
4		あなたの性別を教えてください。	男性@女性@その他	女性	1236745022
4		あなたの性別を教えてください。	男性@女性@その他	女性	1237226634
4		あなたの性別を教えてください。	男性@女性@その他	女性	1237715604
4		あなたの性別を教えてください。	男性@女性@その他	女性	1237718446
4		あなたの性別を教えてください。	男性@女性@その他	女性	1237792425
4		あなたの性別を教えてください。	男性@女性@その他	女性	1237834888
4		あなたの性別を教えてください。	男性@女性@その他	女性	1238400048
5		あなたの職業を教えてください。	会社勤務（一般社員）@会社勤務（管理職）@会社経営（経営者・役員）@公務員・教職員・非営利団体職員@派遣社員・契約社員@自営業（商工サービス）@SOHO@農林漁業@専門職（弁護士・税理士等・医療関連）@パート・アルバイト@専業主婦・主夫@学生@無職@その他の職業	「その他の職業」と回答された方は、以下に職業をご記入ください。		会社勤務（一般社員）		1224938299
5		あなたの職業を教えてください。	会社勤務（一般社員）@会社勤務（管理職）@会社経営（経営者・役員）@公務員・教職員・非営利団体職員@派遣社員・契約社員@自営業（商工サービス）@SOHO@農林漁業@専門職（弁護士・税理士等・医療関連）@パート・アルバイト@専業主婦・主夫@学生@無職@その他の職業	「その他の職業」と回答された方は、以下に職業をご記入ください。		SOHO		1225332765
5		あなたの職業を教えてください。	会社勤務（一般社員）@会社勤務（管理職）@会社経営（経営者・役員）@公務員・教職員・非営利団体職員@派遣社員・契約社員@自営業（商工サービス）@SOHO@農林漁業@専門職（弁護士・税理士等・医療関連）@パート・アルバイト@専業主婦・主夫@学生@無職@その他の職業	「その他の職業」と回答された方は、以下に職業をご記入ください。		自営業（商工サービス）		1225976091
5		あなたの職業を教えてください。	会社勤務（一般社員）@会社勤務（管理職）@会社経営（経営者・役員）@公務員・教職員・非営利団体職員@派遣社員・契約社員@自営業（商工サービス）@SOHO@農林漁業@専門職（弁護士・税理士等・医療関連）@パート・アルバイト@専業主婦・主夫@学生@無職@その他の職業	「その他の職業」と回答された方は、以下に職業をご記入ください。		会社勤務（一般社員）		1226465241
5		あなたの職業を教えてください。	会社勤務（一般社員）@会社勤務（管理職）@会社経営（経営者・役員）@公務員・教職員・非営利団体職員@派遣社員・契約社員@自営業（商工サービス）@SOHO@農林漁業@専門職（弁護士・税理士等・医療関連）@パート・アルバイト@専業主婦・主夫@学生@無職@その他の職業	「その他の職業」と回答された方は、以下に職業をご記入ください。		会社勤務（管理職）		1228421749
5		あなたの職業を教えてください。	会社勤務（一般社員）@会社勤務（管理職）@会社経営（経営者・役員）@公務員・教職員・非営利団体職員@派遣社員・契約社員@自営業（商工サービス）@SOHO@農林漁業@専門職（弁護士・税理士等・医療関連）@パート・アルバイト@専業主婦・主夫@学生@無職@その他の職業	「その他の職業」と回答された方は、以下に職業をご記入ください。		専業主婦・主夫		1228854841
5		あなたの職業を教えてください。	会社勤務（一般社員）@会社勤務（管理職）@会社経営（経営者・役員）@公務員・教職員・非営利団体職員@派遣社員・契約社員@自営業（商工サービス）@SOHO@農林漁業@専門職（弁護士・税理士等・医療関連）@パート・アルバイト@専業主婦・主夫@学生@無職@その他の職業	「その他の職業」と回答された方は、以下に職業をご記入ください。		無職		1229294467
5		あなたの職業を教えてください。	会社勤務（一般社員）@会社勤務（管理職）@会社経営（経営者・役員）@公務員・教職員・非営利団体職員@派遣社員・契約社員@自営業（商工サービス）@SOHO@農林漁業@専門職（弁護士・税理士等・医療関連）@パート・アルバイト@専業主婦・主夫@学生@無職@その他の職業	「その他の職業」と回答された方は、以下に職業をご記入ください。		会社勤務（一般社員）		1229623487
5		あなたの職業を教えてください。	会社勤務（一般社員）@会社勤務（管理職）@会社経営（経営者・役員）@公務員・教職員・非営利団体職員@派遣社員・契約社員@自営業（商工サービス）@SOHO@農林漁業@専門職（弁護士・税理士等・医療関連）@パート・アルバイト@専業主婦・主夫@学生@無職@その他の職業	「その他の職業」と回答された方は、以下に職業をご記入ください。		会社勤務（一般社員）		1229888563
5		あなたの職業を教えてください。	会社勤務（一般社員）@会社勤務（管理職）@会社経営（経営者・役員）@公務員・教職員・非営利団体職員@派遣社員・契約社員@自営業（商工サービス）@SOHO@農林漁業@専門職（弁護士・税理士等・医療関連）@パート・アルバイト@専業主婦・主夫@学生@無職@その他の職業	「その他の職業」と回答された方は、以下に職業をご記入ください。		パート・アルバイト		1230061334
5		あなたの職業を教えてください。	会社勤務（一般社員）@会社勤務（管理職）@会社経営（経営者・役員）@公務員・教職員・非営利団体職員@派遣社員・契約社員@自営業（商工サービス）@SOHO@農林漁業@専門職（弁護士・税理士等・医療関連）@パート・アルバイト@専業主婦・主夫@学生@無職@その他の職業	「その他の職業」と回答された方は、以下に職業をご記入ください。		パート・アルバイト		1231245796
5		あなたの職業を教えてください。	会社勤務（一般社員）@会社勤務（管理職）@会社経営（経営者・役員）@公務員・教職員・非営利団体職員@派遣社員・契約社員@自営業（商工サービス）@SOHO@農林漁業@専門職（弁護士・税理士等・医療関連）@パート・アルバイト@専業主婦・主夫@学生@無職@その他の職業	「その他の職業」と回答された方は、以下に職業をご記入ください。		パート・アルバイト		1231289086
5		あなたの職業を教えてください。	会社勤務（一般社員）@会社勤務（管理職）@会社経営（経営者・役員）@公務員・教職員・非営利団体職員@派遣社員・契約社員@自営業（商工サービス）@SOHO@農林漁業@専門職（弁護士・税理士等・医療関連）@パート・アルバイト@専業主婦・主夫@学生@無職@その他の職業	「その他の職業」と回答された方は、以下に職業をご記入ください。		派遣社員・契約社員		1231584953
5		あなたの職業を教えてください。	会社勤務（一般社員）@会社勤務（管理職）@会社経営（経営者・役員）@公務員・教職員・非営利団体職員@派遣社員・契約社員@自営業（商工サービス）@SOHO@農林漁業@専門職（弁護士・税理士等・医療関連）@パート・アルバイト@専業主婦・主夫@学生@無職@その他の職業	「その他の職業」と回答された方は、以下に職業をご記入ください。		専業主婦・主夫		1231833831
5		あなたの職業を教えてください。	会社勤務（一般社員）@会社勤務（管理職）@会社経営（経営者・役員）@公務員・教職員・非営利団体職員@派遣社員・契約社員@自営業（商工サービス）@SOHO@農林漁業@専門職（弁護士・税理士等・医療関連）@パート・アルバイト@専業主婦・主夫@学生@無職@その他の職業	「その他の職業」と回答された方は、以下に職業をご記入ください。		会社勤務（一般社員）		1232170440
5		あなたの職業を教えてください。	会社勤務（一般社員）@会社勤務（管理職）@会社経営（経営者・役員）@公務員・教職員・非営利団体職員@派遣社員・契約社員@自営業（商工サービス）@SOHO@農林漁業@専門職（弁護士・税理士等・医療関連）@パート・アルバイト@専業主婦・主夫@学生@無職@その他の職業	「その他の職業」と回答された方は、以下に職業をご記入ください。		会社勤務（一般社員）		1232360481
5		あなたの職業を教えてください。	会社勤務（一般社員）@会社勤務（管理職）@会社経営（経営者・役員）@公務員・教職員・非営利団体職員@派遣社員・契約社員@自営業（商工サービス）@SOHO@農林漁業@専門職（弁護士・税理士等・医療関連）@パート・アルバイト@専業主婦・主夫@学生@無職@その他の職業	「その他の職業」と回答された方は、以下に職業をご記入ください。		会社勤務（一般社員）		1232951543
5		あなたの職業を教えてください。	会社勤務（一般社員）@会社勤務（管理職）@会社経営（経営者・役員）@公務員・教職員・非営利団体職員@派遣社員・契約社員@自営業（商工サービス）@SOHO@農林漁業@専門職（弁護士・税理士等・医療関連）@パート・アルバイト@専業主婦・主夫@学生@無職@その他の職業	「その他の職業」と回答された方は、以下に職業をご記入ください。		パート・アルバイト		1233063755
5		あなたの職業を教えてください。	会社勤務（一般社員）@会社勤務（管理職）@会社経営（経営者・役員）@公務員・教職員・非営利団体職員@派遣社員・契約社員@自営業（商工サービス）@SOHO@農林漁業@専門職（弁護士・税理士等・医療関連）@パート・アルバイト@専業主婦・主夫@学生@無職@その他の職業	「その他の職業」と回答された方は、以下に職業をご記入ください。		会社勤務（一般社員）		1233428845
5		あなたの職業を教えてください。	会社勤務（一般社員）@会社勤務（管理職）@会社経営（経営者・役員）@公務員・教職員・非営利団体職員@派遣社員・契約社員@自営業（商工サービス）@SOHO@農林漁業@専門職（弁護士・税理士等・医療関連）@パート・アルバイト@専業主婦・主夫@学生@無職@その他の職業	「その他の職業」と回答された方は、以下に職業をご記入ください。		会社勤務（一般社員）		1233438176
5		あなたの職業を教えてください。	会社勤務（一般社員）@会社勤務（管理職）@会社経営（経営者・役員）@公務員・教職員・非営利団体職員@派遣社員・契約社員@自営業（商工サービス）@SOHO@農林漁業@専門職（弁護士・税理士等・医療関連）@パート・アルバイト@専業主婦・主夫@学生@無職@その他の職業	「その他の職業」と回答された方は、以下に職業をご記入ください。		会社勤務（一般社員）		1233586094
5		あなたの職業を教えてください。	会社勤務（一般社員）@会社勤務（管理職）@会社経営（経営者・役員）@公務員・教職員・非営利団体職員@派遣社員・契約社員@自営業（商工サービス）@SOHO@農林漁業@専門職（弁護士・税理士等・医療関連）@パート・アルバイト@専業主婦・主夫@学生@無職@その他の職業	「その他の職業」と回答された方は、以下に職業をご記入ください。		専業主婦・主夫		1233586235
5		あなたの職業を教えてください。	会社勤務（一般社員）@会社勤務（管理職）@会社経営（経営者・役員）@公務員・教職員・非営利団体職員@派遣社員・契約社員@自営業（商工サービス）@SOHO@農林漁業@専門職（弁護士・税理士等・医療関連）@パート・アルバイト@専業主婦・主夫@学生@無職@その他の職業	「その他の職業」と回答された方は、以下に職業をご記入ください。		パート・アルバイト		1233710759
5		あなたの職業を教えてください。	会社勤務（一般社員）@会社勤務（管理職）@会社経営（経営者・役員）@公務員・教職員・非営利団体職員@派遣社員・契約社員@自営業（商工サービス）@SOHO@農林漁業@専門職（弁護士・税理士等・医療関連）@パート・アルバイト@専業主婦・主夫@学生@無職@その他の職業	「その他の職業」と回答された方は、以下に職業をご記入ください。		会社勤務（一般社員）		1234195341
5		あなたの職業を教えてください。	会社勤務（一般社員）@会社勤務（管理職）@会社経営（経営者・役員）@公務員・教職員・非営利団体職員@派遣社員・契約社員@自営業（商工サービス）@SOHO@農林漁業@専門職（弁護士・税理士等・医療関連）@パート・アルバイト@専業主婦・主夫@学生@無職@その他の職業	「その他の職業」と回答された方は、以下に職業をご記入ください。		パート・アルバイト		1234243235
5		あなたの職業を教えてください。	会社勤務（一般社員）@会社勤務（管理職）@会社経営（経営者・役員）@公務員・教職員・非営利団体職員@派遣社員・契約社員@自営業（商工サービス）@SOHO@農林漁業@専門職（弁護士・税理士等・医療関連）@パート・アルバイト@専業主婦・主夫@学生@無職@その他の職業	「その他の職業」と回答された方は、以下に職業をご記入ください。		自営業（商工サービス）		1234494227
5		あなたの職業を教えてください。	会社勤務（一般社員）@会社勤務（管理職）@会社経営（経営者・役員）@公務員・教職員・非営利団体職員@派遣社員・契約社員@自営業（商工サービス）@SOHO@農林漁業@専門職（弁護士・税理士等・医療関連）@パート・アルバイト@専業主婦・主夫@学生@無職@その他の職業	「その他の職業」と回答された方は、以下に職業をご記入ください。		会社勤務（一般社員）		1234520776
5		あなたの職業を教えてください。	会社勤務（一般社員）@会社勤務（管理職）@会社経営（経営者・役員）@公務員・教職員・非営利団体職員@派遣社員・契約社員@自営業（商工サービス）@SOHO@農林漁業@専門職（弁護士・税理士等・医療関連）@パート・アルバイト@専業主婦・主夫@学生@無職@その他の職業	「その他の職業」と回答された方は、以下に職業をご記入ください。		パート・アルバイト		1234965726
5		あなたの職業を教えてください。	会社勤務（一般社員）@会社勤務（管理職）@会社経営（経営者・役員）@公務員・教職員・非営利団体職員@派遣社員・契約社員@自営業（商工サービス）@SOHO@農林漁業@専門職（弁護士・税理士等・医療関連）@パート・アルバイト@専業主婦・主夫@学生@無職@その他の職業	「その他の職業」と回答された方は、以下に職業をご記入ください。		専業主婦・主夫		1235088193
5		あなたの職業を教えてください。	会社勤務（一般社員）@会社勤務（管理職）@会社経営（経営者・役員）@公務員・教職員・非営利団体職員@派遣社員・契約社員@自営業（商工サービス）@SOHO@農林漁業@専門職（弁護士・税理士等・医療関連）@パート・アルバイト@専業主婦・主夫@学生@無職@その他の職業	「その他の職業」と回答された方は、以下に職業をご記入ください。		会社勤務（一般社員）		1235140770
5		あなたの職業を教えてください。	会社勤務（一般社員）@会社勤務（管理職）@会社経営（経営者・役員）@公務員・教職員・非営利団体職員@派遣社員・契約社員@自営業（商工サービス）@SOHO@農林漁業@専門職（弁護士・税理士等・医療関連）@パート・アルバイト@専業主婦・主夫@学生@無職@その他の職業	「その他の職業」と回答された方は、以下に職業をご記入ください。		無職		1235181990
5		あなたの職業を教えてください。	会社勤務（一般社員）@会社勤務（管理職）@会社経営（経営者・役員）@公務員・教職員・非営利団体職員@派遣社員・契約社員@自営業（商工サービス）@SOHO@農林漁業@専門職（弁護士・税理士等・医療関連）@パート・アルバイト@専業主婦・主夫@学生@無職@その他の職業	「その他の職業」と回答された方は、以下に職業をご記入ください。		会社勤務（一般社員）		1235321612
5		あなたの職業を教えてください。	会社勤務（一般社員）@会社勤務（管理職）@会社経営（経営者・役員）@公務員・教職員・非営利団体職員@派遣社員・契約社員@自営業（商工サービス）@SOHO@農林漁業@専門職（弁護士・税理士等・医療関連）@パート・アルバイト@専業主婦・主夫@学生@無職@その他の職業	「その他の職業」と回答された方は、以下に職業をご記入ください。		会社勤務（一般社員）		1235756579
5		あなたの職業を教えてください。	会社勤務（一般社員）@会社勤務（管理職）@会社経営（経営者・役員）@公務員・教職員・非営利団体職員@派遣社員・契約社員@自営業（商工サービス）@SOHO@農林漁業@専門職（弁護士・税理士等・医療関連）@パート・アルバイト@専業主婦・主夫@学生@無職@その他の職業	「その他の職業」と回答された方は、以下に職業をご記入ください。		派遣社員・契約社員		1235854384
5		あなたの職業を教えてください。	会社勤務（一般社員）@会社勤務（管理職）@会社経営（経営者・役員）@公務員・教職員・非営利団体職員@派遣社員・契約社員@自営業（商工サービス）@SOHO@農林漁業@専門職（弁護士・税理士等・医療関連）@パート・アルバイト@専業主婦・主夫@学生@無職@その他の職業	「その他の職業」と回答された方は、以下に職業をご記入ください。		無職		1235856242
5		あなたの職業を教えてください。	会社勤務（一般社員）@会社勤務（管理職）@会社経営（経営者・役員）@公務員・教職員・非営利団体職員@派遣社員・契約社員@自営業（商工サービス）@SOHO@農林漁業@専門職（弁護士・税理士等・医療関連）@パート・アルバイト@専業主婦・主夫@学生@無職@その他の職業	「その他の職業」と回答された方は、以下に職業をご記入ください。		無職		1235992225
5		あなたの職業を教えてください。	会社勤務（一般社員）@会社勤務（管理職）@会社経営（経営者・役員）@公務員・教職員・非営利団体職員@派遣社員・契約社員@自営業（商工サービス）@SOHO@農林漁業@専門職（弁護士・税理士等・医療関連）@パート・アルバイト@専業主婦・主夫@学生@無職@その他の職業	「その他の職業」と回答された方は、以下に職業をご記入ください。		パート・アルバイト		1236084094
5		あなたの職業を教えてください。	会社勤務（一般社員）@会社勤務（管理職）@会社経営（経営者・役員）@公務員・教職員・非営利団体職員@派遣社員・契約社員@自営業（商工サービス）@SOHO@農林漁業@専門職（弁護士・税理士等・医療関連）@パート・アルバイト@専業主婦・主夫@学生@無職@その他の職業	「その他の職業」と回答された方は、以下に職業をご記入ください。		会社勤務（一般社員）		1236149447
5		あなたの職業を教えてください。	会社勤務（一般社員）@会社勤務（管理職）@会社経営（経営者・役員）@公務員・教職員・非営利団体職員@派遣社員・契約社員@自営業（商工サービス）@SOHO@農林漁業@専門職（弁護士・税理士等・医療関連）@パート・アルバイト@専業主婦・主夫@学生@無職@その他の職業	「その他の職業」と回答された方は、以下に職業をご記入ください。		SOHO		1236230049
5		あなたの職業を教えてください。	会社勤務（一般社員）@会社勤務（管理職）@会社経営（経営者・役員）@公務員・教職員・非営利団体職員@派遣社員・契約社員@自営業（商工サービス）@SOHO@農林漁業@専門職（弁護士・税理士等・医療関連）@パート・アルバイト@専業主婦・主夫@学生@無職@その他の職業	「その他の職業」と回答された方は、以下に職業をご記入ください。		会社勤務（一般社員）		1236251319
5		あなたの職業を教えてください。	会社勤務（一般社員）@会社勤務（管理職）@会社経営（経営者・役員）@公務員・教職員・非営利団体職員@派遣社員・契約社員@自営業（商工サービス）@SOHO@農林漁業@専門職（弁護士・税理士等・医療関連）@パート・アルバイト@専業主婦・主夫@学生@無職@その他の職業	「その他の職業」と回答された方は、以下に職業をご記入ください。		その他の職業	フリーランス	1236295881
5		あなたの職業を教えてください。	会社勤務（一般社員）@会社勤務（管理職）@会社経営（経営者・役員）@公務員・教職員・非営利団体職員@派遣社員・契約社員@自営業（商工サービス）@SOHO@農林漁業@専門職（弁護士・税理士等・医療関連）@パート・アルバイト@専業主婦・主夫@学生@無職@その他の職業	「その他の職業」と回答された方は、以下に職業をご記入ください。		会社勤務（一般社員）		1236448724
5		あなたの職業を教えてください。	会社勤務（一般社員）@会社勤務（管理職）@会社経営（経営者・役員）@公務員・教職員・非営利団体職員@派遣社員・契約社員@自営業（商工サービス）@SOHO@農林漁業@専門職（弁護士・税理士等・医療関連）@パート・アルバイト@専業主婦・主夫@学生@無職@その他の職業	「その他の職業」と回答された方は、以下に職業をご記入ください。		パート・アルバイト		1236673828
5		あなたの職業を教えてください。	会社勤務（一般社員）@会社勤務（管理職）@会社経営（経営者・役員）@公務員・教職員・非営利団体職員@派遣社員・契約社員@自営業（商工サービス）@SOHO@農林漁業@専門職（弁護士・税理士等・医療関連）@パート・アルバイト@専業主婦・主夫@学生@無職@その他の職業	「その他の職業」と回答された方は、以下に職業をご記入ください。		会社勤務（一般社員）		1236745022
5		あなたの職業を教えてください。	会社勤務（一般社員）@会社勤務（管理職）@会社経営（経営者・役員）@公務員・教職員・非営利団体職員@派遣社員・契約社員@自営業（商工サービス）@SOHO@農林漁業@専門職（弁護士・税理士等・医療関連）@パート・アルバイト@専業主婦・主夫@学生@無職@その他の職業	「その他の職業」と回答された方は、以下に職業をご記入ください。		会社勤務（一般社員）		1237226634
5		あなたの職業を教えてください。	会社勤務（一般社員）@会社勤務（管理職）@会社経営（経営者・役員）@公務員・教職員・非営利団体職員@派遣社員・契約社員@自営業（商工サービス）@SOHO@農林漁業@専門職（弁護士・税理士等・医療関連）@パート・アルバイト@専業主婦・主夫@学生@無職@その他の職業	「その他の職業」と回答された方は、以下に職業をご記入ください。		会社勤務（一般社員）		1237715604
5		あなたの職業を教えてください。	会社勤務（一般社員）@会社勤務（管理職）@会社経営（経営者・役員）@公務員・教職員・非営利団体職員@派遣社員・契約社員@自営業（商工サービス）@SOHO@農林漁業@専門職（弁護士・税理士等・医療関連）@パート・アルバイト@専業主婦・主夫@学生@無職@その他の職業	「その他の職業」と回答された方は、以下に職業をご記入ください。		会社勤務（一般社員）		1237718446
5		あなたの職業を教えてください。	会社勤務（一般社員）@会社勤務（管理職）@会社経営（経営者・役員）@公務員・教職員・非営利団体職員@派遣社員・契約社員@自営業（商工サービス）@SOHO@農林漁業@専門職（弁護士・税理士等・医療関連）@パート・アルバイト@専業主婦・主夫@学生@無職@その他の職業	「その他の職業」と回答された方は、以下に職業をご記入ください。		専門職（弁護士・税理士等・医療関連）		1237792425
5		あなたの職業を教えてください。	会社勤務（一般社員）@会社勤務（管理職）@会社経営（経営者・役員）@公務員・教職員・非営利団体職員@派遣社員・契約社員@自営業（商工サービス）@SOHO@農林漁業@専門職（弁護士・税理士等・医療関連）@パート・アルバイト@専業主婦・主夫@学生@無職@その他の職業	「その他の職業」と回答された方は、以下に職業をご記入ください。		会社勤務（一般社員）		1237834888
5		あなたの職業を教えてください。	会社勤務（一般社員）@会社勤務（管理職）@会社経営（経営者・役員）@公務員・教職員・非営利団体職員@派遣社員・契約社員@自営業（商工サービス）@SOHO@農林漁業@専門職（弁護士・税理士等・医療関連）@パート・アルバイト@専業主婦・主夫@学生@無職@その他の職業	「その他の職業」と回答された方は、以下に職業をご記入ください。		パート・アルバイト		1238400048
6		あなたがお勤めの組織の業種を教えてください。	エネルギー・素材・産業機械@食品@飲料・嗜好品@薬品・医療用品@化粧品・トイレタリー・サニタリー@ファッション・アクセサリー@精密機械・事務用品@家電・AV機器@自動車・輸送機器@家庭用品@趣味・スポーツ用品@不動産・住宅設備@情報・通信@流通・小売業@金融・保険@交通・レジャー@外食・各種サービス@官公庁・団体@教育・医療サービス・宗教@新聞・雑誌・テレビ・ラジオ・広告等マスコミ関係@市場調査@その他@この中に当てはまるものがない	「その他」と回答したかたは、以下に業種をご記入ください。		この中に当てはまるものがない		1224938299
6		あなたがお勤めの組織の業種を教えてください。	エネルギー・素材・産業機械@食品@飲料・嗜好品@薬品・医療用品@化粧品・トイレタリー・サニタリー@ファッション・アクセサリー@精密機械・事務用品@家電・AV機器@自動車・輸送機器@家庭用品@趣味・スポーツ用品@不動産・住宅設備@情報・通信@流通・小売業@金融・保険@交通・レジャー@外食・各種サービス@官公庁・団体@教育・医療サービス・宗教@新聞・雑誌・テレビ・ラジオ・広告等マスコミ関係@市場調査@その他@この中に当てはまるものがない	「その他」と回答したかたは、以下に業種をご記入ください。		その他		1225332765
6		あなたがお勤めの組織の業種を教えてください。	エネルギー・素材・産業機械@食品@飲料・嗜好品@薬品・医療用品@化粧品・トイレタリー・サニタリー@ファッション・アクセサリー@精密機械・事務用品@家電・AV機器@自動車・輸送機器@家庭用品@趣味・スポーツ用品@不動産・住宅設備@情報・通信@流通・小売業@金融・保険@交通・レジャー@外食・各種サービス@官公庁・団体@教育・医療サービス・宗教@新聞・雑誌・テレビ・ラジオ・広告等マスコミ関係@市場調査@その他@この中に当てはまるものがない	「その他」と回答したかたは、以下に業種をご記入ください。		情報・通信		1225976091
6		あなたがお勤めの組織の業種を教えてください。	エネルギー・素材・産業機械@食品@飲料・嗜好品@薬品・医療用品@化粧品・トイレタリー・サニタリー@ファッション・アクセサリー@精密機械・事務用品@家電・AV機器@自動車・輸送機器@家庭用品@趣味・スポーツ用品@不動産・住宅設備@情報・通信@流通・小売業@金融・保険@交通・レジャー@外食・各種サービス@官公庁・団体@教育・医療サービス・宗教@新聞・雑誌・テレビ・ラジオ・広告等マスコミ関係@市場調査@その他@この中に当てはまるものがない	「その他」と回答したかたは、以下に業種をご記入ください。		情報・通信		1226465241
6		あなたがお勤めの組織の業種を教えてください。	エネルギー・素材・産業機械@食品@飲料・嗜好品@薬品・医療用品@化粧品・トイレタリー・サニタリー@ファッション・アクセサリー@精密機械・事務用品@家電・AV機器@自動車・輸送機器@家庭用品@趣味・スポーツ用品@不動産・住宅設備@情報・通信@流通・小売業@金融・保険@交通・レジャー@外食・各種サービス@官公庁・団体@教育・医療サービス・宗教@新聞・雑誌・テレビ・ラジオ・広告等マスコミ関係@市場調査@その他@この中に当てはまるものがない	「その他」と回答したかたは、以下に業種をご記入ください。		金融・保険		1228421749
6		あなたがお勤めの組織の業種を教えてください。	エネルギー・素材・産業機械@食品@飲料・嗜好品@薬品・医療用品@化粧品・トイレタリー・サニタリー@ファッション・アクセサリー@精密機械・事務用品@家電・AV機器@自動車・輸送機器@家庭用品@趣味・スポーツ用品@不動産・住宅設備@情報・通信@流通・小売業@金融・保険@交通・レジャー@外食・各種サービス@官公庁・団体@教育・医療サービス・宗教@新聞・雑誌・テレビ・ラジオ・広告等マスコミ関係@市場調査@その他@この中に当てはまるものがない	「その他」と回答したかたは、以下に業種をご記入ください。		この中に当てはまるものがない		1228854841
6		あなたがお勤めの組織の業種を教えてください。	エネルギー・素材・産業機械@食品@飲料・嗜好品@薬品・医療用品@化粧品・トイレタリー・サニタリー@ファッション・アクセサリー@精密機械・事務用品@家電・AV機器@自動車・輸送機器@家庭用品@趣味・スポーツ用品@不動産・住宅設備@情報・通信@流通・小売業@金融・保険@交通・レジャー@外食・各種サービス@官公庁・団体@教育・医療サービス・宗教@新聞・雑誌・テレビ・ラジオ・広告等マスコミ関係@市場調査@その他@この中に当てはまるものがない	「その他」と回答したかたは、以下に業種をご記入ください。		その他	派遣	1229294467
6		あなたがお勤めの組織の業種を教えてください。	エネルギー・素材・産業機械@食品@飲料・嗜好品@薬品・医療用品@化粧品・トイレタリー・サニタリー@ファッション・アクセサリー@精密機械・事務用品@家電・AV機器@自動車・輸送機器@家庭用品@趣味・スポーツ用品@不動産・住宅設備@情報・通信@流通・小売業@金融・保険@交通・レジャー@外食・各種サービス@官公庁・団体@教育・医療サービス・宗教@新聞・雑誌・テレビ・ラジオ・広告等マスコミ関係@市場調査@その他@この中に当てはまるものがない	「その他」と回答したかたは、以下に業種をご記入ください。		流通・小売業		1229623487
6		あなたがお勤めの組織の業種を教えてください。	エネルギー・素材・産業機械@食品@飲料・嗜好品@薬品・医療用品@化粧品・トイレタリー・サニタリー@ファッション・アクセサリー@精密機械・事務用品@家電・AV機器@自動車・輸送機器@家庭用品@趣味・スポーツ用品@不動産・住宅設備@情報・通信@流通・小売業@金融・保険@交通・レジャー@外食・各種サービス@官公庁・団体@教育・医療サービス・宗教@新聞・雑誌・テレビ・ラジオ・広告等マスコミ関係@市場調査@その他@この中に当てはまるものがない	「その他」と回答したかたは、以下に業種をご記入ください。		情報・通信		1229888563
6		あなたがお勤めの組織の業種を教えてください。	エネルギー・素材・産業機械@食品@飲料・嗜好品@薬品・医療用品@化粧品・トイレタリー・サニタリー@ファッション・アクセサリー@精密機械・事務用品@家電・AV機器@自動車・輸送機器@家庭用品@趣味・スポーツ用品@不動産・住宅設備@情報・通信@流通・小売業@金融・保険@交通・レジャー@外食・各種サービス@官公庁・団体@教育・医療サービス・宗教@新聞・雑誌・テレビ・ラジオ・広告等マスコミ関係@市場調査@その他@この中に当てはまるものがない	「その他」と回答したかたは、以下に業種をご記入ください。		流通・小売業		1230061334
6		あなたがお勤めの組織の業種を教えてください。	エネルギー・素材・産業機械@食品@飲料・嗜好品@薬品・医療用品@化粧品・トイレタリー・サニタリー@ファッション・アクセサリー@精密機械・事務用品@家電・AV機器@自動車・輸送機器@家庭用品@趣味・スポーツ用品@不動産・住宅設備@情報・通信@流通・小売業@金融・保険@交通・レジャー@外食・各種サービス@官公庁・団体@教育・医療サービス・宗教@新聞・雑誌・テレビ・ラジオ・広告等マスコミ関係@市場調査@その他@この中に当てはまるものがない	「その他」と回答したかたは、以下に業種をご記入ください。		教育・医療サービス・宗教		1231245796
6		あなたがお勤めの組織の業種を教えてください。	エネルギー・素材・産業機械@食品@飲料・嗜好品@薬品・医療用品@化粧品・トイレタリー・サニタリー@ファッション・アクセサリー@精密機械・事務用品@家電・AV機器@自動車・輸送機器@家庭用品@趣味・スポーツ用品@不動産・住宅設備@情報・通信@流通・小売業@金融・保険@交通・レジャー@外食・各種サービス@官公庁・団体@教育・医療サービス・宗教@新聞・雑誌・テレビ・ラジオ・広告等マスコミ関係@市場調査@その他@この中に当てはまるものがない	「その他」と回答したかたは、以下に業種をご記入ください。		ファッション・アクセサリー		1231289086
6		あなたがお勤めの組織の業種を教えてください。	エネルギー・素材・産業機械@食品@飲料・嗜好品@薬品・医療用品@化粧品・トイレタリー・サニタリー@ファッション・アクセサリー@精密機械・事務用品@家電・AV機器@自動車・輸送機器@家庭用品@趣味・スポーツ用品@不動産・住宅設備@情報・通信@流通・小売業@金融・保険@交通・レジャー@外食・各種サービス@官公庁・団体@教育・医療サービス・宗教@新聞・雑誌・テレビ・ラジオ・広告等マスコミ関係@市場調査@その他@この中に当てはまるものがない	「その他」と回答したかたは、以下に業種をご記入ください。		この中に当てはまるものがない		1231584953
6		あなたがお勤めの組織の業種を教えてください。	エネルギー・素材・産業機械@食品@飲料・嗜好品@薬品・医療用品@化粧品・トイレタリー・サニタリー@ファッション・アクセサリー@精密機械・事務用品@家電・AV機器@自動車・輸送機器@家庭用品@趣味・スポーツ用品@不動産・住宅設備@情報・通信@流通・小売業@金融・保険@交通・レジャー@外食・各種サービス@官公庁・団体@教育・医療サービス・宗教@新聞・雑誌・テレビ・ラジオ・広告等マスコミ関係@市場調査@その他@この中に当てはまるものがない	「その他」と回答したかたは、以下に業種をご記入ください。		この中に当てはまるものがない		1231833831
6		あなたがお勤めの組織の業種を教えてください。	エネルギー・素材・産業機械@食品@飲料・嗜好品@薬品・医療用品@化粧品・トイレタリー・サニタリー@ファッション・アクセサリー@精密機械・事務用品@家電・AV機器@自動車・輸送機器@家庭用品@趣味・スポーツ用品@不動産・住宅設備@情報・通信@流通・小売業@金融・保険@交通・レジャー@外食・各種サービス@官公庁・団体@教育・医療サービス・宗教@新聞・雑誌・テレビ・ラジオ・広告等マスコミ関係@市場調査@その他@この中に当てはまるものがない	「その他」と回答したかたは、以下に業種をご記入ください。		情報・通信		1232170440
6		あなたがお勤めの組織の業種を教えてください。	エネルギー・素材・産業機械@食品@飲料・嗜好品@薬品・医療用品@化粧品・トイレタリー・サニタリー@ファッション・アクセサリー@精密機械・事務用品@家電・AV機器@自動車・輸送機器@家庭用品@趣味・スポーツ用品@不動産・住宅設備@情報・通信@流通・小売業@金融・保険@交通・レジャー@外食・各種サービス@官公庁・団体@教育・医療サービス・宗教@新聞・雑誌・テレビ・ラジオ・広告等マスコミ関係@市場調査@その他@この中に当てはまるものがない	「その他」と回答したかたは、以下に業種をご記入ください。		流通・小売業		1232360481
6		あなたがお勤めの組織の業種を教えてください。	エネルギー・素材・産業機械@食品@飲料・嗜好品@薬品・医療用品@化粧品・トイレタリー・サニタリー@ファッション・アクセサリー@精密機械・事務用品@家電・AV機器@自動車・輸送機器@家庭用品@趣味・スポーツ用品@不動産・住宅設備@情報・通信@流通・小売業@金融・保険@交通・レジャー@外食・各種サービス@官公庁・団体@教育・医療サービス・宗教@新聞・雑誌・テレビ・ラジオ・広告等マスコミ関係@市場調査@その他@この中に当てはまるものがない	「その他」と回答したかたは、以下に業種をご記入ください。		金融・保険		1232951543
6		あなたがお勤めの組織の業種を教えてください。	エネルギー・素材・産業機械@食品@飲料・嗜好品@薬品・医療用品@化粧品・トイレタリー・サニタリー@ファッション・アクセサリー@精密機械・事務用品@家電・AV機器@自動車・輸送機器@家庭用品@趣味・スポーツ用品@不動産・住宅設備@情報・通信@流通・小売業@金融・保険@交通・レジャー@外食・各種サービス@官公庁・団体@教育・医療サービス・宗教@新聞・雑誌・テレビ・ラジオ・広告等マスコミ関係@市場調査@その他@この中に当てはまるものがない	「その他」と回答したかたは、以下に業種をご記入ください。		その他		1233063755
6		あなたがお勤めの組織の業種を教えてください。	エネルギー・素材・産業機械@食品@飲料・嗜好品@薬品・医療用品@化粧品・トイレタリー・サニタリー@ファッション・アクセサリー@精密機械・事務用品@家電・AV機器@自動車・輸送機器@家庭用品@趣味・スポーツ用品@不動産・住宅設備@情報・通信@流通・小売業@金融・保険@交通・レジャー@外食・各種サービス@官公庁・団体@教育・医療サービス・宗教@新聞・雑誌・テレビ・ラジオ・広告等マスコミ関係@市場調査@その他@この中に当てはまるものがない	「その他」と回答したかたは、以下に業種をご記入ください。		その他	建設	1233428845
6		あなたがお勤めの組織の業種を教えてください。	エネルギー・素材・産業機械@食品@飲料・嗜好品@薬品・医療用品@化粧品・トイレタリー・サニタリー@ファッション・アクセサリー@精密機械・事務用品@家電・AV機器@自動車・輸送機器@家庭用品@趣味・スポーツ用品@不動産・住宅設備@情報・通信@流通・小売業@金融・保険@交通・レジャー@外食・各種サービス@官公庁・団体@教育・医療サービス・宗教@新聞・雑誌・テレビ・ラジオ・広告等マスコミ関係@市場調査@その他@この中に当てはまるものがない	「その他」と回答したかたは、以下に業種をご記入ください。		その他		1233438176
6		あなたがお勤めの組織の業種を教えてください。	エネルギー・素材・産業機械@食品@飲料・嗜好品@薬品・医療用品@化粧品・トイレタリー・サニタリー@ファッション・アクセサリー@精密機械・事務用品@家電・AV機器@自動車・輸送機器@家庭用品@趣味・スポーツ用品@不動産・住宅設備@情報・通信@流通・小売業@金融・保険@交通・レジャー@外食・各種サービス@官公庁・団体@教育・医療サービス・宗教@新聞・雑誌・テレビ・ラジオ・広告等マスコミ関係@市場調査@その他@この中に当てはまるものがない	「その他」と回答したかたは、以下に業種をご記入ください。		教育・医療サービス・宗教		1233586094
6		あなたがお勤めの組織の業種を教えてください。	エネルギー・素材・産業機械@食品@飲料・嗜好品@薬品・医療用品@化粧品・トイレタリー・サニタリー@ファッション・アクセサリー@精密機械・事務用品@家電・AV機器@自動車・輸送機器@家庭用品@趣味・スポーツ用品@不動産・住宅設備@情報・通信@流通・小売業@金融・保険@交通・レジャー@外食・各種サービス@官公庁・団体@教育・医療サービス・宗教@新聞・雑誌・テレビ・ラジオ・広告等マスコミ関係@市場調査@その他@この中に当てはまるものがない	「その他」と回答したかたは、以下に業種をご記入ください。		この中に当てはまるものがない		1233586235
6		あなたがお勤めの組織の業種を教えてください。	エネルギー・素材・産業機械@食品@飲料・嗜好品@薬品・医療用品@化粧品・トイレタリー・サニタリー@ファッション・アクセサリー@精密機械・事務用品@家電・AV機器@自動車・輸送機器@家庭用品@趣味・スポーツ用品@不動産・住宅設備@情報・通信@流通・小売業@金融・保険@交通・レジャー@外食・各種サービス@官公庁・団体@教育・医療サービス・宗教@新聞・雑誌・テレビ・ラジオ・広告等マスコミ関係@市場調査@その他@この中に当てはまるものがない	「その他」と回答したかたは、以下に業種をご記入ください。		流通・小売業		1233710759
6		あなたがお勤めの組織の業種を教えてください。	エネルギー・素材・産業機械@食品@飲料・嗜好品@薬品・医療用品@化粧品・トイレタリー・サニタリー@ファッション・アクセサリー@精密機械・事務用品@家電・AV機器@自動車・輸送機器@家庭用品@趣味・スポーツ用品@不動産・住宅設備@情報・通信@流通・小売業@金融・保険@交通・レジャー@外食・各種サービス@官公庁・団体@教育・医療サービス・宗教@新聞・雑誌・テレビ・ラジオ・広告等マスコミ関係@市場調査@その他@この中に当てはまるものがない	「その他」と回答したかたは、以下に業種をご記入ください。		その他	電子部品製造	1234195341
6		あなたがお勤めの組織の業種を教えてください。	エネルギー・素材・産業機械@食品@飲料・嗜好品@薬品・医療用品@化粧品・トイレタリー・サニタリー@ファッション・アクセサリー@精密機械・事務用品@家電・AV機器@自動車・輸送機器@家庭用品@趣味・スポーツ用品@不動産・住宅設備@情報・通信@流通・小売業@金融・保険@交通・レジャー@外食・各種サービス@官公庁・団体@教育・医療サービス・宗教@新聞・雑誌・テレビ・ラジオ・広告等マスコミ関係@市場調査@その他@この中に当てはまるものがない	「その他」と回答したかたは、以下に業種をご記入ください。		エネルギー・素材・産業機械		1234243235
6		あなたがお勤めの組織の業種を教えてください。	エネルギー・素材・産業機械@食品@飲料・嗜好品@薬品・医療用品@化粧品・トイレタリー・サニタリー@ファッション・アクセサリー@精密機械・事務用品@家電・AV機器@自動車・輸送機器@家庭用品@趣味・スポーツ用品@不動産・住宅設備@情報・通信@流通・小売業@金融・保険@交通・レジャー@外食・各種サービス@官公庁・団体@教育・医療サービス・宗教@新聞・雑誌・テレビ・ラジオ・広告等マスコミ関係@市場調査@その他@この中に当てはまるものがない	「その他」と回答したかたは、以下に業種をご記入ください。		教育・医療サービス・宗教		1234494227
6		あなたがお勤めの組織の業種を教えてください。	エネルギー・素材・産業機械@食品@飲料・嗜好品@薬品・医療用品@化粧品・トイレタリー・サニタリー@ファッション・アクセサリー@精密機械・事務用品@家電・AV機器@自動車・輸送機器@家庭用品@趣味・スポーツ用品@不動産・住宅設備@情報・通信@流通・小売業@金融・保険@交通・レジャー@外食・各種サービス@官公庁・団体@教育・医療サービス・宗教@新聞・雑誌・テレビ・ラジオ・広告等マスコミ関係@市場調査@その他@この中に当てはまるものがない	「その他」と回答したかたは、以下に業種をご記入ください。		化粧品・トイレタリー・サニタリー		1234520776
6		あなたがお勤めの組織の業種を教えてください。	エネルギー・素材・産業機械@食品@飲料・嗜好品@薬品・医療用品@化粧品・トイレタリー・サニタリー@ファッション・アクセサリー@精密機械・事務用品@家電・AV機器@自動車・輸送機器@家庭用品@趣味・スポーツ用品@不動産・住宅設備@情報・通信@流通・小売業@金融・保険@交通・レジャー@外食・各種サービス@官公庁・団体@教育・医療サービス・宗教@新聞・雑誌・テレビ・ラジオ・広告等マスコミ関係@市場調査@その他@この中に当てはまるものがない	「その他」と回答したかたは、以下に業種をご記入ください。		外食・各種サービス		1234965726
6		あなたがお勤めの組織の業種を教えてください。	エネルギー・素材・産業機械@食品@飲料・嗜好品@薬品・医療用品@化粧品・トイレタリー・サニタリー@ファッション・アクセサリー@精密機械・事務用品@家電・AV機器@自動車・輸送機器@家庭用品@趣味・スポーツ用品@不動産・住宅設備@情報・通信@流通・小売業@金融・保険@交通・レジャー@外食・各種サービス@官公庁・団体@教育・医療サービス・宗教@新聞・雑誌・テレビ・ラジオ・広告等マスコミ関係@市場調査@その他@この中に当てはまるものがない	「その他」と回答したかたは、以下に業種をご記入ください。		この中に当てはまるものがない		1235088193
6		あなたがお勤めの組織の業種を教えてください。	エネルギー・素材・産業機械@食品@飲料・嗜好品@薬品・医療用品@化粧品・トイレタリー・サニタリー@ファッション・アクセサリー@精密機械・事務用品@家電・AV機器@自動車・輸送機器@家庭用品@趣味・スポーツ用品@不動産・住宅設備@情報・通信@流通・小売業@金融・保険@交通・レジャー@外食・各種サービス@官公庁・団体@教育・医療サービス・宗教@新聞・雑誌・テレビ・ラジオ・広告等マスコミ関係@市場調査@その他@この中に当てはまるものがない	「その他」と回答したかたは、以下に業種をご記入ください。		この中に当てはまるものがない	建設業	1235140770
6		あなたがお勤めの組織の業種を教えてください。	エネルギー・素材・産業機械@食品@飲料・嗜好品@薬品・医療用品@化粧品・トイレタリー・サニタリー@ファッション・アクセサリー@精密機械・事務用品@家電・AV機器@自動車・輸送機器@家庭用品@趣味・スポーツ用品@不動産・住宅設備@情報・通信@流通・小売業@金融・保険@交通・レジャー@外食・各種サービス@官公庁・団体@教育・医療サービス・宗教@新聞・雑誌・テレビ・ラジオ・広告等マスコミ関係@市場調査@その他@この中に当てはまるものがない	「その他」と回答したかたは、以下に業種をご記入ください。		この中に当てはまるものがない		1235181990
6		あなたがお勤めの組織の業種を教えてください。	エネルギー・素材・産業機械@食品@飲料・嗜好品@薬品・医療用品@化粧品・トイレタリー・サニタリー@ファッション・アクセサリー@精密機械・事務用品@家電・AV機器@自動車・輸送機器@家庭用品@趣味・スポーツ用品@不動産・住宅設備@情報・通信@流通・小売業@金融・保険@交通・レジャー@外食・各種サービス@官公庁・団体@教育・医療サービス・宗教@新聞・雑誌・テレビ・ラジオ・広告等マスコミ関係@市場調査@その他@この中に当てはまるものがない	「その他」と回答したかたは、以下に業種をご記入ください。		この中に当てはまるものがない		1235321612
6		あなたがお勤めの組織の業種を教えてください。	エネルギー・素材・産業機械@食品@飲料・嗜好品@薬品・医療用品@化粧品・トイレタリー・サニタリー@ファッション・アクセサリー@精密機械・事務用品@家電・AV機器@自動車・輸送機器@家庭用品@趣味・スポーツ用品@不動産・住宅設備@情報・通信@流通・小売業@金融・保険@交通・レジャー@外食・各種サービス@官公庁・団体@教育・医療サービス・宗教@新聞・雑誌・テレビ・ラジオ・広告等マスコミ関係@市場調査@その他@この中に当てはまるものがない	「その他」と回答したかたは、以下に業種をご記入ください。		不動産・住宅設備		1235756579
6		あなたがお勤めの組織の業種を教えてください。	エネルギー・素材・産業機械@食品@飲料・嗜好品@薬品・医療用品@化粧品・トイレタリー・サニタリー@ファッション・アクセサリー@精密機械・事務用品@家電・AV機器@自動車・輸送機器@家庭用品@趣味・スポーツ用品@不動産・住宅設備@情報・通信@流通・小売業@金融・保険@交通・レジャー@外食・各種サービス@官公庁・団体@教育・医療サービス・宗教@新聞・雑誌・テレビ・ラジオ・広告等マスコミ関係@市場調査@その他@この中に当てはまるものがない	「その他」と回答したかたは、以下に業種をご記入ください。		流通・小売業		1235854384
6		あなたがお勤めの組織の業種を教えてください。	エネルギー・素材・産業機械@食品@飲料・嗜好品@薬品・医療用品@化粧品・トイレタリー・サニタリー@ファッション・アクセサリー@精密機械・事務用品@家電・AV機器@自動車・輸送機器@家庭用品@趣味・スポーツ用品@不動産・住宅設備@情報・通信@流通・小売業@金融・保険@交通・レジャー@外食・各種サービス@官公庁・団体@教育・医療サービス・宗教@新聞・雑誌・テレビ・ラジオ・広告等マスコミ関係@市場調査@その他@この中に当てはまるものがない	「その他」と回答したかたは、以下に業種をご記入ください。		この中に当てはまるものがない		1235856242
6		あなたがお勤めの組織の業種を教えてください。	エネルギー・素材・産業機械@食品@飲料・嗜好品@薬品・医療用品@化粧品・トイレタリー・サニタリー@ファッション・アクセサリー@精密機械・事務用品@家電・AV機器@自動車・輸送機器@家庭用品@趣味・スポーツ用品@不動産・住宅設備@情報・通信@流通・小売業@金融・保険@交通・レジャー@外食・各種サービス@官公庁・団体@教育・医療サービス・宗教@新聞・雑誌・テレビ・ラジオ・広告等マスコミ関係@市場調査@その他@この中に当てはまるものがない	「その他」と回答したかたは、以下に業種をご記入ください。		この中に当てはまるものがない		1235992225
6		あなたがお勤めの組織の業種を教えてください。	エネルギー・素材・産業機械@食品@飲料・嗜好品@薬品・医療用品@化粧品・トイレタリー・サニタリー@ファッション・アクセサリー@精密機械・事務用品@家電・AV機器@自動車・輸送機器@家庭用品@趣味・スポーツ用品@不動産・住宅設備@情報・通信@流通・小売業@金融・保険@交通・レジャー@外食・各種サービス@官公庁・団体@教育・医療サービス・宗教@新聞・雑誌・テレビ・ラジオ・広告等マスコミ関係@市場調査@その他@この中に当てはまるものがない	「その他」と回答したかたは、以下に業種をご記入ください。		この中に当てはまるものがない		1236084094
6		あなたがお勤めの組織の業種を教えてください。	エネルギー・素材・産業機械@食品@飲料・嗜好品@薬品・医療用品@化粧品・トイレタリー・サニタリー@ファッション・アクセサリー@精密機械・事務用品@家電・AV機器@自動車・輸送機器@家庭用品@趣味・スポーツ用品@不動産・住宅設備@情報・通信@流通・小売業@金融・保険@交通・レジャー@外食・各種サービス@官公庁・団体@教育・医療サービス・宗教@新聞・雑誌・テレビ・ラジオ・広告等マスコミ関係@市場調査@その他@この中に当てはまるものがない	「その他」と回答したかたは、以下に業種をご記入ください。		金融・保険		1236149447
6		あなたがお勤めの組織の業種を教えてください。	エネルギー・素材・産業機械@食品@飲料・嗜好品@薬品・医療用品@化粧品・トイレタリー・サニタリー@ファッション・アクセサリー@精密機械・事務用品@家電・AV機器@自動車・輸送機器@家庭用品@趣味・スポーツ用品@不動産・住宅設備@情報・通信@流通・小売業@金融・保険@交通・レジャー@外食・各種サービス@官公庁・団体@教育・医療サービス・宗教@新聞・雑誌・テレビ・ラジオ・広告等マスコミ関係@市場調査@その他@この中に当てはまるものがない	「その他」と回答したかたは、以下に業種をご記入ください。		情報・通信		1236230049
6		あなたがお勤めの組織の業種を教えてください。	エネルギー・素材・産業機械@食品@飲料・嗜好品@薬品・医療用品@化粧品・トイレタリー・サニタリー@ファッション・アクセサリー@精密機械・事務用品@家電・AV機器@自動車・輸送機器@家庭用品@趣味・スポーツ用品@不動産・住宅設備@情報・通信@流通・小売業@金融・保険@交通・レジャー@外食・各種サービス@官公庁・団体@教育・医療サービス・宗教@新聞・雑誌・テレビ・ラジオ・広告等マスコミ関係@市場調査@その他@この中に当てはまるものがない	「その他」と回答したかたは、以下に業種をご記入ください。		官公庁・団体		1236251319
6		あなたがお勤めの組織の業種を教えてください。	エネルギー・素材・産業機械@食品@飲料・嗜好品@薬品・医療用品@化粧品・トイレタリー・サニタリー@ファッション・アクセサリー@精密機械・事務用品@家電・AV機器@自動車・輸送機器@家庭用品@趣味・スポーツ用品@不動産・住宅設備@情報・通信@流通・小売業@金融・保険@交通・レジャー@外食・各種サービス@官公庁・団体@教育・医療サービス・宗教@新聞・雑誌・テレビ・ラジオ・広告等マスコミ関係@市場調査@その他@この中に当てはまるものがない	「その他」と回答したかたは、以下に業種をご記入ください。		この中に当てはまるものがない		1236295881
6		あなたがお勤めの組織の業種を教えてください。	エネルギー・素材・産業機械@食品@飲料・嗜好品@薬品・医療用品@化粧品・トイレタリー・サニタリー@ファッション・アクセサリー@精密機械・事務用品@家電・AV機器@自動車・輸送機器@家庭用品@趣味・スポーツ用品@不動産・住宅設備@情報・通信@流通・小売業@金融・保険@交通・レジャー@外食・各種サービス@官公庁・団体@教育・医療サービス・宗教@新聞・雑誌・テレビ・ラジオ・広告等マスコミ関係@市場調査@その他@この中に当てはまるものがない	「その他」と回答したかたは、以下に業種をご記入ください。		食品		1236448724
6		あなたがお勤めの組織の業種を教えてください。	エネルギー・素材・産業機械@食品@飲料・嗜好品@薬品・医療用品@化粧品・トイレタリー・サニタリー@ファッション・アクセサリー@精密機械・事務用品@家電・AV機器@自動車・輸送機器@家庭用品@趣味・スポーツ用品@不動産・住宅設備@情報・通信@流通・小売業@金融・保険@交通・レジャー@外食・各種サービス@官公庁・団体@教育・医療サービス・宗教@新聞・雑誌・テレビ・ラジオ・広告等マスコミ関係@市場調査@その他@この中に当てはまるものがない	「その他」と回答したかたは、以下に業種をご記入ください。		外食・各種サービス		1236673828
6		あなたがお勤めの組織の業種を教えてください。	エネルギー・素材・産業機械@食品@飲料・嗜好品@薬品・医療用品@化粧品・トイレタリー・サニタリー@ファッション・アクセサリー@精密機械・事務用品@家電・AV機器@自動車・輸送機器@家庭用品@趣味・スポーツ用品@不動産・住宅設備@情報・通信@流通・小売業@金融・保険@交通・レジャー@外食・各種サービス@官公庁・団体@教育・医療サービス・宗教@新聞・雑誌・テレビ・ラジオ・広告等マスコミ関係@市場調査@その他@この中に当てはまるものがない	「その他」と回答したかたは、以下に業種をご記入ください。		情報・通信		1236745022
6		あなたがお勤めの組織の業種を教えてください。	エネルギー・素材・産業機械@食品@飲料・嗜好品@薬品・医療用品@化粧品・トイレタリー・サニタリー@ファッション・アクセサリー@精密機械・事務用品@家電・AV機器@自動車・輸送機器@家庭用品@趣味・スポーツ用品@不動産・住宅設備@情報・通信@流通・小売業@金融・保険@交通・レジャー@外食・各種サービス@官公庁・団体@教育・医療サービス・宗教@新聞・雑誌・テレビ・ラジオ・広告等マスコミ関係@市場調査@その他@この中に当てはまるものがない	「その他」と回答したかたは、以下に業種をご記入ください。		その他		1237226634
6		あなたがお勤めの組織の業種を教えてください。	エネルギー・素材・産業機械@食品@飲料・嗜好品@薬品・医療用品@化粧品・トイレタリー・サニタリー@ファッション・アクセサリー@精密機械・事務用品@家電・AV機器@自動車・輸送機器@家庭用品@趣味・スポーツ用品@不動産・住宅設備@情報・通信@流通・小売業@金融・保険@交通・レジャー@外食・各種サービス@官公庁・団体@教育・医療サービス・宗教@新聞・雑誌・テレビ・ラジオ・広告等マスコミ関係@市場調査@その他@この中に当てはまるものがない	「その他」と回答したかたは、以下に業種をご記入ください。		食品		1237715604
6		あなたがお勤めの組織の業種を教えてください。	エネルギー・素材・産業機械@食品@飲料・嗜好品@薬品・医療用品@化粧品・トイレタリー・サニタリー@ファッション・アクセサリー@精密機械・事務用品@家電・AV機器@自動車・輸送機器@家庭用品@趣味・スポーツ用品@不動産・住宅設備@情報・通信@流通・小売業@金融・保険@交通・レジャー@外食・各種サービス@官公庁・団体@教育・医療サービス・宗教@新聞・雑誌・テレビ・ラジオ・広告等マスコミ関係@市場調査@その他@この中に当てはまるものがない	「その他」と回答したかたは、以下に業種をご記入ください。		官公庁・団体		1237718446
6		あなたがお勤めの組織の業種を教えてください。	エネルギー・素材・産業機械@食品@飲料・嗜好品@薬品・医療用品@化粧品・トイレタリー・サニタリー@ファッション・アクセサリー@精密機械・事務用品@家電・AV機器@自動車・輸送機器@家庭用品@趣味・スポーツ用品@不動産・住宅設備@情報・通信@流通・小売業@金融・保険@交通・レジャー@外食・各種サービス@官公庁・団体@教育・医療サービス・宗教@新聞・雑誌・テレビ・ラジオ・広告等マスコミ関係@市場調査@その他@この中に当てはまるものがない	「その他」と回答したかたは、以下に業種をご記入ください。		教育・医療サービス・宗教		1237792425
6		あなたがお勤めの組織の業種を教えてください。	エネルギー・素材・産業機械@食品@飲料・嗜好品@薬品・医療用品@化粧品・トイレタリー・サニタリー@ファッション・アクセサリー@精密機械・事務用品@家電・AV機器@自動車・輸送機器@家庭用品@趣味・スポーツ用品@不動産・住宅設備@情報・通信@流通・小売業@金融・保険@交通・レジャー@外食・各種サービス@官公庁・団体@教育・医療サービス・宗教@新聞・雑誌・テレビ・ラジオ・広告等マスコミ関係@市場調査@その他@この中に当てはまるものがない	「その他」と回答したかたは、以下に業種をご記入ください。		不動産・住宅設備		1237834888
6		あなたがお勤めの組織の業種を教えてください。	エネルギー・素材・産業機械@食品@飲料・嗜好品@薬品・医療用品@化粧品・トイレタリー・サニタリー@ファッション・アクセサリー@精密機械・事務用品@家電・AV機器@自動車・輸送機器@家庭用品@趣味・スポーツ用品@不動産・住宅設備@情報・通信@流通・小売業@金融・保険@交通・レジャー@外食・各種サービス@官公庁・団体@教育・医療サービス・宗教@新聞・雑誌・テレビ・ラジオ・広告等マスコミ関係@市場調査@その他@この中に当てはまるものがない	「その他」と回答したかたは、以下に業種をご記入ください。		外食・各種サービス		1238400048
7		あなたが今使用しているキーボードのキー配列について教えてください。	日本語配列（JIS配列）##※一般的にはこちらが使用されています。	https://crowdsourcing-pctr.c.yimg.jp/BgIFgYJGVIVv8u0nVJvw8Hh6g6tTQ94_GtbibT0M2tGibgzMKCIgriJiGFe6eP88ANkjrMHnzYaHAcQAjsVjqwwZRw_FMzoPg2QRJwCNmnO0PtPdBKQhMBr-E9EVUN-BZLXnimzemwd-rirBNcfumAkLWAmAOAEQszshvWazv2hoE7ie47HZ2tVV9mt_goSmtIPkH2f2ooQ49DaBDWtGHQ==	英語配列（US配列）	https://crowdsourcing-pctr.c.yimg.jp/BgIFgYJGVIVv8u0nVJvw8Hh6g6tTQ94_GtbibT0M2tGibgzMKCIgriJiGFe6eP88ANkjrMHnzYaHAcQAjsVjq4nVWzXhUs9ffdQOomiKRcYRukgZQWudcFTJxB0re9c3nFSsKQ-gYIO2yrkwWTx5cUHxJERprdcEyb5QCOaEJckQUdc-HA-jHe-brRcSOUG-03jpgfAqA7wmCgabzhgGiw==	日本語配列（JIS配列）@英語配列（US配列）@その他	「その他」と回答したかたは、以下にキー配列をご記入ください。			日本語配列（JIS配列）		1224938299
7		あなたが今使用しているキーボードのキー配列について教えてください。	日本語配列（JIS配列）##※一般的にはこちらが使用されています。	https://crowdsourcing-pctr.c.yimg.jp/BgIFgYJGVIVv8u0nVJvw8Hh6g6tTQ94_GtbibT0M2tGibgzMKCIgriJiGFe6eP88ANkjrMHnzYaHAcQAjsVjqwwZRw_FMzoPg2QRJwCNmnO0PtPdBKQhMBr-E9EVUN-BZLXnimzemwd-rirBNcfumAkLWAmAOAEQszshvWazv2hoE7ie47HZ2tVV9mt_goSmtIPkH2f2ooQ49DaBDWtGHQ==	英語配列（US配列）	https://crowdsourcing-pctr.c.yimg.jp/BgIFgYJGVIVv8u0nVJvw8Hh6g6tTQ94_GtbibT0M2tGibgzMKCIgriJiGFe6eP88ANkjrMHnzYaHAcQAjsVjq4nVWzXhUs9ffdQOomiKRcYRukgZQWudcFTJxB0re9c3nFSsKQ-gYIO2yrkwWTx5cUHxJERprdcEyb5QCOaEJckQUdc-HA-jHe-brRcSOUG-03jpgfAqA7wmCgabzhgGiw==	日本語配列（JIS配列）@英語配列（US配列）@その他	「その他」と回答したかたは、以下にキー配列をご記入ください。			日本語配列（JIS配列）		1225332765
7		あなたが今使用しているキーボードのキー配列について教えてください。	日本語配列（JIS配列）##※一般的にはこちらが使用されています。	https://crowdsourcing-pctr.c.yimg.jp/BgIFgYJGVIVv8u0nVJvw8Hh6g6tTQ94_GtbibT0M2tGibgzMKCIgriJiGFe6eP88ANkjrMHnzYaHAcQAjsVjqwwZRw_FMzoPg2QRJwCNmnO0PtPdBKQhMBr-E9EVUN-BZLXnimzemwd-rirBNcfumAkLWAmAOAEQszshvWazv2hoE7ie47HZ2tVV9mt_goSmtIPkH2f2ooQ49DaBDWtGHQ==	英語配列（US配列）	https://crowdsourcing-pctr.c.yimg.jp/BgIFgYJGVIVv8u0nVJvw8Hh6g6tTQ94_GtbibT0M2tGibgzMKCIgriJiGFe6eP88ANkjrMHnzYaHAcQAjsVjq4nVWzXhUs9ffdQOomiKRcYRukgZQWudcFTJxB0re9c3nFSsKQ-gYIO2yrkwWTx5cUHxJERprdcEyb5QCOaEJckQUdc-HA-jHe-brRcSOUG-03jpgfAqA7wmCgabzhgGiw==	日本語配列（JIS配列）@英語配列（US配列）@その他	「その他」と回答したかたは、以下にキー配列をご記入ください。			日本語配列（JIS配列）		1225976091
7		あなたが今使用しているキーボードのキー配列について教えてください。	日本語配列（JIS配列）##※一般的にはこちらが使用されています。	https://crowdsourcing-pctr.c.yimg.jp/BgIFgYJGVIVv8u0nVJvw8Hh6g6tTQ94_GtbibT0M2tGibgzMKCIgriJiGFe6eP88ANkjrMHnzYaHAcQAjsVjqwwZRw_FMzoPg2QRJwCNmnO0PtPdBKQhMBr-E9EVUN-BZLXnimzemwd-rirBNcfumAkLWAmAOAEQszshvWazv2hoE7ie47HZ2tVV9mt_goSmtIPkH2f2ooQ49DaBDWtGHQ==	英語配列（US配列）	https://crowdsourcing-pctr.c.yimg.jp/BgIFgYJGVIVv8u0nVJvw8Hh6g6tTQ94_GtbibT0M2tGibgzMKCIgriJiGFe6eP88ANkjrMHnzYaHAcQAjsVjq4nVWzXhUs9ffdQOomiKRcYRukgZQWudcFTJxB0re9c3nFSsKQ-gYIO2yrkwWTx5cUHxJERprdcEyb5QCOaEJckQUdc-HA-jHe-brRcSOUG-03jpgfAqA7wmCgabzhgGiw==	日本語配列（JIS配列）@英語配列（US配列）@その他	「その他」と回答したかたは、以下にキー配列をご記入ください。			日本語配列（JIS配列）		1226465241
7		あなたが今使用しているキーボードのキー配列について教えてください。	日本語配列（JIS配列）##※一般的にはこちらが使用されています。	https://crowdsourcing-pctr.c.yimg.jp/BgIFgYJGVIVv8u0nVJvw8Hh6g6tTQ94_GtbibT0M2tGibgzMKCIgriJiGFe6eP88ANkjrMHnzYaHAcQAjsVjqwwZRw_FMzoPg2QRJwCNmnO0PtPdBKQhMBr-E9EVUN-BZLXnimzemwd-rirBNcfumAkLWAmAOAEQszshvWazv2hoE7ie47HZ2tVV9mt_goSmtIPkH2f2ooQ49DaBDWtGHQ==	英語配列（US配列）	https://crowdsourcing-pctr.c.yimg.jp/BgIFgYJGVIVv8u0nVJvw8Hh6g6tTQ94_GtbibT0M2tGibgzMKCIgriJiGFe6eP88ANkjrMHnzYaHAcQAjsVjq4nVWzXhUs9ffdQOomiKRcYRukgZQWudcFTJxB0re9c3nFSsKQ-gYIO2yrkwWTx5cUHxJERprdcEyb5QCOaEJckQUdc-HA-jHe-brRcSOUG-03jpgfAqA7wmCgabzhgGiw==	日本語配列（JIS配列）@英語配列（US配列）@その他	「その他」と回答したかたは、以下にキー配列をご記入ください。			日本語配列（JIS配列）		1228421749
7		あなたが今使用しているキーボードのキー配列について教えてください。	日本語配列（JIS配列）##※一般的にはこちらが使用されています。	https://crowdsourcing-pctr.c.yimg.jp/BgIFgYJGVIVv8u0nVJvw8Hh6g6tTQ94_GtbibT0M2tGibgzMKCIgriJiGFe6eP88ANkjrMHnzYaHAcQAjsVjqwwZRw_FMzoPg2QRJwCNmnO0PtPdBKQhMBr-E9EVUN-BZLXnimzemwd-rirBNcfumAkLWAmAOAEQszshvWazv2hoE7ie47HZ2tVV9mt_goSmtIPkH2f2ooQ49DaBDWtGHQ==	英語配列（US配列）	https://crowdsourcing-pctr.c.yimg.jp/BgIFgYJGVIVv8u0nVJvw8Hh6g6tTQ94_GtbibT0M2tGibgzMKCIgriJiGFe6eP88ANkjrMHnzYaHAcQAjsVjq4nVWzXhUs9ffdQOomiKRcYRukgZQWudcFTJxB0re9c3nFSsKQ-gYIO2yrkwWTx5cUHxJERprdcEyb5QCOaEJckQUdc-HA-jHe-brRcSOUG-03jpgfAqA7wmCgabzhgGiw==	日本語配列（JIS配列）@英語配列（US配列）@その他	「その他」と回答したかたは、以下にキー配列をご記入ください。			日本語配列（JIS配列）		1228854841
7		あなたが今使用しているキーボードのキー配列について教えてください。	日本語配列（JIS配列）##※一般的にはこちらが使用されています。	https://crowdsourcing-pctr.c.yimg.jp/BgIFgYJGVIVv8u0nVJvw8Hh6g6tTQ94_GtbibT0M2tGibgzMKCIgriJiGFe6eP88ANkjrMHnzYaHAcQAjsVjqwwZRw_FMzoPg2QRJwCNmnO0PtPdBKQhMBr-E9EVUN-BZLXnimzemwd-rirBNcfumAkLWAmAOAEQszshvWazv2hoE7ie47HZ2tVV9mt_goSmtIPkH2f2ooQ49DaBDWtGHQ==	英語配列（US配列）	https://crowdsourcing-pctr.c.yimg.jp/BgIFgYJGVIVv8u0nVJvw8Hh6g6tTQ94_GtbibT0M2tGibgzMKCIgriJiGFe6eP88ANkjrMHnzYaHAcQAjsVjq4nVWzXhUs9ffdQOomiKRcYRukgZQWudcFTJxB0re9c3nFSsKQ-gYIO2yrkwWTx5cUHxJERprdcEyb5QCOaEJckQUdc-HA-jHe-brRcSOUG-03jpgfAqA7wmCgabzhgGiw==	日本語配列（JIS配列）@英語配列（US配列）@その他	「その他」と回答したかたは、以下にキー配列をご記入ください。			英語配列（US配列）		1229294467
7		あなたが今使用しているキーボードのキー配列について教えてください。	日本語配列（JIS配列）##※一般的にはこちらが使用されています。	https://crowdsourcing-pctr.c.yimg.jp/BgIFgYJGVIVv8u0nVJvw8Hh6g6tTQ94_GtbibT0M2tGibgzMKCIgriJiGFe6eP88ANkjrMHnzYaHAcQAjsVjqwwZRw_FMzoPg2QRJwCNmnO0PtPdBKQhMBr-E9EVUN-BZLXnimzemwd-rirBNcfumAkLWAmAOAEQszshvWazv2hoE7ie47HZ2tVV9mt_goSmtIPkH2f2ooQ49DaBDWtGHQ==	英語配列（US配列）	https://crowdsourcing-pctr.c.yimg.jp/BgIFgYJGVIVv8u0nVJvw8Hh6g6tTQ94_GtbibT0M2tGibgzMKCIgriJiGFe6eP88ANkjrMHnzYaHAcQAjsVjq4nVWzXhUs9ffdQOomiKRcYRukgZQWudcFTJxB0re9c3nFSsKQ-gYIO2yrkwWTx5cUHxJERprdcEyb5QCOaEJckQUdc-HA-jHe-brRcSOUG-03jpgfAqA7wmCgabzhgGiw==	日本語配列（JIS配列）@英語配列（US配列）@その他	「その他」と回答したかたは、以下にキー配列をご記入ください。			日本語配列（JIS配列）		1229623487
7		あなたが今使用しているキーボードのキー配列について教えてください。	日本語配列（JIS配列）##※一般的にはこちらが使用されています。	https://crowdsourcing-pctr.c.yimg.jp/BgIFgYJGVIVv8u0nVJvw8Hh6g6tTQ94_GtbibT0M2tGibgzMKCIgriJiGFe6eP88ANkjrMHnzYaHAcQAjsVjqwwZRw_FMzoPg2QRJwCNmnO0PtPdBKQhMBr-E9EVUN-BZLXnimzemwd-rirBNcfumAkLWAmAOAEQszshvWazv2hoE7ie47HZ2tVV9mt_goSmtIPkH2f2ooQ49DaBDWtGHQ==	英語配列（US配列）	https://crowdsourcing-pctr.c.yimg.jp/BgIFgYJGVIVv8u0nVJvw8Hh6g6tTQ94_GtbibT0M2tGibgzMKCIgriJiGFe6eP88ANkjrMHnzYaHAcQAjsVjq4nVWzXhUs9ffdQOomiKRcYRukgZQWudcFTJxB0re9c3nFSsKQ-gYIO2yrkwWTx5cUHxJERprdcEyb5QCOaEJckQUdc-HA-jHe-brRcSOUG-03jpgfAqA7wmCgabzhgGiw==	日本語配列（JIS配列）@英語配列（US配列）@その他	「その他」と回答したかたは、以下にキー配列をご記入ください。			日本語配列（JIS配列）		1229888563
7		あなたが今使用しているキーボードのキー配列について教えてください。	日本語配列（JIS配列）##※一般的にはこちらが使用されています。	https://crowdsourcing-pctr.c.yimg.jp/BgIFgYJGVIVv8u0nVJvw8Hh6g6tTQ94_GtbibT0M2tGibgzMKCIgriJiGFe6eP88ANkjrMHnzYaHAcQAjsVjqwwZRw_FMzoPg2QRJwCNmnO0PtPdBKQhMBr-E9EVUN-BZLXnimzemwd-rirBNcfumAkLWAmAOAEQszshvWazv2hoE7ie47HZ2tVV9mt_goSmtIPkH2f2ooQ49DaBDWtGHQ==	英語配列（US配列）	https://crowdsourcing-pctr.c.yimg.jp/BgIFgYJGVIVv8u0nVJvw8Hh6g6tTQ94_GtbibT0M2tGibgzMKCIgriJiGFe6eP88ANkjrMHnzYaHAcQAjsVjq4nVWzXhUs9ffdQOomiKRcYRukgZQWudcFTJxB0re9c3nFSsKQ-gYIO2yrkwWTx5cUHxJERprdcEyb5QCOaEJckQUdc-HA-jHe-brRcSOUG-03jpgfAqA7wmCgabzhgGiw==	日本語配列（JIS配列）@英語配列（US配列）@その他	「その他」と回答したかたは、以下にキー配列をご記入ください。			日本語配列（JIS配列）		1230061334
7		あなたが今使用しているキーボードのキー配列について教えてください。	日本語配列（JIS配列）##※一般的にはこちらが使用されています。	https://crowdsourcing-pctr.c.yimg.jp/BgIFgYJGVIVv8u0nVJvw8Hh6g6tTQ94_GtbibT0M2tGibgzMKCIgriJiGFe6eP88ANkjrMHnzYaHAcQAjsVjqwwZRw_FMzoPg2QRJwCNmnO0PtPdBKQhMBr-E9EVUN-BZLXnimzemwd-rirBNcfumAkLWAmAOAEQszshvWazv2hoE7ie47HZ2tVV9mt_goSmtIPkH2f2ooQ49DaBDWtGHQ==	英語配列（US配列）	https://crowdsourcing-pctr.c.yimg.jp/BgIFgYJGVIVv8u0nVJvw8Hh6g6tTQ94_GtbibT0M2tGibgzMKCIgriJiGFe6eP88ANkjrMHnzYaHAcQAjsVjq4nVWzXhUs9ffdQOomiKRcYRukgZQWudcFTJxB0re9c3nFSsKQ-gYIO2yrkwWTx5cUHxJERprdcEyb5QCOaEJckQUdc-HA-jHe-brRcSOUG-03jpgfAqA7wmCgabzhgGiw==	日本語配列（JIS配列）@英語配列（US配列）@その他	「その他」と回答したかたは、以下にキー配列をご記入ください。			日本語配列（JIS配列）		1231245796
7		あなたが今使用しているキーボードのキー配列について教えてください。	日本語配列（JIS配列）##※一般的にはこちらが使用されています。	https://crowdsourcing-pctr.c.yimg.jp/BgIFgYJGVIVv8u0nVJvw8Hh6g6tTQ94_GtbibT0M2tGibgzMKCIgriJiGFe6eP88ANkjrMHnzYaHAcQAjsVjqwwZRw_FMzoPg2QRJwCNmnO0PtPdBKQhMBr-E9EVUN-BZLXnimzemwd-rirBNcfumAkLWAmAOAEQszshvWazv2hoE7ie47HZ2tVV9mt_goSmtIPkH2f2ooQ49DaBDWtGHQ==	英語配列（US配列）	https://crowdsourcing-pctr.c.yimg.jp/BgIFgYJGVIVv8u0nVJvw8Hh6g6tTQ94_GtbibT0M2tGibgzMKCIgriJiGFe6eP88ANkjrMHnzYaHAcQAjsVjq4nVWzXhUs9ffdQOomiKRcYRukgZQWudcFTJxB0re9c3nFSsKQ-gYIO2yrkwWTx5cUHxJERprdcEyb5QCOaEJckQUdc-HA-jHe-brRcSOUG-03jpgfAqA7wmCgabzhgGiw==	日本語配列（JIS配列）@英語配列（US配列）@その他	「その他」と回答したかたは、以下にキー配列をご記入ください。			日本語配列（JIS配列）		1231289086
7		あなたが今使用しているキーボードのキー配列について教えてください。	日本語配列（JIS配列）##※一般的にはこちらが使用されています。	https://crowdsourcing-pctr.c.yimg.jp/BgIFgYJGVIVv8u0nVJvw8Hh6g6tTQ94_GtbibT0M2tGibgzMKCIgriJiGFe6eP88ANkjrMHnzYaHAcQAjsVjqwwZRw_FMzoPg2QRJwCNmnO0PtPdBKQhMBr-E9EVUN-BZLXnimzemwd-rirBNcfumAkLWAmAOAEQszshvWazv2hoE7ie47HZ2tVV9mt_goSmtIPkH2f2ooQ49DaBDWtGHQ==	英語配列（US配列）	https://crowdsourcing-pctr.c.yimg.jp/BgIFgYJGVIVv8u0nVJvw8Hh6g6tTQ94_GtbibT0M2tGibgzMKCIgriJiGFe6eP88ANkjrMHnzYaHAcQAjsVjq4nVWzXhUs9ffdQOomiKRcYRukgZQWudcFTJxB0re9c3nFSsKQ-gYIO2yrkwWTx5cUHxJERprdcEyb5QCOaEJckQUdc-HA-jHe-brRcSOUG-03jpgfAqA7wmCgabzhgGiw==	日本語配列（JIS配列）@英語配列（US配列）@その他	「その他」と回答したかたは、以下にキー配列をご記入ください。			日本語配列（JIS配列）		1231584953
7		あなたが今使用しているキーボードのキー配列について教えてください。	日本語配列（JIS配列）##※一般的にはこちらが使用されています。	https://crowdsourcing-pctr.c.yimg.jp/BgIFgYJGVIVv8u0nVJvw8Hh6g6tTQ94_GtbibT0M2tGibgzMKCIgriJiGFe6eP88ANkjrMHnzYaHAcQAjsVjqwwZRw_FMzoPg2QRJwCNmnO0PtPdBKQhMBr-E9EVUN-BZLXnimzemwd-rirBNcfumAkLWAmAOAEQszshvWazv2hoE7ie47HZ2tVV9mt_goSmtIPkH2f2ooQ49DaBDWtGHQ==	英語配列（US配列）	https://crowdsourcing-pctr.c.yimg.jp/BgIFgYJGVIVv8u0nVJvw8Hh6g6tTQ94_GtbibT0M2tGibgzMKCIgriJiGFe6eP88ANkjrMHnzYaHAcQAjsVjq4nVWzXhUs9ffdQOomiKRcYRukgZQWudcFTJxB0re9c3nFSsKQ-gYIO2yrkwWTx5cUHxJERprdcEyb5QCOaEJckQUdc-HA-jHe-brRcSOUG-03jpgfAqA7wmCgabzhgGiw==	日本語配列（JIS配列）@英語配列（US配列）@その他	「その他」と回答したかたは、以下にキー配列をご記入ください。			日本語配列（JIS配列）		1231833831
7		あなたが今使用しているキーボードのキー配列について教えてください。	日本語配列（JIS配列）##※一般的にはこちらが使用されています。	https://crowdsourcing-pctr.c.yimg.jp/BgIFgYJGVIVv8u0nVJvw8Hh6g6tTQ94_GtbibT0M2tGibgzMKCIgriJiGFe6eP88ANkjrMHnzYaHAcQAjsVjqwwZRw_FMzoPg2QRJwCNmnO0PtPdBKQhMBr-E9EVUN-BZLXnimzemwd-rirBNcfumAkLWAmAOAEQszshvWazv2hoE7ie47HZ2tVV9mt_goSmtIPkH2f2ooQ49DaBDWtGHQ==	英語配列（US配列）	https://crowdsourcing-pctr.c.yimg.jp/BgIFgYJGVIVv8u0nVJvw8Hh6g6tTQ94_GtbibT0M2tGibgzMKCIgriJiGFe6eP88ANkjrMHnzYaHAcQAjsVjq4nVWzXhUs9ffdQOomiKRcYRukgZQWudcFTJxB0re9c3nFSsKQ-gYIO2yrkwWTx5cUHxJERprdcEyb5QCOaEJckQUdc-HA-jHe-brRcSOUG-03jpgfAqA7wmCgabzhgGiw==	日本語配列（JIS配列）@英語配列（US配列）@その他	「その他」と回答したかたは、以下にキー配列をご記入ください。			日本語配列（JIS配列）		1232170440
7		あなたが今使用しているキーボードのキー配列について教えてください。	日本語配列（JIS配列）##※一般的にはこちらが使用されています。	https://crowdsourcing-pctr.c.yimg.jp/BgIFgYJGVIVv8u0nVJvw8Hh6g6tTQ94_GtbibT0M2tGibgzMKCIgriJiGFe6eP88ANkjrMHnzYaHAcQAjsVjqwwZRw_FMzoPg2QRJwCNmnO0PtPdBKQhMBr-E9EVUN-BZLXnimzemwd-rirBNcfumAkLWAmAOAEQszshvWazv2hoE7ie47HZ2tVV9mt_goSmtIPkH2f2ooQ49DaBDWtGHQ==	英語配列（US配列）	https://crowdsourcing-pctr.c.yimg.jp/BgIFgYJGVIVv8u0nVJvw8Hh6g6tTQ94_GtbibT0M2tGibgzMKCIgriJiGFe6eP88ANkjrMHnzYaHAcQAjsVjq4nVWzXhUs9ffdQOomiKRcYRukgZQWudcFTJxB0re9c3nFSsKQ-gYIO2yrkwWTx5cUHxJERprdcEyb5QCOaEJckQUdc-HA-jHe-brRcSOUG-03jpgfAqA7wmCgabzhgGiw==	日本語配列（JIS配列）@英語配列（US配列）@その他	「その他」と回答したかたは、以下にキー配列をご記入ください。			日本語配列（JIS配列）		1232360481
7		あなたが今使用しているキーボードのキー配列について教えてください。	日本語配列（JIS配列）##※一般的にはこちらが使用されています。	https://crowdsourcing-pctr.c.yimg.jp/BgIFgYJGVIVv8u0nVJvw8Hh6g6tTQ94_GtbibT0M2tGibgzMKCIgriJiGFe6eP88ANkjrMHnzYaHAcQAjsVjqwwZRw_FMzoPg2QRJwCNmnO0PtPdBKQhMBr-E9EVUN-BZLXnimzemwd-rirBNcfumAkLWAmAOAEQszshvWazv2hoE7ie47HZ2tVV9mt_goSmtIPkH2f2ooQ49DaBDWtGHQ==	英語配列（US配列）	https://crowdsourcing-pctr.c.yimg.jp/BgIFgYJGVIVv8u0nVJvw8Hh6g6tTQ94_GtbibT0M2tGibgzMKCIgriJiGFe6eP88ANkjrMHnzYaHAcQAjsVjq4nVWzXhUs9ffdQOomiKRcYRukgZQWudcFTJxB0re9c3nFSsKQ-gYIO2yrkwWTx5cUHxJERprdcEyb5QCOaEJckQUdc-HA-jHe-brRcSOUG-03jpgfAqA7wmCgabzhgGiw==	日本語配列（JIS配列）@英語配列（US配列）@その他	「その他」と回答したかたは、以下にキー配列をご記入ください。			英語配列（US配列）		1232951543
7		あなたが今使用しているキーボードのキー配列について教えてください。	日本語配列（JIS配列）##※一般的にはこちらが使用されています。	https://crowdsourcing-pctr.c.yimg.jp/BgIFgYJGVIVv8u0nVJvw8Hh6g6tTQ94_GtbibT0M2tGibgzMKCIgriJiGFe6eP88ANkjrMHnzYaHAcQAjsVjqwwZRw_FMzoPg2QRJwCNmnO0PtPdBKQhMBr-E9EVUN-BZLXnimzemwd-rirBNcfumAkLWAmAOAEQszshvWazv2hoE7ie47HZ2tVV9mt_goSmtIPkH2f2ooQ49DaBDWtGHQ==	英語配列（US配列）	https://crowdsourcing-pctr.c.yimg.jp/BgIFgYJGVIVv8u0nVJvw8Hh6g6tTQ94_GtbibT0M2tGibgzMKCIgriJiGFe6eP88ANkjrMHnzYaHAcQAjsVjq4nVWzXhUs9ffdQOomiKRcYRukgZQWudcFTJxB0re9c3nFSsKQ-gYIO2yrkwWTx5cUHxJERprdcEyb5QCOaEJckQUdc-HA-jHe-brRcSOUG-03jpgfAqA7wmCgabzhgGiw==	日本語配列（JIS配列）@英語配列（US配列）@その他	「その他」と回答したかたは、以下にキー配列をご記入ください。			日本語配列（JIS配列）		1233063755
7		あなたが今使用しているキーボードのキー配列について教えてください。	日本語配列（JIS配列）##※一般的にはこちらが使用されています。	https://crowdsourcing-pctr.c.yimg.jp/BgIFgYJGVIVv8u0nVJvw8Hh6g6tTQ94_GtbibT0M2tGibgzMKCIgriJiGFe6eP88ANkjrMHnzYaHAcQAjsVjqwwZRw_FMzoPg2QRJwCNmnO0PtPdBKQhMBr-E9EVUN-BZLXnimzemwd-rirBNcfumAkLWAmAOAEQszshvWazv2hoE7ie47HZ2tVV9mt_goSmtIPkH2f2ooQ49DaBDWtGHQ==	英語配列（US配列）	https://crowdsourcing-pctr.c.yimg.jp/BgIFgYJGVIVv8u0nVJvw8Hh6g6tTQ94_GtbibT0M2tGibgzMKCIgriJiGFe6eP88ANkjrMHnzYaHAcQAjsVjq4nVWzXhUs9ffdQOomiKRcYRukgZQWudcFTJxB0re9c3nFSsKQ-gYIO2yrkwWTx5cUHxJERprdcEyb5QCOaEJckQUdc-HA-jHe-brRcSOUG-03jpgfAqA7wmCgabzhgGiw==	日本語配列（JIS配列）@英語配列（US配列）@その他	「その他」と回答したかたは、以下にキー配列をご記入ください。			日本語配列（JIS配列）		1233428845
7		あなたが今使用しているキーボードのキー配列について教えてください。	日本語配列（JIS配列）##※一般的にはこちらが使用されています。	https://crowdsourcing-pctr.c.yimg.jp/BgIFgYJGVIVv8u0nVJvw8Hh6g6tTQ94_GtbibT0M2tGibgzMKCIgriJiGFe6eP88ANkjrMHnzYaHAcQAjsVjqwwZRw_FMzoPg2QRJwCNmnO0PtPdBKQhMBr-E9EVUN-BZLXnimzemwd-rirBNcfumAkLWAmAOAEQszshvWazv2hoE7ie47HZ2tVV9mt_goSmtIPkH2f2ooQ49DaBDWtGHQ==	英語配列（US配列）	https://crowdsourcing-pctr.c.yimg.jp/BgIFgYJGVIVv8u0nVJvw8Hh6g6tTQ94_GtbibT0M2tGibgzMKCIgriJiGFe6eP88ANkjrMHnzYaHAcQAjsVjq4nVWzXhUs9ffdQOomiKRcYRukgZQWudcFTJxB0re9c3nFSsKQ-gYIO2yrkwWTx5cUHxJERprdcEyb5QCOaEJckQUdc-HA-jHe-brRcSOUG-03jpgfAqA7wmCgabzhgGiw==	日本語配列（JIS配列）@英語配列（US配列）@その他	「その他」と回答したかたは、以下にキー配列をご記入ください。			日本語配列（JIS配列）		1233438176
7		あなたが今使用しているキーボードのキー配列について教えてください。	日本語配列（JIS配列）##※一般的にはこちらが使用されています。	https://crowdsourcing-pctr.c.yimg.jp/BgIFgYJGVIVv8u0nVJvw8Hh6g6tTQ94_GtbibT0M2tGibgzMKCIgriJiGFe6eP88ANkjrMHnzYaHAcQAjsVjqwwZRw_FMzoPg2QRJwCNmnO0PtPdBKQhMBr-E9EVUN-BZLXnimzemwd-rirBNcfumAkLWAmAOAEQszshvWazv2hoE7ie47HZ2tVV9mt_goSmtIPkH2f2ooQ49DaBDWtGHQ==	英語配列（US配列）	https://crowdsourcing-pctr.c.yimg.jp/BgIFgYJGVIVv8u0nVJvw8Hh6g6tTQ94_GtbibT0M2tGibgzMKCIgriJiGFe6eP88ANkjrMHnzYaHAcQAjsVjq4nVWzXhUs9ffdQOomiKRcYRukgZQWudcFTJxB0re9c3nFSsKQ-gYIO2yrkwWTx5cUHxJERprdcEyb5QCOaEJckQUdc-HA-jHe-brRcSOUG-03jpgfAqA7wmCgabzhgGiw==	日本語配列（JIS配列）@英語配列（US配列）@その他	「その他」と回答したかたは、以下にキー配列をご記入ください。			日本語配列（JIS配列）		1233586094
7		あなたが今使用しているキーボードのキー配列について教えてください。	日本語配列（JIS配列）##※一般的にはこちらが使用されています。	https://crowdsourcing-pctr.c.yimg.jp/BgIFgYJGVIVv8u0nVJvw8Hh6g6tTQ94_GtbibT0M2tGibgzMKCIgriJiGFe6eP88ANkjrMHnzYaHAcQAjsVjqwwZRw_FMzoPg2QRJwCNmnO0PtPdBKQhMBr-E9EVUN-BZLXnimzemwd-rirBNcfumAkLWAmAOAEQszshvWazv2hoE7ie47HZ2tVV9mt_goSmtIPkH2f2ooQ49DaBDWtGHQ==	英語配列（US配列）	https://crowdsourcing-pctr.c.yimg.jp/BgIFgYJGVIVv8u0nVJvw8Hh6g6tTQ94_GtbibT0M2tGibgzMKCIgriJiGFe6eP88ANkjrMHnzYaHAcQAjsVjq4nVWzXhUs9ffdQOomiKRcYRukgZQWudcFTJxB0re9c3nFSsKQ-gYIO2yrkwWTx5cUHxJERprdcEyb5QCOaEJckQUdc-HA-jHe-brRcSOUG-03jpgfAqA7wmCgabzhgGiw==	日本語配列（JIS配列）@英語配列（US配列）@その他	「その他」と回答したかたは、以下にキー配列をご記入ください。			英語配列（US配列）		1233586235
7		あなたが今使用しているキーボードのキー配列について教えてください。	日本語配列（JIS配列）##※一般的にはこちらが使用されています。	https://crowdsourcing-pctr.c.yimg.jp/BgIFgYJGVIVv8u0nVJvw8Hh6g6tTQ94_GtbibT0M2tGibgzMKCIgriJiGFe6eP88ANkjrMHnzYaHAcQAjsVjqwwZRw_FMzoPg2QRJwCNmnO0PtPdBKQhMBr-E9EVUN-BZLXnimzemwd-rirBNcfumAkLWAmAOAEQszshvWazv2hoE7ie47HZ2tVV9mt_goSmtIPkH2f2ooQ49DaBDWtGHQ==	英語配列（US配列）	https://crowdsourcing-pctr.c.yimg.jp/BgIFgYJGVIVv8u0nVJvw8Hh6g6tTQ94_GtbibT0M2tGibgzMKCIgriJiGFe6eP88ANkjrMHnzYaHAcQAjsVjq4nVWzXhUs9ffdQOomiKRcYRukgZQWudcFTJxB0re9c3nFSsKQ-gYIO2yrkwWTx5cUHxJERprdcEyb5QCOaEJckQUdc-HA-jHe-brRcSOUG-03jpgfAqA7wmCgabzhgGiw==	日本語配列（JIS配列）@英語配列（US配列）@その他	「その他」と回答したかたは、以下にキー配列をご記入ください。			日本語配列（JIS配列）		1233710759
7		あなたが今使用しているキーボードのキー配列について教えてください。	日本語配列（JIS配列）##※一般的にはこちらが使用されています。	https://crowdsourcing-pctr.c.yimg.jp/BgIFgYJGVIVv8u0nVJvw8Hh6g6tTQ94_GtbibT0M2tGibgzMKCIgriJiGFe6eP88ANkjrMHnzYaHAcQAjsVjqwwZRw_FMzoPg2QRJwCNmnO0PtPdBKQhMBr-E9EVUN-BZLXnimzemwd-rirBNcfumAkLWAmAOAEQszshvWazv2hoE7ie47HZ2tVV9mt_goSmtIPkH2f2ooQ49DaBDWtGHQ==	英語配列（US配列）	https://crowdsourcing-pctr.c.yimg.jp/BgIFgYJGVIVv8u0nVJvw8Hh6g6tTQ94_GtbibT0M2tGibgzMKCIgriJiGFe6eP88ANkjrMHnzYaHAcQAjsVjq4nVWzXhUs9ffdQOomiKRcYRukgZQWudcFTJxB0re9c3nFSsKQ-gYIO2yrkwWTx5cUHxJERprdcEyb5QCOaEJckQUdc-HA-jHe-brRcSOUG-03jpgfAqA7wmCgabzhgGiw==	日本語配列（JIS配列）@英語配列（US配列）@その他	「その他」と回答したかたは、以下にキー配列をご記入ください。			日本語配列（JIS配列）		1234195341
7		あなたが今使用しているキーボードのキー配列について教えてください。	日本語配列（JIS配列）##※一般的にはこちらが使用されています。	https://crowdsourcing-pctr.c.yimg.jp/BgIFgYJGVIVv8u0nVJvw8Hh6g6tTQ94_GtbibT0M2tGibgzMKCIgriJiGFe6eP88ANkjrMHnzYaHAcQAjsVjqwwZRw_FMzoPg2QRJwCNmnO0PtPdBKQhMBr-E9EVUN-BZLXnimzemwd-rirBNcfumAkLWAmAOAEQszshvWazv2hoE7ie47HZ2tVV9mt_goSmtIPkH2f2ooQ49DaBDWtGHQ==	英語配列（US配列）	https://crowdsourcing-pctr.c.yimg.jp/BgIFgYJGVIVv8u0nVJvw8Hh6g6tTQ94_GtbibT0M2tGibgzMKCIgriJiGFe6eP88ANkjrMHnzYaHAcQAjsVjq4nVWzXhUs9ffdQOomiKRcYRukgZQWudcFTJxB0re9c3nFSsKQ-gYIO2yrkwWTx5cUHxJERprdcEyb5QCOaEJckQUdc-HA-jHe-brRcSOUG-03jpgfAqA7wmCgabzhgGiw==	日本語配列（JIS配列）@英語配列（US配列）@その他	「その他」と回答したかたは、以下にキー配列をご記入ください。			英語配列（US配列）		1234243235
7		あなたが今使用しているキーボードのキー配列について教えてください。	日本語配列（JIS配列）##※一般的にはこちらが使用されています。	https://crowdsourcing-pctr.c.yimg.jp/BgIFgYJGVIVv8u0nVJvw8Hh6g6tTQ94_GtbibT0M2tGibgzMKCIgriJiGFe6eP88ANkjrMHnzYaHAcQAjsVjqwwZRw_FMzoPg2QRJwCNmnO0PtPdBKQhMBr-E9EVUN-BZLXnimzemwd-rirBNcfumAkLWAmAOAEQszshvWazv2hoE7ie47HZ2tVV9mt_goSmtIPkH2f2ooQ49DaBDWtGHQ==	英語配列（US配列）	https://crowdsourcing-pctr.c.yimg.jp/BgIFgYJGVIVv8u0nVJvw8Hh6g6tTQ94_GtbibT0M2tGibgzMKCIgriJiGFe6eP88ANkjrMHnzYaHAcQAjsVjq4nVWzXhUs9ffdQOomiKRcYRukgZQWudcFTJxB0re9c3nFSsKQ-gYIO2yrkwWTx5cUHxJERprdcEyb5QCOaEJckQUdc-HA-jHe-brRcSOUG-03jpgfAqA7wmCgabzhgGiw==	日本語配列（JIS配列）@英語配列（US配列）@その他	「その他」と回答したかたは、以下にキー配列をご記入ください。			日本語配列（JIS配列）		1234494227
7		あなたが今使用しているキーボードのキー配列について教えてください。	日本語配列（JIS配列）##※一般的にはこちらが使用されています。	https://crowdsourcing-pctr.c.yimg.jp/BgIFgYJGVIVv8u0nVJvw8Hh6g6tTQ94_GtbibT0M2tGibgzMKCIgriJiGFe6eP88ANkjrMHnzYaHAcQAjsVjqwwZRw_FMzoPg2QRJwCNmnO0PtPdBKQhMBr-E9EVUN-BZLXnimzemwd-rirBNcfumAkLWAmAOAEQszshvWazv2hoE7ie47HZ2tVV9mt_goSmtIPkH2f2ooQ49DaBDWtGHQ==	英語配列（US配列）	https://crowdsourcing-pctr.c.yimg.jp/BgIFgYJGVIVv8u0nVJvw8Hh6g6tTQ94_GtbibT0M2tGibgzMKCIgriJiGFe6eP88ANkjrMHnzYaHAcQAjsVjq4nVWzXhUs9ffdQOomiKRcYRukgZQWudcFTJxB0re9c3nFSsKQ-gYIO2yrkwWTx5cUHxJERprdcEyb5QCOaEJckQUdc-HA-jHe-brRcSOUG-03jpgfAqA7wmCgabzhgGiw==	日本語配列（JIS配列）@英語配列（US配列）@その他	「その他」と回答したかたは、以下にキー配列をご記入ください。			日本語配列（JIS配列）		1234520776
7		あなたが今使用しているキーボードのキー配列について教えてください。	日本語配列（JIS配列）##※一般的にはこちらが使用されています。	https://crowdsourcing-pctr.c.yimg.jp/BgIFgYJGVIVv8u0nVJvw8Hh6g6tTQ94_GtbibT0M2tGibgzMKCIgriJiGFe6eP88ANkjrMHnzYaHAcQAjsVjqwwZRw_FMzoPg2QRJwCNmnO0PtPdBKQhMBr-E9EVUN-BZLXnimzemwd-rirBNcfumAkLWAmAOAEQszshvWazv2hoE7ie47HZ2tVV9mt_goSmtIPkH2f2ooQ49DaBDWtGHQ==	英語配列（US配列）	https://crowdsourcing-pctr.c.yimg.jp/BgIFgYJGVIVv8u0nVJvw8Hh6g6tTQ94_GtbibT0M2tGibgzMKCIgriJiGFe6eP88ANkjrMHnzYaHAcQAjsVjq4nVWzXhUs9ffdQOomiKRcYRukgZQWudcFTJxB0re9c3nFSsKQ-gYIO2yrkwWTx5cUHxJERprdcEyb5QCOaEJckQUdc-HA-jHe-brRcSOUG-03jpgfAqA7wmCgabzhgGiw==	日本語配列（JIS配列）@英語配列（US配列）@その他	「その他」と回答したかたは、以下にキー配列をご記入ください。			日本語配列（JIS配列）		1234965726
7		あなたが今使用しているキーボードのキー配列について教えてください。	日本語配列（JIS配列）##※一般的にはこちらが使用されています。	https://crowdsourcing-pctr.c.yimg.jp/BgIFgYJGVIVv8u0nVJvw8Hh6g6tTQ94_GtbibT0M2tGibgzMKCIgriJiGFe6eP88ANkjrMHnzYaHAcQAjsVjqwwZRw_FMzoPg2QRJwCNmnO0PtPdBKQhMBr-E9EVUN-BZLXnimzemwd-rirBNcfumAkLWAmAOAEQszshvWazv2hoE7ie47HZ2tVV9mt_goSmtIPkH2f2ooQ49DaBDWtGHQ==	英語配列（US配列）	https://crowdsourcing-pctr.c.yimg.jp/BgIFgYJGVIVv8u0nVJvw8Hh6g6tTQ94_GtbibT0M2tGibgzMKCIgriJiGFe6eP88ANkjrMHnzYaHAcQAjsVjq4nVWzXhUs9ffdQOomiKRcYRukgZQWudcFTJxB0re9c3nFSsKQ-gYIO2yrkwWTx5cUHxJERprdcEyb5QCOaEJckQUdc-HA-jHe-brRcSOUG-03jpgfAqA7wmCgabzhgGiw==	日本語配列（JIS配列）@英語配列（US配列）@その他	「その他」と回答したかたは、以下にキー配列をご記入ください。			日本語配列（JIS配列）		1235088193
7		あなたが今使用しているキーボードのキー配列について教えてください。	日本語配列（JIS配列）##※一般的にはこちらが使用されています。	https://crowdsourcing-pctr.c.yimg.jp/BgIFgYJGVIVv8u0nVJvw8Hh6g6tTQ94_GtbibT0M2tGibgzMKCIgriJiGFe6eP88ANkjrMHnzYaHAcQAjsVjqwwZRw_FMzoPg2QRJwCNmnO0PtPdBKQhMBr-E9EVUN-BZLXnimzemwd-rirBNcfumAkLWAmAOAEQszshvWazv2hoE7ie47HZ2tVV9mt_goSmtIPkH2f2ooQ49DaBDWtGHQ==	英語配列（US配列）	https://crowdsourcing-pctr.c.yimg.jp/BgIFgYJGVIVv8u0nVJvw8Hh6g6tTQ94_GtbibT0M2tGibgzMKCIgriJiGFe6eP88ANkjrMHnzYaHAcQAjsVjq4nVWzXhUs9ffdQOomiKRcYRukgZQWudcFTJxB0re9c3nFSsKQ-gYIO2yrkwWTx5cUHxJERprdcEyb5QCOaEJckQUdc-HA-jHe-brRcSOUG-03jpgfAqA7wmCgabzhgGiw==	日本語配列（JIS配列）@英語配列（US配列）@その他	「その他」と回答したかたは、以下にキー配列をご記入ください。			日本語配列（JIS配列）		1235140770
7		あなたが今使用しているキーボードのキー配列について教えてください。	日本語配列（JIS配列）##※一般的にはこちらが使用されています。	https://crowdsourcing-pctr.c.yimg.jp/BgIFgYJGVIVv8u0nVJvw8Hh6g6tTQ94_GtbibT0M2tGibgzMKCIgriJiGFe6eP88ANkjrMHnzYaHAcQAjsVjqwwZRw_FMzoPg2QRJwCNmnO0PtPdBKQhMBr-E9EVUN-BZLXnimzemwd-rirBNcfumAkLWAmAOAEQszshvWazv2hoE7ie47HZ2tVV9mt_goSmtIPkH2f2ooQ49DaBDWtGHQ==	英語配列（US配列）	https://crowdsourcing-pctr.c.yimg.jp/BgIFgYJGVIVv8u0nVJvw8Hh6g6tTQ94_GtbibT0M2tGibgzMKCIgriJiGFe6eP88ANkjrMHnzYaHAcQAjsVjq4nVWzXhUs9ffdQOomiKRcYRukgZQWudcFTJxB0re9c3nFSsKQ-gYIO2yrkwWTx5cUHxJERprdcEyb5QCOaEJckQUdc-HA-jHe-brRcSOUG-03jpgfAqA7wmCgabzhgGiw==	日本語配列（JIS配列）@英語配列（US配列）@その他	「その他」と回答したかたは、以下にキー配列をご記入ください。			日本語配列（JIS配列）		1235181990
7		あなたが今使用しているキーボードのキー配列について教えてください。	日本語配列（JIS配列）##※一般的にはこちらが使用されています。	https://crowdsourcing-pctr.c.yimg.jp/BgIFgYJGVIVv8u0nVJvw8Hh6g6tTQ94_GtbibT0M2tGibgzMKCIgriJiGFe6eP88ANkjrMHnzYaHAcQAjsVjqwwZRw_FMzoPg2QRJwCNmnO0PtPdBKQhMBr-E9EVUN-BZLXnimzemwd-rirBNcfumAkLWAmAOAEQszshvWazv2hoE7ie47HZ2tVV9mt_goSmtIPkH2f2ooQ49DaBDWtGHQ==	英語配列（US配列）	https://crowdsourcing-pctr.c.yimg.jp/BgIFgYJGVIVv8u0nVJvw8Hh6g6tTQ94_GtbibT0M2tGibgzMKCIgriJiGFe6eP88ANkjrMHnzYaHAcQAjsVjq4nVWzXhUs9ffdQOomiKRcYRukgZQWudcFTJxB0re9c3nFSsKQ-gYIO2yrkwWTx5cUHxJERprdcEyb5QCOaEJckQUdc-HA-jHe-brRcSOUG-03jpgfAqA7wmCgabzhgGiw==	日本語配列（JIS配列）@英語配列（US配列）@その他	「その他」と回答したかたは、以下にキー配列をご記入ください。			日本語配列（JIS配列）		1235321612
7		あなたが今使用しているキーボードのキー配列について教えてください。	日本語配列（JIS配列）##※一般的にはこちらが使用されています。	https://crowdsourcing-pctr.c.yimg.jp/BgIFgYJGVIVv8u0nVJvw8Hh6g6tTQ94_GtbibT0M2tGibgzMKCIgriJiGFe6eP88ANkjrMHnzYaHAcQAjsVjqwwZRw_FMzoPg2QRJwCNmnO0PtPdBKQhMBr-E9EVUN-BZLXnimzemwd-rirBNcfumAkLWAmAOAEQszshvWazv2hoE7ie47HZ2tVV9mt_goSmtIPkH2f2ooQ49DaBDWtGHQ==	英語配列（US配列）	https://crowdsourcing-pctr.c.yimg.jp/BgIFgYJGVIVv8u0nVJvw8Hh6g6tTQ94_GtbibT0M2tGibgzMKCIgriJiGFe6eP88ANkjrMHnzYaHAcQAjsVjq4nVWzXhUs9ffdQOomiKRcYRukgZQWudcFTJxB0re9c3nFSsKQ-gYIO2yrkwWTx5cUHxJERprdcEyb5QCOaEJckQUdc-HA-jHe-brRcSOUG-03jpgfAqA7wmCgabzhgGiw==	日本語配列（JIS配列）@英語配列（US配列）@その他	「その他」と回答したかたは、以下にキー配列をご記入ください。			日本語配列（JIS配列）		1235756579
7		あなたが今使用しているキーボードのキー配列について教えてください。	日本語配列（JIS配列）##※一般的にはこちらが使用されています。	https://crowdsourcing-pctr.c.yimg.jp/BgIFgYJGVIVv8u0nVJvw8Hh6g6tTQ94_GtbibT0M2tGibgzMKCIgriJiGFe6eP88ANkjrMHnzYaHAcQAjsVjqwwZRw_FMzoPg2QRJwCNmnO0PtPdBKQhMBr-E9EVUN-BZLXnimzemwd-rirBNcfumAkLWAmAOAEQszshvWazv2hoE7ie47HZ2tVV9mt_goSmtIPkH2f2ooQ49DaBDWtGHQ==	英語配列（US配列）	https://crowdsourcing-pctr.c.yimg.jp/BgIFgYJGVIVv8u0nVJvw8Hh6g6tTQ94_GtbibT0M2tGibgzMKCIgriJiGFe6eP88ANkjrMHnzYaHAcQAjsVjq4nVWzXhUs9ffdQOomiKRcYRukgZQWudcFTJxB0re9c3nFSsKQ-gYIO2yrkwWTx5cUHxJERprdcEyb5QCOaEJckQUdc-HA-jHe-brRcSOUG-03jpgfAqA7wmCgabzhgGiw==	日本語配列（JIS配列）@英語配列（US配列）@その他	「その他」と回答したかたは、以下にキー配列をご記入ください。			日本語配列（JIS配列）		1235854384
7		あなたが今使用しているキーボードのキー配列について教えてください。	日本語配列（JIS配列）##※一般的にはこちらが使用されています。	https://crowdsourcing-pctr.c.yimg.jp/BgIFgYJGVIVv8u0nVJvw8Hh6g6tTQ94_GtbibT0M2tGibgzMKCIgriJiGFe6eP88ANkjrMHnzYaHAcQAjsVjqwwZRw_FMzoPg2QRJwCNmnO0PtPdBKQhMBr-E9EVUN-BZLXnimzemwd-rirBNcfumAkLWAmAOAEQszshvWazv2hoE7ie47HZ2tVV9mt_goSmtIPkH2f2ooQ49DaBDWtGHQ==	英語配列（US配列）	https://crowdsourcing-pctr.c.yimg.jp/BgIFgYJGVIVv8u0nVJvw8Hh6g6tTQ94_GtbibT0M2tGibgzMKCIgriJiGFe6eP88ANkjrMHnzYaHAcQAjsVjq4nVWzXhUs9ffdQOomiKRcYRukgZQWudcFTJxB0re9c3nFSsKQ-gYIO2yrkwWTx5cUHxJERprdcEyb5QCOaEJckQUdc-HA-jHe-brRcSOUG-03jpgfAqA7wmCgabzhgGiw==	日本語配列（JIS配列）@英語配列（US配列）@その他	「その他」と回答したかたは、以下にキー配列をご記入ください。			日本語配列（JIS配列）		1235856242
7		あなたが今使用しているキーボードのキー配列について教えてください。	日本語配列（JIS配列）##※一般的にはこちらが使用されています。	https://crowdsourcing-pctr.c.yimg.jp/BgIFgYJGVIVv8u0nVJvw8Hh6g6tTQ94_GtbibT0M2tGibgzMKCIgriJiGFe6eP88ANkjrMHnzYaHAcQAjsVjqwwZRw_FMzoPg2QRJwCNmnO0PtPdBKQhMBr-E9EVUN-BZLXnimzemwd-rirBNcfumAkLWAmAOAEQszshvWazv2hoE7ie47HZ2tVV9mt_goSmtIPkH2f2ooQ49DaBDWtGHQ==	英語配列（US配列）	https://crowdsourcing-pctr.c.yimg.jp/BgIFgYJGVIVv8u0nVJvw8Hh6g6tTQ94_GtbibT0M2tGibgzMKCIgriJiGFe6eP88ANkjrMHnzYaHAcQAjsVjq4nVWzXhUs9ffdQOomiKRcYRukgZQWudcFTJxB0re9c3nFSsKQ-gYIO2yrkwWTx5cUHxJERprdcEyb5QCOaEJckQUdc-HA-jHe-brRcSOUG-03jpgfAqA7wmCgabzhgGiw==	日本語配列（JIS配列）@英語配列（US配列）@その他	「その他」と回答したかたは、以下にキー配列をご記入ください。			日本語配列（JIS配列）		1235992225
7		あなたが今使用しているキーボードのキー配列について教えてください。	日本語配列（JIS配列）##※一般的にはこちらが使用されています。	https://crowdsourcing-pctr.c.yimg.jp/BgIFgYJGVIVv8u0nVJvw8Hh6g6tTQ94_GtbibT0M2tGibgzMKCIgriJiGFe6eP88ANkjrMHnzYaHAcQAjsVjqwwZRw_FMzoPg2QRJwCNmnO0PtPdBKQhMBr-E9EVUN-BZLXnimzemwd-rirBNcfumAkLWAmAOAEQszshvWazv2hoE7ie47HZ2tVV9mt_goSmtIPkH2f2ooQ49DaBDWtGHQ==	英語配列（US配列）	https://crowdsourcing-pctr.c.yimg.jp/BgIFgYJGVIVv8u0nVJvw8Hh6g6tTQ94_GtbibT0M2tGibgzMKCIgriJiGFe6eP88ANkjrMHnzYaHAcQAjsVjq4nVWzXhUs9ffdQOomiKRcYRukgZQWudcFTJxB0re9c3nFSsKQ-gYIO2yrkwWTx5cUHxJERprdcEyb5QCOaEJckQUdc-HA-jHe-brRcSOUG-03jpgfAqA7wmCgabzhgGiw==	日本語配列（JIS配列）@英語配列（US配列）@その他	「その他」と回答したかたは、以下にキー配列をご記入ください。			日本語配列（JIS配列）		1236084094
7		あなたが今使用しているキーボードのキー配列について教えてください。	日本語配列（JIS配列）##※一般的にはこちらが使用されています。	https://crowdsourcing-pctr.c.yimg.jp/BgIFgYJGVIVv8u0nVJvw8Hh6g6tTQ94_GtbibT0M2tGibgzMKCIgriJiGFe6eP88ANkjrMHnzYaHAcQAjsVjqwwZRw_FMzoPg2QRJwCNmnO0PtPdBKQhMBr-E9EVUN-BZLXnimzemwd-rirBNcfumAkLWAmAOAEQszshvWazv2hoE7ie47HZ2tVV9mt_goSmtIPkH2f2ooQ49DaBDWtGHQ==	英語配列（US配列）	https://crowdsourcing-pctr.c.yimg.jp/BgIFgYJGVIVv8u0nVJvw8Hh6g6tTQ94_GtbibT0M2tGibgzMKCIgriJiGFe6eP88ANkjrMHnzYaHAcQAjsVjq4nVWzXhUs9ffdQOomiKRcYRukgZQWudcFTJxB0re9c3nFSsKQ-gYIO2yrkwWTx5cUHxJERprdcEyb5QCOaEJckQUdc-HA-jHe-brRcSOUG-03jpgfAqA7wmCgabzhgGiw==	日本語配列（JIS配列）@英語配列（US配列）@その他	「その他」と回答したかたは、以下にキー配列をご記入ください。			日本語配列（JIS配列）		1236149447
7		あなたが今使用しているキーボードのキー配列について教えてください。	日本語配列（JIS配列）##※一般的にはこちらが使用されています。	https://crowdsourcing-pctr.c.yimg.jp/BgIFgYJGVIVv8u0nVJvw8Hh6g6tTQ94_GtbibT0M2tGibgzMKCIgriJiGFe6eP88ANkjrMHnzYaHAcQAjsVjqwwZRw_FMzoPg2QRJwCNmnO0PtPdBKQhMBr-E9EVUN-BZLXnimzemwd-rirBNcfumAkLWAmAOAEQszshvWazv2hoE7ie47HZ2tVV9mt_goSmtIPkH2f2ooQ49DaBDWtGHQ==	英語配列（US配列）	https://crowdsourcing-pctr.c.yimg.jp/BgIFgYJGVIVv8u0nVJvw8Hh6g6tTQ94_GtbibT0M2tGibgzMKCIgriJiGFe6eP88ANkjrMHnzYaHAcQAjsVjq4nVWzXhUs9ffdQOomiKRcYRukgZQWudcFTJxB0re9c3nFSsKQ-gYIO2yrkwWTx5cUHxJERprdcEyb5QCOaEJckQUdc-HA-jHe-brRcSOUG-03jpgfAqA7wmCgabzhgGiw==	日本語配列（JIS配列）@英語配列（US配列）@その他	「その他」と回答したかたは、以下にキー配列をご記入ください。			日本語配列（JIS配列）		1236230049
7		あなたが今使用しているキーボードのキー配列について教えてください。	日本語配列（JIS配列）##※一般的にはこちらが使用されています。	https://crowdsourcing-pctr.c.yimg.jp/BgIFgYJGVIVv8u0nVJvw8Hh6g6tTQ94_GtbibT0M2tGibgzMKCIgriJiGFe6eP88ANkjrMHnzYaHAcQAjsVjqwwZRw_FMzoPg2QRJwCNmnO0PtPdBKQhMBr-E9EVUN-BZLXnimzemwd-rirBNcfumAkLWAmAOAEQszshvWazv2hoE7ie47HZ2tVV9mt_goSmtIPkH2f2ooQ49DaBDWtGHQ==	英語配列（US配列）	https://crowdsourcing-pctr.c.yimg.jp/BgIFgYJGVIVv8u0nVJvw8Hh6g6tTQ94_GtbibT0M2tGibgzMKCIgriJiGFe6eP88ANkjrMHnzYaHAcQAjsVjq4nVWzXhUs9ffdQOomiKRcYRukgZQWudcFTJxB0re9c3nFSsKQ-gYIO2yrkwWTx5cUHxJERprdcEyb5QCOaEJckQUdc-HA-jHe-brRcSOUG-03jpgfAqA7wmCgabzhgGiw==	日本語配列（JIS配列）@英語配列（US配列）@その他	「その他」と回答したかたは、以下にキー配列をご記入ください。			日本語配列（JIS配列）		1236251319
7		あなたが今使用しているキーボードのキー配列について教えてください。	日本語配列（JIS配列）##※一般的にはこちらが使用されています。	https://crowdsourcing-pctr.c.yimg.jp/BgIFgYJGVIVv8u0nVJvw8Hh6g6tTQ94_GtbibT0M2tGibgzMKCIgriJiGFe6eP88ANkjrMHnzYaHAcQAjsVjqwwZRw_FMzoPg2QRJwCNmnO0PtPdBKQhMBr-E9EVUN-BZLXnimzemwd-rirBNcfumAkLWAmAOAEQszshvWazv2hoE7ie47HZ2tVV9mt_goSmtIPkH2f2ooQ49DaBDWtGHQ==	英語配列（US配列）	https://crowdsourcing-pctr.c.yimg.jp/BgIFgYJGVIVv8u0nVJvw8Hh6g6tTQ94_GtbibT0M2tGibgzMKCIgriJiGFe6eP88ANkjrMHnzYaHAcQAjsVjq4nVWzXhUs9ffdQOomiKRcYRukgZQWudcFTJxB0re9c3nFSsKQ-gYIO2yrkwWTx5cUHxJERprdcEyb5QCOaEJckQUdc-HA-jHe-brRcSOUG-03jpgfAqA7wmCgabzhgGiw==	日本語配列（JIS配列）@英語配列（US配列）@その他	「その他」と回答したかたは、以下にキー配列をご記入ください。			日本語配列（JIS配列）		1236295881
7		あなたが今使用しているキーボードのキー配列について教えてください。	日本語配列（JIS配列）##※一般的にはこちらが使用されています。	https://crowdsourcing-pctr.c.yimg.jp/BgIFgYJGVIVv8u0nVJvw8Hh6g6tTQ94_GtbibT0M2tGibgzMKCIgriJiGFe6eP88ANkjrMHnzYaHAcQAjsVjqwwZRw_FMzoPg2QRJwCNmnO0PtPdBKQhMBr-E9EVUN-BZLXnimzemwd-rirBNcfumAkLWAmAOAEQszshvWazv2hoE7ie47HZ2tVV9mt_goSmtIPkH2f2ooQ49DaBDWtGHQ==	英語配列（US配列）	https://crowdsourcing-pctr.c.yimg.jp/BgIFgYJGVIVv8u0nVJvw8Hh6g6tTQ94_GtbibT0M2tGibgzMKCIgriJiGFe6eP88ANkjrMHnzYaHAcQAjsVjq4nVWzXhUs9ffdQOomiKRcYRukgZQWudcFTJxB0re9c3nFSsKQ-gYIO2yrkwWTx5cUHxJERprdcEyb5QCOaEJckQUdc-HA-jHe-brRcSOUG-03jpgfAqA7wmCgabzhgGiw==	日本語配列（JIS配列）@英語配列（US配列）@その他	「その他」と回答したかたは、以下にキー配列をご記入ください。			日本語配列（JIS配列）		1236448724
7		あなたが今使用しているキーボードのキー配列について教えてください。	日本語配列（JIS配列）##※一般的にはこちらが使用されています。	https://crowdsourcing-pctr.c.yimg.jp/BgIFgYJGVIVv8u0nVJvw8Hh6g6tTQ94_GtbibT0M2tGibgzMKCIgriJiGFe6eP88ANkjrMHnzYaHAcQAjsVjqwwZRw_FMzoPg2QRJwCNmnO0PtPdBKQhMBr-E9EVUN-BZLXnimzemwd-rirBNcfumAkLWAmAOAEQszshvWazv2hoE7ie47HZ2tVV9mt_goSmtIPkH2f2ooQ49DaBDWtGHQ==	英語配列（US配列）	https://crowdsourcing-pctr.c.yimg.jp/BgIFgYJGVIVv8u0nVJvw8Hh6g6tTQ94_GtbibT0M2tGibgzMKCIgriJiGFe6eP88ANkjrMHnzYaHAcQAjsVjq4nVWzXhUs9ffdQOomiKRcYRukgZQWudcFTJxB0re9c3nFSsKQ-gYIO2yrkwWTx5cUHxJERprdcEyb5QCOaEJckQUdc-HA-jHe-brRcSOUG-03jpgfAqA7wmCgabzhgGiw==	日本語配列（JIS配列）@英語配列（US配列）@その他	「その他」と回答したかたは、以下にキー配列をご記入ください。			日本語配列（JIS配列）		1236673828
7		あなたが今使用しているキーボードのキー配列について教えてください。	日本語配列（JIS配列）##※一般的にはこちらが使用されています。	https://crowdsourcing-pctr.c.yimg.jp/BgIFgYJGVIVv8u0nVJvw8Hh6g6tTQ94_GtbibT0M2tGibgzMKCIgriJiGFe6eP88ANkjrMHnzYaHAcQAjsVjqwwZRw_FMzoPg2QRJwCNmnO0PtPdBKQhMBr-E9EVUN-BZLXnimzemwd-rirBNcfumAkLWAmAOAEQszshvWazv2hoE7ie47HZ2tVV9mt_goSmtIPkH2f2ooQ49DaBDWtGHQ==	英語配列（US配列）	https://crowdsourcing-pctr.c.yimg.jp/BgIFgYJGVIVv8u0nVJvw8Hh6g6tTQ94_GtbibT0M2tGibgzMKCIgriJiGFe6eP88ANkjrMHnzYaHAcQAjsVjq4nVWzXhUs9ffdQOomiKRcYRukgZQWudcFTJxB0re9c3nFSsKQ-gYIO2yrkwWTx5cUHxJERprdcEyb5QCOaEJckQUdc-HA-jHe-brRcSOUG-03jpgfAqA7wmCgabzhgGiw==	日本語配列（JIS配列）@英語配列（US配列）@その他	「その他」と回答したかたは、以下にキー配列をご記入ください。			日本語配列（JIS配列）		1236745022
7		あなたが今使用しているキーボードのキー配列について教えてください。	日本語配列（JIS配列）##※一般的にはこちらが使用されています。	https://crowdsourcing-pctr.c.yimg.jp/BgIFgYJGVIVv8u0nVJvw8Hh6g6tTQ94_GtbibT0M2tGibgzMKCIgriJiGFe6eP88ANkjrMHnzYaHAcQAjsVjqwwZRw_FMzoPg2QRJwCNmnO0PtPdBKQhMBr-E9EVUN-BZLXnimzemwd-rirBNcfumAkLWAmAOAEQszshvWazv2hoE7ie47HZ2tVV9mt_goSmtIPkH2f2ooQ49DaBDWtGHQ==	英語配列（US配列）	https://crowdsourcing-pctr.c.yimg.jp/BgIFgYJGVIVv8u0nVJvw8Hh6g6tTQ94_GtbibT0M2tGibgzMKCIgriJiGFe6eP88ANkjrMHnzYaHAcQAjsVjq4nVWzXhUs9ffdQOomiKRcYRukgZQWudcFTJxB0re9c3nFSsKQ-gYIO2yrkwWTx5cUHxJERprdcEyb5QCOaEJckQUdc-HA-jHe-brRcSOUG-03jpgfAqA7wmCgabzhgGiw==	日本語配列（JIS配列）@英語配列（US配列）@その他	「その他」と回答したかたは、以下にキー配列をご記入ください。			日本語配列（JIS配列）		1237226634
7		あなたが今使用しているキーボードのキー配列について教えてください。	日本語配列（JIS配列）##※一般的にはこちらが使用されています。	https://crowdsourcing-pctr.c.yimg.jp/BgIFgYJGVIVv8u0nVJvw8Hh6g6tTQ94_GtbibT0M2tGibgzMKCIgriJiGFe6eP88ANkjrMHnzYaHAcQAjsVjqwwZRw_FMzoPg2QRJwCNmnO0PtPdBKQhMBr-E9EVUN-BZLXnimzemwd-rirBNcfumAkLWAmAOAEQszshvWazv2hoE7ie47HZ2tVV9mt_goSmtIPkH2f2ooQ49DaBDWtGHQ==	英語配列（US配列）	https://crowdsourcing-pctr.c.yimg.jp/BgIFgYJGVIVv8u0nVJvw8Hh6g6tTQ94_GtbibT0M2tGibgzMKCIgriJiGFe6eP88ANkjrMHnzYaHAcQAjsVjq4nVWzXhUs9ffdQOomiKRcYRukgZQWudcFTJxB0re9c3nFSsKQ-gYIO2yrkwWTx5cUHxJERprdcEyb5QCOaEJckQUdc-HA-jHe-brRcSOUG-03jpgfAqA7wmCgabzhgGiw==	日本語配列（JIS配列）@英語配列（US配列）@その他	「その他」と回答したかたは、以下にキー配列をご記入ください。			日本語配列（JIS配列）		1237715604
7		あなたが今使用しているキーボードのキー配列について教えてください。	日本語配列（JIS配列）##※一般的にはこちらが使用されています。	https://crowdsourcing-pctr.c.yimg.jp/BgIFgYJGVIVv8u0nVJvw8Hh6g6tTQ94_GtbibT0M2tGibgzMKCIgriJiGFe6eP88ANkjrMHnzYaHAcQAjsVjqwwZRw_FMzoPg2QRJwCNmnO0PtPdBKQhMBr-E9EVUN-BZLXnimzemwd-rirBNcfumAkLWAmAOAEQszshvWazv2hoE7ie47HZ2tVV9mt_goSmtIPkH2f2ooQ49DaBDWtGHQ==	英語配列（US配列）	https://crowdsourcing-pctr.c.yimg.jp/BgIFgYJGVIVv8u0nVJvw8Hh6g6tTQ94_GtbibT0M2tGibgzMKCIgriJiGFe6eP88ANkjrMHnzYaHAcQAjsVjq4nVWzXhUs9ffdQOomiKRcYRukgZQWudcFTJxB0re9c3nFSsKQ-gYIO2yrkwWTx5cUHxJERprdcEyb5QCOaEJckQUdc-HA-jHe-brRcSOUG-03jpgfAqA7wmCgabzhgGiw==	日本語配列（JIS配列）@英語配列（US配列）@その他	「その他」と回答したかたは、以下にキー配列をご記入ください。			日本語配列（JIS配列）		1237718446
7		あなたが今使用しているキーボードのキー配列について教えてください。	日本語配列（JIS配列）##※一般的にはこちらが使用されています。	https://crowdsourcing-pctr.c.yimg.jp/BgIFgYJGVIVv8u0nVJvw8Hh6g6tTQ94_GtbibT0M2tGibgzMKCIgriJiGFe6eP88ANkjrMHnzYaHAcQAjsVjqwwZRw_FMzoPg2QRJwCNmnO0PtPdBKQhMBr-E9EVUN-BZLXnimzemwd-rirBNcfumAkLWAmAOAEQszshvWazv2hoE7ie47HZ2tVV9mt_goSmtIPkH2f2ooQ49DaBDWtGHQ==	英語配列（US配列）	https://crowdsourcing-pctr.c.yimg.jp/BgIFgYJGVIVv8u0nVJvw8Hh6g6tTQ94_GtbibT0M2tGibgzMKCIgriJiGFe6eP88ANkjrMHnzYaHAcQAjsVjq4nVWzXhUs9ffdQOomiKRcYRukgZQWudcFTJxB0re9c3nFSsKQ-gYIO2yrkwWTx5cUHxJERprdcEyb5QCOaEJckQUdc-HA-jHe-brRcSOUG-03jpgfAqA7wmCgabzhgGiw==	日本語配列（JIS配列）@英語配列（US配列）@その他	「その他」と回答したかたは、以下にキー配列をご記入ください。			日本語配列（JIS配列）		1237792425
7		あなたが今使用しているキーボードのキー配列について教えてください。	日本語配列（JIS配列）##※一般的にはこちらが使用されています。	https://crowdsourcing-pctr.c.yimg.jp/BgIFgYJGVIVv8u0nVJvw8Hh6g6tTQ94_GtbibT0M2tGibgzMKCIgriJiGFe6eP88ANkjrMHnzYaHAcQAjsVjqwwZRw_FMzoPg2QRJwCNmnO0PtPdBKQhMBr-E9EVUN-BZLXnimzemwd-rirBNcfumAkLWAmAOAEQszshvWazv2hoE7ie47HZ2tVV9mt_goSmtIPkH2f2ooQ49DaBDWtGHQ==	英語配列（US配列）	https://crowdsourcing-pctr.c.yimg.jp/BgIFgYJGVIVv8u0nVJvw8Hh6g6tTQ94_GtbibT0M2tGibgzMKCIgriJiGFe6eP88ANkjrMHnzYaHAcQAjsVjq4nVWzXhUs9ffdQOomiKRcYRukgZQWudcFTJxB0re9c3nFSsKQ-gYIO2yrkwWTx5cUHxJERprdcEyb5QCOaEJckQUdc-HA-jHe-brRcSOUG-03jpgfAqA7wmCgabzhgGiw==	日本語配列（JIS配列）@英語配列（US配列）@その他	「その他」と回答したかたは、以下にキー配列をご記入ください。			日本語配列（JIS配列）		1237834888
7		あなたが今使用しているキーボードのキー配列について教えてください。	日本語配列（JIS配列）##※一般的にはこちらが使用されています。	https://crowdsourcing-pctr.c.yimg.jp/BgIFgYJGVIVv8u0nVJvw8Hh6g6tTQ94_GtbibT0M2tGibgzMKCIgriJiGFe6eP88ANkjrMHnzYaHAcQAjsVjqwwZRw_FMzoPg2QRJwCNmnO0PtPdBKQhMBr-E9EVUN-BZLXnimzemwd-rirBNcfumAkLWAmAOAEQszshvWazv2hoE7ie47HZ2tVV9mt_goSmtIPkH2f2ooQ49DaBDWtGHQ==	英語配列（US配列）	https://crowdsourcing-pctr.c.yimg.jp/BgIFgYJGVIVv8u0nVJvw8Hh6g6tTQ94_GtbibT0M2tGibgzMKCIgriJiGFe6eP88ANkjrMHnzYaHAcQAjsVjq4nVWzXhUs9ffdQOomiKRcYRukgZQWudcFTJxB0re9c3nFSsKQ-gYIO2yrkwWTx5cUHxJERprdcEyb5QCOaEJckQUdc-HA-jHe-brRcSOUG-03jpgfAqA7wmCgabzhgGiw==	日本語配列（JIS配列）@英語配列（US配列）@その他	「その他」と回答したかたは、以下にキー配列をご記入ください。			日本語配列（JIS配列）		1238400048
8		あなたは業務において、1日平均で約何通メールを送信しますか？（返信・転送を含む）	1通未満@1~9通@10~19通@20~29通@30~39通@40~49通@50~99通@100~500通@500通以上	10~19通	1224938299
8		あなたは業務において、1日平均で約何通メールを送信しますか？（返信・転送を含む）	1通未満@1~9通@10~19通@20~29通@30~39通@40~49通@50~99通@100~500通@500通以上	1通未満	1225332765
8		あなたは業務において、1日平均で約何通メールを送信しますか？（返信・転送を含む）	1通未満@1~9通@10~19通@20~29通@30~39通@40~49通@50~99通@100~500通@500通以上	1~9通	1225976091
8		あなたは業務において、1日平均で約何通メールを送信しますか？（返信・転送を含む）	1通未満@1~9通@10~19通@20~29通@30~39通@40~49通@50~99通@100~500通@500通以上	1~9通	1226465241
8		あなたは業務において、1日平均で約何通メールを送信しますか？（返信・転送を含む）	1通未満@1~9通@10~19通@20~29通@30~39通@40~49通@50~99通@100~500通@500通以上	1~9通	1228421749
8		あなたは業務において、1日平均で約何通メールを送信しますか？（返信・転送を含む）	1通未満@1~9通@10~19通@20~29通@30~39通@40~49通@50~99通@100~500通@500通以上	1~9通	1228854841
8		あなたは業務において、1日平均で約何通メールを送信しますか？（返信・転送を含む）	1通未満@1~9通@10~19通@20~29通@30~39通@40~49通@50~99通@100~500通@500通以上	1通未満	1229294467
8		あなたは業務において、1日平均で約何通メールを送信しますか？（返信・転送を含む）	1通未満@1~9通@10~19通@20~29通@30~39通@40~49通@50~99通@100~500通@500通以上	1~9通	1229623487
8		あなたは業務において、1日平均で約何通メールを送信しますか？（返信・転送を含む）	1通未満@1~9通@10~19通@20~29通@30~39通@40~49通@50~99通@100~500通@500通以上	100~500通	1229888563
8		あなたは業務において、1日平均で約何通メールを送信しますか？（返信・転送を含む）	1通未満@1~9通@10~19通@20~29通@30~39通@40~49通@50~99通@100~500通@500通以上	1~9通	1230061334
8		あなたは業務において、1日平均で約何通メールを送信しますか？（返信・転送を含む）	1通未満@1~9通@10~19通@20~29通@30~39通@40~49通@50~99通@100~500通@500通以上	1~9通	1231245796
8		あなたは業務において、1日平均で約何通メールを送信しますか？（返信・転送を含む）	1通未満@1~9通@10~19通@20~29通@30~39通@40~49通@50~99通@100~500通@500通以上	10~19通	1231289086
8		あなたは業務において、1日平均で約何通メールを送信しますか？（返信・転送を含む）	1通未満@1~9通@10~19通@20~29通@30~39通@40~49通@50~99通@100~500通@500通以上	1通未満	1231584953
8		あなたは業務において、1日平均で約何通メールを送信しますか？（返信・転送を含む）	1通未満@1~9通@10~19通@20~29通@30~39通@40~49通@50~99通@100~500通@500通以上	1通未満	1231833831
8		あなたは業務において、1日平均で約何通メールを送信しますか？（返信・転送を含む）	1通未満@1~9通@10~19通@20~29通@30~39通@40~49通@50~99通@100~500通@500通以上	20~29通	1232170440
8		あなたは業務において、1日平均で約何通メールを送信しますか？（返信・転送を含む）	1通未満@1~9通@10~19通@20~29通@30~39通@40~49通@50~99通@100~500通@500通以上	1~9通	1232360481
8		あなたは業務において、1日平均で約何通メールを送信しますか？（返信・転送を含む）	1通未満@1~9通@10~19通@20~29通@30~39通@40~49通@50~99通@100~500通@500通以上	30~39通	1232951543
8		あなたは業務において、1日平均で約何通メールを送信しますか？（返信・転送を含む）	1通未満@1~9通@10~19通@20~29通@30~39通@40~49通@50~99通@100~500通@500通以上	1~9通	1233063755
8		あなたは業務において、1日平均で約何通メールを送信しますか？（返信・転送を含む）	1通未満@1~9通@10~19通@20~29通@30~39通@40~49通@50~99通@100~500通@500通以上	1~9通	1233428845
8		あなたは業務において、1日平均で約何通メールを送信しますか？（返信・転送を含む）	1通未満@1~9通@10~19通@20~29通@30~39通@40~49通@50~99通@100~500通@500通以上	1~9通	1233438176
8		あなたは業務において、1日平均で約何通メールを送信しますか？（返信・転送を含む）	1通未満@1~9通@10~19通@20~29通@30~39通@40~49通@50~99通@100~500通@500通以上	10~19通	1233586094
8		あなたは業務において、1日平均で約何通メールを送信しますか？（返信・転送を含む）	1通未満@1~9通@10~19通@20~29通@30~39通@40~49通@50~99通@100~500通@500通以上	1~9通	1233586235
8		あなたは業務において、1日平均で約何通メールを送信しますか？（返信・転送を含む）	1通未満@1~9通@10~19通@20~29通@30~39通@40~49通@50~99通@100~500通@500通以上	1~9通	1233710759
8		あなたは業務において、1日平均で約何通メールを送信しますか？（返信・転送を含む）	1通未満@1~9通@10~19通@20~29通@30~39通@40~49通@50~99通@100~500通@500通以上	20~29通	1234195341
8		あなたは業務において、1日平均で約何通メールを送信しますか？（返信・転送を含む）	1通未満@1~9通@10~19通@20~29通@30~39通@40~49通@50~99通@100~500通@500通以上	1~9通	1234243235
8		あなたは業務において、1日平均で約何通メールを送信しますか？（返信・転送を含む）	1通未満@1~9通@10~19通@20~29通@30~39通@40~49通@50~99通@100~500通@500通以上	20~29通	1234494227
8		あなたは業務において、1日平均で約何通メールを送信しますか？（返信・転送を含む）	1通未満@1~9通@10~19通@20~29通@30~39通@40~49通@50~99通@100~500通@500通以上	20~29通	1234520776
8		あなたは業務において、1日平均で約何通メールを送信しますか？（返信・転送を含む）	1通未満@1~9通@10~19通@20~29通@30~39通@40~49通@50~99通@100~500通@500通以上	1通未満	1234965726
8		あなたは業務において、1日平均で約何通メールを送信しますか？（返信・転送を含む）	1通未満@1~9通@10~19通@20~29通@30~39通@40~49通@50~99通@100~500通@500通以上	1通未満	1235088193
8		あなたは業務において、1日平均で約何通メールを送信しますか？（返信・転送を含む）	1通未満@1~9通@10~19通@20~29通@30~39通@40~49通@50~99通@100~500通@500通以上	1通未満	1235140770
8		あなたは業務において、1日平均で約何通メールを送信しますか？（返信・転送を含む）	1通未満@1~9通@10~19通@20~29通@30~39通@40~49通@50~99通@100~500通@500通以上	1通未満	1235181990
8		あなたは業務において、1日平均で約何通メールを送信しますか？（返信・転送を含む）	1通未満@1~9通@10~19通@20~29通@30~39通@40~49通@50~99通@100~500通@500通以上	1~9通	1235321612
8		あなたは業務において、1日平均で約何通メールを送信しますか？（返信・転送を含む）	1通未満@1~9通@10~19通@20~29通@30~39通@40~49通@50~99通@100~500通@500通以上	20~29通	1235756579
8		あなたは業務において、1日平均で約何通メールを送信しますか？（返信・転送を含む）	1通未満@1~9通@10~19通@20~29通@30~39通@40~49通@50~99通@100~500通@500通以上	10~19通	1235854384
8		あなたは業務において、1日平均で約何通メールを送信しますか？（返信・転送を含む）	1通未満@1~9通@10~19通@20~29通@30~39通@40~49通@50~99通@100~500通@500通以上	1通未満	1235856242
8		あなたは業務において、1日平均で約何通メールを送信しますか？（返信・転送を含む）	1通未満@1~9通@10~19通@20~29通@30~39通@40~49通@50~99通@100~500通@500通以上	1通未満	1235992225
8		あなたは業務において、1日平均で約何通メールを送信しますか？（返信・転送を含む）	1通未満@1~9通@10~19通@20~29通@30~39通@40~49通@50~99通@100~500通@500通以上	10~19通	1236084094
8		あなたは業務において、1日平均で約何通メールを送信しますか？（返信・転送を含む）	1通未満@1~9通@10~19通@20~29通@30~39通@40~49通@50~99通@100~500通@500通以上	1~9通	1236149447
8		あなたは業務において、1日平均で約何通メールを送信しますか？（返信・転送を含む）	1通未満@1~9通@10~19通@20~29通@30~39通@40~49通@50~99通@100~500通@500通以上	1通未満	1236230049
8		あなたは業務において、1日平均で約何通メールを送信しますか？（返信・転送を含む）	1通未満@1~9通@10~19通@20~29通@30~39通@40~49通@50~99通@100~500通@500通以上	1~9通	1236251319
8		あなたは業務において、1日平均で約何通メールを送信しますか？（返信・転送を含む）	1通未満@1~9通@10~19通@20~29通@30~39通@40~49通@50~99通@100~500通@500通以上	1~9通	1236295881
8		あなたは業務において、1日平均で約何通メールを送信しますか？（返信・転送を含む）	1通未満@1~9通@10~19通@20~29通@30~39通@40~49通@50~99通@100~500通@500通以上	20~29通	1236448724
8		あなたは業務において、1日平均で約何通メールを送信しますか？（返信・転送を含む）	1通未満@1~9通@10~19通@20~29通@30~39通@40~49通@50~99通@100~500通@500通以上	10~19通	1236673828
8		あなたは業務において、1日平均で約何通メールを送信しますか？（返信・転送を含む）	1通未満@1~9通@10~19通@20~29通@30~39通@40~49通@50~99通@100~500通@500通以上	20~29通	1236745022
8		あなたは業務において、1日平均で約何通メールを送信しますか？（返信・転送を含む）	1通未満@1~9通@10~19通@20~29通@30~39通@40~49通@50~99通@100~500通@500通以上	1通未満	1237226634
8		あなたは業務において、1日平均で約何通メールを送信しますか？（返信・転送を含む）	1通未満@1~9通@10~19通@20~29通@30~39通@40~49通@50~99通@100~500通@500通以上	1~9通	1237715604
8		あなたは業務において、1日平均で約何通メールを送信しますか？（返信・転送を含む）	1通未満@1~9通@10~19通@20~29通@30~39通@40~49通@50~99通@100~500通@500通以上	1~9通	1237718446
8		あなたは業務において、1日平均で約何通メールを送信しますか？（返信・転送を含む）	1通未満@1~9通@10~19通@20~29通@30~39通@40~49通@50~99通@100~500通@500通以上	1~9通	1237792425
8		あなたは業務において、1日平均で約何通メールを送信しますか？（返信・転送を含む）	1通未満@1~9通@10~19通@20~29通@30~39通@40~49通@50~99通@100~500通@500通以上	1~9通	1237834888
8		あなたは業務において、1日平均で約何通メールを送信しますか？（返信・転送を含む）	1通未満@1~9通@10~19通@20~29通@30~39通@40~49通@50~99通@100~500通@500通以上	1~9通	1238400048
9		あなたは業務において、どのような内容のメールを送信しますか？簡単に教えてください。 ##（複数ある場合は、すべて教えてください。）				業務報告	1224938299
9		あなたは業務において、どのような内容のメールを送信しますか？簡単に教えてください。 ##（複数ある場合は、すべて教えてください。）				実務的な内容のテキストメール	1225332765
9		あなたは業務において、どのような内容のメールを送信しますか？簡単に教えてください。 ##（複数ある場合は、すべて教えてください。）				未払いになっている報酬についての問い合わせ。問い合わせへの返信。	1225976091
9		あなたは業務において、どのような内容のメールを送信しますか？簡単に教えてください。 ##（複数ある場合は、すべて教えてください。）				事務	1226465241
9		あなたは業務において、どのような内容のメールを送信しますか？簡単に教えてください。 ##（複数ある場合は、すべて教えてください。）				指示メール、注文メール、完了メール	1228421749
9		あなたは業務において、どのような内容のメールを送信しますか？簡単に教えてください。 ##（複数ある場合は、すべて教えてください。）				イベントのお知らせやスケジュールの調整確定などの連絡	1228854841
9		あなたは業務において、どのような内容のメールを送信しますか？簡単に教えてください。 ##（複数ある場合は、すべて教えてください。）				業務連絡	1229294467
9		あなたは業務において、どのような内容のメールを送信しますか？簡単に教えてください。 ##（複数ある場合は、すべて教えてください。）				業務内容の確認、発注内容の送信など	1229623487
9		あなたは業務において、どのような内容のメールを送信しますか？簡単に教えてください。 ##（複数ある場合は、すべて教えてください。）				業務連絡など	1229888563
9		あなたは業務において、どのような内容のメールを送信しますか？簡単に教えてください。 ##（複数ある場合は、すべて教えてください。）				取引先との連絡事項	1230061334
9		あなたは業務において、どのような内容のメールを送信しますか？簡単に教えてください。 ##（複数ある場合は、すべて教えてください。）				業者への問い合わせ。	1231245796
9		あなたは業務において、どのような内容のメールを送信しますか？簡単に教えてください。 ##（複数ある場合は、すべて教えてください。）				業務完了の報告。問い合わせ。連絡事項。	1231289086
9		あなたは業務において、どのような内容のメールを送信しますか？簡単に教えてください。 ##（複数ある場合は、すべて教えてください。）				今はほとんど行っていない	1231584953
9		あなたは業務において、どのような内容のメールを送信しますか？簡単に教えてください。 ##（複数ある場合は、すべて教えてください。）				私的な連絡など。	1231833831
9		あなたは業務において、どのような内容のメールを送信しますか？簡単に教えてください。 ##（複数ある場合は、すべて教えてください。）				ユーザーからの問合せメールへの対応、社内の業務上のやり取りなど	1232170440
9		あなたは業務において、どのような内容のメールを送信しますか？簡単に教えてください。 ##（複数ある場合は、すべて教えてください。）				報告メール	1232360481
9		あなたは業務において、どのような内容のメールを送信しますか？簡単に教えてください。 ##（複数ある場合は、すべて教えてください。）				経理の仕事をしてるので個人の精算確認など	1232951543
9		あなたは業務において、どのような内容のメールを送信しますか？簡単に教えてください。 ##（複数ある場合は、すべて教えてください。）				見積書の送付	1233063755
9		あなたは業務において、どのような内容のメールを送信しますか？簡単に教えてください。 ##（複数ある場合は、すべて教えてください。）				見積の送信	1233428845
9		あなたは業務において、どのような内容のメールを送信しますか？簡単に教えてください。 ##（複数ある場合は、すべて教えてください。）				取引先への連絡事項	1233438176
9		あなたは業務において、どのような内容のメールを送信しますか？簡単に教えてください。 ##（複数ある場合は、すべて教えてください。）				教室相互の連絡	1233586094
9		あなたは業務において、どのような内容のメールを送信しますか？簡単に教えてください。 ##（複数ある場合は、すべて教えてください。）				お礼のメール	1233586235
9		あなたは業務において、どのような内容のメールを送信しますか？簡単に教えてください。 ##（複数ある場合は、すべて教えてください。）				作業依頼、確認など	1233710759
9		あなたは業務において、どのような内容のメールを送信しますか？簡単に教えてください。 ##（複数ある場合は、すべて教えてください。）				納期回答、受発注問い合わせ	1234195341
9		あなたは業務において、どのような内容のメールを送信しますか？簡単に教えてください。 ##（複数ある場合は、すべて教えてください。）				発注書に関するメール	1234243235
9		あなたは業務において、どのような内容のメールを送信しますか？簡単に教えてください。 ##（複数ある場合は、すべて教えてください。）				進行状況の報告等。	1234494227
9		あなたは業務において、どのような内容のメールを送信しますか？簡単に教えてください。 ##（複数ある場合は、すべて教えてください。）				業務連絡や案内状の作成	1234520776
9		あなたは業務において、どのような内容のメールを送信しますか？簡単に教えてください。 ##（複数ある場合は、すべて教えてください。）				情報共有、業務報告	1234965726
9		あなたは業務において、どのような内容のメールを送信しますか？簡単に教えてください。 ##（複数ある場合は、すべて教えてください。）				予約確認など	1235088193
9		あなたは業務において、どのような内容のメールを送信しますか？簡単に教えてください。 ##（複数ある場合は、すべて教えてください。）				メーカーへの問い合わせ	1235140770
9		あなたは業務において、どのような内容のメールを送信しますか？簡単に教えてください。 ##（複数ある場合は、すべて教えてください。）				連絡事項	1235181990
9		あなたは業務において、どのような内容のメールを送信しますか？簡単に教えてください。 ##（複数ある場合は、すべて教えてください。）				行事等の会場手配、物品購入による見積依頼、外出中社員への連絡	1235321612
9		あなたは業務において、どのような内容のメールを送信しますか？簡単に教えてください。 ##（複数ある場合は、すべて教えてください。）				顧客や取引先とのやり取り	1235756579
9		あなたは業務において、どのような内容のメールを送信しますか？簡単に教えてください。 ##（複数ある場合は、すべて教えてください。）				見積もり、日程調整	1235854384
9		あなたは業務において、どのような内容のメールを送信しますか？簡単に教えてください。 ##（複数ある場合は、すべて教えてください。）				約束の日付の連絡事項	1235856242
9		あなたは業務において、どのような内容のメールを送信しますか？簡単に教えてください。 ##（複数ある場合は、すべて教えてください。）				現在無職	1235992225
9		あなたは業務において、どのような内容のメールを送信しますか？簡単に教えてください。 ##（複数ある場合は、すべて教えてください。）				業者宛ての問い合わせ、または返信。私的なメール、送受信	1236084094
9		あなたは業務において、どのような内容のメールを送信しますか？簡単に教えてください。 ##（複数ある場合は、すべて教えてください。）				取引先への資料の送付	1236149447
9		あなたは業務において、どのような内容のメールを送信しますか？簡単に教えてください。 ##（複数ある場合は、すべて教えてください。）				進捗確認のメール	1236230049
9		あなたは業務において、どのような内容のメールを送信しますか？簡単に教えてください。 ##（複数ある場合は、すべて教えてください。）				会議等開催の業務連絡	1236251319
9		あなたは業務において、どのような内容のメールを送信しますか？簡単に教えてください。 ##（複数ある場合は、すべて教えてください。）				仕事のファイルをおくる。##業務の内容確認	1236295881
9		あなたは業務において、どのような内容のメールを送信しますか？簡単に教えてください。 ##（複数ある場合は、すべて教えてください。）				打ち合わせ	1236448724
9		あなたは業務において、どのような内容のメールを送信しますか？簡単に教えてください。 ##（複数ある場合は、すべて教えてください。）				お客様への対応メール、社員への業務連絡メール	1236673828
9		あなたは業務において、どのような内容のメールを送信しますか？簡単に教えてください。 ##（複数ある場合は、すべて教えてください。）				社内外への共有事項、リマインドなど	1236745022
9		あなたは業務において、どのような内容のメールを送信しますか？簡単に教えてください。 ##（複数ある場合は、すべて教えてください。）				取引先との取引内容の確認。	1237226634
9		あなたは業務において、どのような内容のメールを送信しますか？簡単に教えてください。 ##（複数ある場合は、すべて教えてください。）				試作品の意見、原料の調達に関することなど	1237715604
9		あなたは業務において、どのような内容のメールを送信しますか？簡単に教えてください。 ##（複数ある場合は、すべて教えてください。）				書類の送信や確認の連絡について。	1237718446
9		あなたは業務において、どのような内容のメールを送信しますか？簡単に教えてください。 ##（複数ある場合は、すべて教えてください。）				業者への備品の発注依頼##関連施設への業務に関する連絡	1237792425
9		あなたは業務において、どのような内容のメールを送信しますか？簡単に教えてください。 ##（複数ある場合は、すべて教えてください。）				取引先と資料の送付や、業務依頼のメール	1237834888
9		あなたは業務において、どのような内容のメールを送信しますか？簡単に教えてください。 ##（複数ある場合は、すべて教えてください。）				連絡事項の確認メール	1238400048
10	221957	実験用Webサイトにアクセスして、メールアドレスを入力してください。 ##実験用Webサイトで最後に表示される「合言葉」と「被験者ID」は必ずメモしてください。			【実験用Webサイト】	https://doppel-domain.pages.dev/practice/ready	実験用Webサイトで最後に表示された「合言葉」を入力してください。（「被験者ID」は次の設問で入力します。）		221957	1224938299
10	221957	実験用Webサイトにアクセスして、メールアドレスを入力してください。 ##実験用Webサイトで最後に表示される「合言葉」と「被験者ID」は必ずメモしてください。			【実験用Webサイト】	https://doppel-domain.pages.dev/practice/ready	実験用Webサイトで最後に表示された「合言葉」を入力してください。（「被験者ID」は次の設問で入力します。）		221957	1225332765
10	221957	実験用Webサイトにアクセスして、メールアドレスを入力してください。 ##実験用Webサイトで最後に表示される「合言葉」と「被験者ID」は必ずメモしてください。			【実験用Webサイト】	https://doppel-domain.pages.dev/practice/ready	実験用Webサイトで最後に表示された「合言葉」を入力してください。（「被験者ID」は次の設問で入力します。）		221957	1225976091
10	221957	実験用Webサイトにアクセスして、メールアドレスを入力してください。 ##実験用Webサイトで最後に表示される「合言葉」と「被験者ID」は必ずメモしてください。			【実験用Webサイト】	https://doppel-domain.pages.dev/practice/ready	実験用Webサイトで最後に表示された「合言葉」を入力してください。（「被験者ID」は次の設問で入力します。）		221957	1226465241
10	221957	実験用Webサイトにアクセスして、メールアドレスを入力してください。 ##実験用Webサイトで最後に表示される「合言葉」と「被験者ID」は必ずメモしてください。			【実験用Webサイト】	https://doppel-domain.pages.dev/practice/ready	実験用Webサイトで最後に表示された「合言葉」を入力してください。（「被験者ID」は次の設問で入力します。）		221957	1228421749
10	221957	実験用Webサイトにアクセスして、メールアドレスを入力してください。 ##実験用Webサイトで最後に表示される「合言葉」と「被験者ID」は必ずメモしてください。			【実験用Webサイト】	https://doppel-domain.pages.dev/practice/ready	実験用Webサイトで最後に表示された「合言葉」を入力してください。（「被験者ID」は次の設問で入力します。）		221957	1228854841
10	221957	実験用Webサイトにアクセスして、メールアドレスを入力してください。 ##実験用Webサイトで最後に表示される「合言葉」と「被験者ID」は必ずメモしてください。			【実験用Webサイト】	https://doppel-domain.pages.dev/practice/ready	実験用Webサイトで最後に表示された「合言葉」を入力してください。（「被験者ID」は次の設問で入力します。）		221957	1229294467
10	221957	実験用Webサイトにアクセスして、メールアドレスを入力してください。 ##実験用Webサイトで最後に表示される「合言葉」と「被験者ID」は必ずメモしてください。			【実験用Webサイト】	https://doppel-domain.pages.dev/practice/ready	実験用Webサイトで最後に表示された「合言葉」を入力してください。（「被験者ID」は次の設問で入力します。）		221957	1229623487
10	221957	実験用Webサイトにアクセスして、メールアドレスを入力してください。 ##実験用Webサイトで最後に表示される「合言葉」と「被験者ID」は必ずメモしてください。			【実験用Webサイト】	https://doppel-domain.pages.dev/practice/ready	実験用Webサイトで最後に表示された「合言葉」を入力してください。（「被験者ID」は次の設問で入力します。）		221957	1229888563
10	221957	実験用Webサイトにアクセスして、メールアドレスを入力してください。 ##実験用Webサイトで最後に表示される「合言葉」と「被験者ID」は必ずメモしてください。			【実験用Webサイト】	https://doppel-domain.pages.dev/practice/ready	実験用Webサイトで最後に表示された「合言葉」を入力してください。（「被験者ID」は次の設問で入力します。）		221957	1230061334
10	221957	実験用Webサイトにアクセスして、メールアドレスを入力してください。 ##実験用Webサイトで最後に表示される「合言葉」と「被験者ID」は必ずメモしてください。			【実験用Webサイト】	https://doppel-domain.pages.dev/practice/ready	実験用Webサイトで最後に表示された「合言葉」を入力してください。（「被験者ID」は次の設問で入力します。）		221957	1231245796
10	221957	実験用Webサイトにアクセスして、メールアドレスを入力してください。 ##実験用Webサイトで最後に表示される「合言葉」と「被験者ID」は必ずメモしてください。			【実験用Webサイト】	https://doppel-domain.pages.dev/practice/ready	実験用Webサイトで最後に表示された「合言葉」を入力してください。（「被験者ID」は次の設問で入力します。）		221957	1231289086
10	221957	実験用Webサイトにアクセスして、メールアドレスを入力してください。 ##実験用Webサイトで最後に表示される「合言葉」と「被験者ID」は必ずメモしてください。			【実験用Webサイト】	https://doppel-domain.pages.dev/practice/ready	実験用Webサイトで最後に表示された「合言葉」を入力してください。（「被験者ID」は次の設問で入力します。）		221957	1231584953
10	221957	実験用Webサイトにアクセスして、メールアドレスを入力してください。 ##実験用Webサイトで最後に表示される「合言葉」と「被験者ID」は必ずメモしてください。			【実験用Webサイト】	https://doppel-domain.pages.dev/practice/ready	実験用Webサイトで最後に表示された「合言葉」を入力してください。（「被験者ID」は次の設問で入力します。）		221957	1231833831
10	221957	実験用Webサイトにアクセスして、メールアドレスを入力してください。 ##実験用Webサイトで最後に表示される「合言葉」と「被験者ID」は必ずメモしてください。			【実験用Webサイト】	https://doppel-domain.pages.dev/practice/ready	実験用Webサイトで最後に表示された「合言葉」を入力してください。（「被験者ID」は次の設問で入力します。）		221957	1232170440
10	221957	実験用Webサイトにアクセスして、メールアドレスを入力してください。 ##実験用Webサイトで最後に表示される「合言葉」と「被験者ID」は必ずメモしてください。			【実験用Webサイト】	https://doppel-domain.pages.dev/practice/ready	実験用Webサイトで最後に表示された「合言葉」を入力してください。（「被験者ID」は次の設問で入力します。）		221957	1232360481
10	221957	実験用Webサイトにアクセスして、メールアドレスを入力してください。 ##実験用Webサイトで最後に表示される「合言葉」と「被験者ID」は必ずメモしてください。			【実験用Webサイト】	https://doppel-domain.pages.dev/practice/ready	実験用Webサイトで最後に表示された「合言葉」を入力してください。（「被験者ID」は次の設問で入力します。）		221957##	1232951543
10	221957	実験用Webサイトにアクセスして、メールアドレスを入力してください。 ##実験用Webサイトで最後に表示される「合言葉」と「被験者ID」は必ずメモしてください。			【実験用Webサイト】	https://doppel-domain.pages.dev/practice/ready	実験用Webサイトで最後に表示された「合言葉」を入力してください。（「被験者ID」は次の設問で入力します。）		221957	1233063755
10	221957	実験用Webサイトにアクセスして、メールアドレスを入力してください。 ##実験用Webサイトで最後に表示される「合言葉」と「被験者ID」は必ずメモしてください。			【実験用Webサイト】	https://doppel-domain.pages.dev/practice/ready	実験用Webサイトで最後に表示された「合言葉」を入力してください。（「被験者ID」は次の設問で入力します。）		221957	1233428845
10	221957	実験用Webサイトにアクセスして、メールアドレスを入力してください。 ##実験用Webサイトで最後に表示される「合言葉」と「被験者ID」は必ずメモしてください。			【実験用Webサイト】	https://doppel-domain.pages.dev/practice/ready	実験用Webサイトで最後に表示された「合言葉」を入力してください。（「被験者ID」は次の設問で入力します。）		221957	1233438176
10	221957	実験用Webサイトにアクセスして、メールアドレスを入力してください。 ##実験用Webサイトで最後に表示される「合言葉」と「被験者ID」は必ずメモしてください。			【実験用Webサイト】	https://doppel-domain.pages.dev/practice/ready	実験用Webサイトで最後に表示された「合言葉」を入力してください。（「被験者ID」は次の設問で入力します。）		221957	1233586094
10	221957	実験用Webサイトにアクセスして、メールアドレスを入力してください。 ##実験用Webサイトで最後に表示される「合言葉」と「被験者ID」は必ずメモしてください。			【実験用Webサイト】	https://doppel-domain.pages.dev/practice/ready	実験用Webサイトで最後に表示された「合言葉」を入力してください。（「被験者ID」は次の設問で入力します。）		221957	1233586235
10	221957	実験用Webサイトにアクセスして、メールアドレスを入力してください。 ##実験用Webサイトで最後に表示される「合言葉」と「被験者ID」は必ずメモしてください。			【実験用Webサイト】	https://doppel-domain.pages.dev/practice/ready	実験用Webサイトで最後に表示された「合言葉」を入力してください。（「被験者ID」は次の設問で入力します。）		221957##	1233710759
10	221957	実験用Webサイトにアクセスして、メールアドレスを入力してください。 ##実験用Webサイトで最後に表示される「合言葉」と「被験者ID」は必ずメモしてください。			【実験用Webサイト】	https://doppel-domain.pages.dev/practice/ready	実験用Webサイトで最後に表示された「合言葉」を入力してください。（「被験者ID」は次の設問で入力します。）		221957	1234195341
10	221957	実験用Webサイトにアクセスして、メールアドレスを入力してください。 ##実験用Webサイトで最後に表示される「合言葉」と「被験者ID」は必ずメモしてください。			【実験用Webサイト】	https://doppel-domain.pages.dev/practice/ready	実験用Webサイトで最後に表示された「合言葉」を入力してください。（「被験者ID」は次の設問で入力します。）		221957	1234243235
10	221957	実験用Webサイトにアクセスして、メールアドレスを入力してください。 ##実験用Webサイトで最後に表示される「合言葉」と「被験者ID」は必ずメモしてください。			【実験用Webサイト】	https://doppel-domain.pages.dev/practice/ready	実験用Webサイトで最後に表示された「合言葉」を入力してください。（「被験者ID」は次の設問で入力します。）		221957	1234494227
10	221957	実験用Webサイトにアクセスして、メールアドレスを入力してください。 ##実験用Webサイトで最後に表示される「合言葉」と「被験者ID」は必ずメモしてください。			【実験用Webサイト】	https://doppel-domain.pages.dev/practice/ready	実験用Webサイトで最後に表示された「合言葉」を入力してください。（「被験者ID」は次の設問で入力します。）		221957	1234520776
10	221957	実験用Webサイトにアクセスして、メールアドレスを入力してください。 ##実験用Webサイトで最後に表示される「合言葉」と「被験者ID」は必ずメモしてください。			【実験用Webサイト】	https://doppel-domain.pages.dev/practice/ready	実験用Webサイトで最後に表示された「合言葉」を入力してください。（「被験者ID」は次の設問で入力します。）		221957	1234965726
10	221957	実験用Webサイトにアクセスして、メールアドレスを入力してください。 ##実験用Webサイトで最後に表示される「合言葉」と「被験者ID」は必ずメモしてください。			【実験用Webサイト】	https://doppel-domain.pages.dev/practice/ready	実験用Webサイトで最後に表示された「合言葉」を入力してください。（「被験者ID」は次の設問で入力します。）		221957	1235088193
10	221957	実験用Webサイトにアクセスして、メールアドレスを入力してください。 ##実験用Webサイトで最後に表示される「合言葉」と「被験者ID」は必ずメモしてください。			【実験用Webサイト】	https://doppel-domain.pages.dev/practice/ready	実験用Webサイトで最後に表示された「合言葉」を入力してください。（「被験者ID」は次の設問で入力します。）		221957	1235140770
10	221957	実験用Webサイトにアクセスして、メールアドレスを入力してください。 ##実験用Webサイトで最後に表示される「合言葉」と「被験者ID」は必ずメモしてください。			【実験用Webサイト】	https://doppel-domain.pages.dev/practice/ready	実験用Webサイトで最後に表示された「合言葉」を入力してください。（「被験者ID」は次の設問で入力します。）		221957##	1235181990
10	221957	実験用Webサイトにアクセスして、メールアドレスを入力してください。 ##実験用Webサイトで最後に表示される「合言葉」と「被験者ID」は必ずメモしてください。			【実験用Webサイト】	https://doppel-domain.pages.dev/practice/ready	実験用Webサイトで最後に表示された「合言葉」を入力してください。（「被験者ID」は次の設問で入力します。）		221957	1235321612
10	221957	実験用Webサイトにアクセスして、メールアドレスを入力してください。 ##実験用Webサイトで最後に表示される「合言葉」と「被験者ID」は必ずメモしてください。			【実験用Webサイト】	https://doppel-domain.pages.dev/practice/ready	実験用Webサイトで最後に表示された「合言葉」を入力してください。（「被験者ID」は次の設問で入力します。）		221957	1235756579
10	221957	実験用Webサイトにアクセスして、メールアドレスを入力してください。 ##実験用Webサイトで最後に表示される「合言葉」と「被験者ID」は必ずメモしてください。			【実験用Webサイト】	https://doppel-domain.pages.dev/practice/ready	実験用Webサイトで最後に表示された「合言葉」を入力してください。（「被験者ID」は次の設問で入力します。）		221957	1235854384
10	221957	実験用Webサイトにアクセスして、メールアドレスを入力してください。 ##実験用Webサイトで最後に表示される「合言葉」と「被験者ID」は必ずメモしてください。			【実験用Webサイト】	https://doppel-domain.pages.dev/practice/ready	実験用Webサイトで最後に表示された「合言葉」を入力してください。（「被験者ID」は次の設問で入力します。）		221957	1235856242
10	221957	実験用Webサイトにアクセスして、メールアドレスを入力してください。 ##実験用Webサイトで最後に表示される「合言葉」と「被験者ID」は必ずメモしてください。			【実験用Webサイト】	https://doppel-domain.pages.dev/practice/ready	実験用Webサイトで最後に表示された「合言葉」を入力してください。（「被験者ID」は次の設問で入力します。）		221957	1235992225
10	221957	実験用Webサイトにアクセスして、メールアドレスを入力してください。 ##実験用Webサイトで最後に表示される「合言葉」と「被験者ID」は必ずメモしてください。			【実験用Webサイト】	https://doppel-domain.pages.dev/practice/ready	実験用Webサイトで最後に表示された「合言葉」を入力してください。（「被験者ID」は次の設問で入力します。）		221957	1236084094
10	221957	実験用Webサイトにアクセスして、メールアドレスを入力してください。 ##実験用Webサイトで最後に表示される「合言葉」と「被験者ID」は必ずメモしてください。			【実験用Webサイト】	https://doppel-domain.pages.dev/practice/ready	実験用Webサイトで最後に表示された「合言葉」を入力してください。（「被験者ID」は次の設問で入力します。）		221957	1236149447
10	221957	実験用Webサイトにアクセスして、メールアドレスを入力してください。 ##実験用Webサイトで最後に表示される「合言葉」と「被験者ID」は必ずメモしてください。			【実験用Webサイト】	https://doppel-domain.pages.dev/practice/ready	実験用Webサイトで最後に表示された「合言葉」を入力してください。（「被験者ID」は次の設問で入力します。）		221957	1236230049
10	221957	実験用Webサイトにアクセスして、メールアドレスを入力してください。 ##実験用Webサイトで最後に表示される「合言葉」と「被験者ID」は必ずメモしてください。			【実験用Webサイト】	https://doppel-domain.pages.dev/practice/ready	実験用Webサイトで最後に表示された「合言葉」を入力してください。（「被験者ID」は次の設問で入力します。）		221957	1236251319
10	221957	実験用Webサイトにアクセスして、メールアドレスを入力してください。 ##実験用Webサイトで最後に表示される「合言葉」と「被験者ID」は必ずメモしてください。			【実験用Webサイト】	https://doppel-domain.pages.dev/practice/ready	実験用Webサイトで最後に表示された「合言葉」を入力してください。（「被験者ID」は次の設問で入力します。）		221957	1236295881
10	221957	実験用Webサイトにアクセスして、メールアドレスを入力してください。 ##実験用Webサイトで最後に表示される「合言葉」と「被験者ID」は必ずメモしてください。			【実験用Webサイト】	https://doppel-domain.pages.dev/practice/ready	実験用Webサイトで最後に表示された「合言葉」を入力してください。（「被験者ID」は次の設問で入力します。）		221957	1236448724
10	221957	実験用Webサイトにアクセスして、メールアドレスを入力してください。 ##実験用Webサイトで最後に表示される「合言葉」と「被験者ID」は必ずメモしてください。			【実験用Webサイト】	https://doppel-domain.pages.dev/practice/ready	実験用Webサイトで最後に表示された「合言葉」を入力してください。（「被験者ID」は次の設問で入力します。）		221957	1236673828
10	221957	実験用Webサイトにアクセスして、メールアドレスを入力してください。 ##実験用Webサイトで最後に表示される「合言葉」と「被験者ID」は必ずメモしてください。			【実験用Webサイト】	https://doppel-domain.pages.dev/practice/ready	実験用Webサイトで最後に表示された「合言葉」を入力してください。（「被験者ID」は次の設問で入力します。）		221957	1236745022
10	221957	実験用Webサイトにアクセスして、メールアドレスを入力してください。 ##実験用Webサイトで最後に表示される「合言葉」と「被験者ID」は必ずメモしてください。			【実験用Webサイト】	https://doppel-domain.pages.dev/practice/ready	実験用Webサイトで最後に表示された「合言葉」を入力してください。（「被験者ID」は次の設問で入力します。）		221957	1237226634
10	221957	実験用Webサイトにアクセスして、メールアドレスを入力してください。 ##実験用Webサイトで最後に表示される「合言葉」と「被験者ID」は必ずメモしてください。			【実験用Webサイト】	https://doppel-domain.pages.dev/practice/ready	実験用Webサイトで最後に表示された「合言葉」を入力してください。（「被験者ID」は次の設問で入力します。）		221957	1237715604
10	221957	実験用Webサイトにアクセスして、メールアドレスを入力してください。 ##実験用Webサイトで最後に表示される「合言葉」と「被験者ID」は必ずメモしてください。			【実験用Webサイト】	https://doppel-domain.pages.dev/practice/ready	実験用Webサイトで最後に表示された「合言葉」を入力してください。（「被験者ID」は次の設問で入力します。）		221957	1237718446
10	221957	実験用Webサイトにアクセスして、メールアドレスを入力してください。 ##実験用Webサイトで最後に表示される「合言葉」と「被験者ID」は必ずメモしてください。			【実験用Webサイト】	https://doppel-domain.pages.dev/practice/ready	実験用Webサイトで最後に表示された「合言葉」を入力してください。（「被験者ID」は次の設問で入力します。）		221957	1237792425
10	221957	実験用Webサイトにアクセスして、メールアドレスを入力してください。 ##実験用Webサイトで最後に表示される「合言葉」と「被験者ID」は必ずメモしてください。			【実験用Webサイト】	https://doppel-domain.pages.dev/practice/ready	実験用Webサイトで最後に表示された「合言葉」を入力してください。（「被験者ID」は次の設問で入力します。）		221957	1237834888
10	221957	実験用Webサイトにアクセスして、メールアドレスを入力してください。 ##実験用Webサイトで最後に表示される「合言葉」と「被験者ID」は必ずメモしてください。			【実験用Webサイト】	https://doppel-domain.pages.dev/practice/ready	実験用Webサイトで最後に表示された「合言葉」を入力してください。（「被験者ID」は次の設問で入力します。）		221957	1238400048
11		実験用Webサイトで最後に表示された「被験者ID」を入力してください。				W90NSr1u	1224938299
11		実験用Webサイトで最後に表示された「被験者ID」を入力してください。				2TY635PI	1225332765
11		実験用Webサイトで最後に表示された「被験者ID」を入力してください。				HuVr6tNr	1225976091
11		実験用Webサイトで最後に表示された「被験者ID」を入力してください。				TG1E1nNU	1226465241
11		実験用Webサイトで最後に表示された「被験者ID」を入力してください。				E7h9nxkH	1228421749
11		実験用Webサイトで最後に表示された「被験者ID」を入力してください。				7LdXvD25	1228854841
11		実験用Webサイトで最後に表示された「被験者ID」を入力してください。				njqCmfLs	1229294467
11		実験用Webサイトで最後に表示された「被験者ID」を入力してください。				SeIMJsMx	1229623487
11		実験用Webサイトで最後に表示された「被験者ID」を入力してください。				7LdXKD25	1229888563
11		実験用Webサイトで最後に表示された「被験者ID」を入力してください。				Y1ElHTJD	1230061334
11		実験用Webサイトで最後に表示された「被験者ID」を入力してください。				9tFuPqHA	1231245796
11		実験用Webサイトで最後に表示された「被験者ID」を入力してください。				0FTmgt07	1231289086
11		実験用Webサイトで最後に表示された「被験者ID」を入力してください。				aQtUtN7y	1231584953
11		実験用Webサイトで最後に表示された「被験者ID」を入力してください。				Km5FcQhe	1231833831
11		実験用Webサイトで最後に表示された「被験者ID」を入力してください。				AlszK16v	1232170440
11		実験用Webサイトで最後に表示された「被験者ID」を入力してください。				pIkMOl3J	1232360481
11		実験用Webサイトで最後に表示された「被験者ID」を入力してください。				fa9zyW1V	1232951543
11		実験用Webサイトで最後に表示された「被験者ID」を入力してください。				CRSzLrQD	1233063755
11		実験用Webサイトで最後に表示された「被験者ID」を入力してください。				qw3FL14c	1233428845
11		実験用Webサイトで最後に表示された「被験者ID」を入力してください。				mHxJd3L3	1233438176
11		実験用Webサイトで最後に表示された「被験者ID」を入力してください。				3fWfcpP1	1233586094
11		実験用Webサイトで最後に表示された「被験者ID」を入力してください。				W90EZr1u	1233586235
11		実験用Webサイトで最後に表示された「被験者ID」を入力してください。				ysrPD339	1233710759
11		実験用Webサイトで最後に表示された「被験者ID」を入力してください。				iZD71f7l	1234195341
11		実験用Webサイトで最後に表示された「被験者ID」を入力してください。				TG1EKnNU	1234243235
11		実験用Webサイトで最後に表示された「被験者ID」を入力してください。				3fWcfpP1	1234494227
11		実験用Webサイトで最後に表示された「被験者ID」を入力してください。				tAyF5JcV	1234520776
11		実験用Webサイトで最後に表示された「被験者ID」を入力してください。				MBnRYyn8	1234965726
11		実験用Webサイトで最後に表示された「被験者ID」を入力してください。				5xQRHZjz	1235088193
11		実験用Webサイトで最後に表示された「被験者ID」を入力してください。				B4jL6oQM	1235140770
11		実験用Webサイトで最後に表示された「被験者ID」を入力してください。				xVoNZCyM	1235181990
11		実験用Webサイトで最後に表示された「被験者ID」を入力してください。				dp4tywPg	1235321612
11		実験用Webサイトで最後に表示された「被験者ID」を入力してください。				4kOpglA2	1235756579
11		実験用Webサイトで最後に表示された「被験者ID」を入力してください。				OKJcrLdf	1235854384
11		実験用Webサイトで最後に表示された「被験者ID」を入力してください。				kvKVaTER	1235856242
11		実験用Webサイトで最後に表示された「被験者ID」を入力してください。				si8najWd	1235992225
11		実験用Webサイトで最後に表示された「被験者ID」を入力してください。				J5azQELP	1236084094
11		実験用Webサイトで最後に表示された「被験者ID」を入力してください。				eN6VBl3G	1236149447
11		実験用Webサイトで最後に表示された「被験者ID」を入力してください。				RPewKN9O	1236230049
11		実験用Webサイトで最後に表示された「被験者ID」を入力してください。				RPey2N9O	1236251319
11		実験用Webサイトで最後に表示された「被験者ID」を入力してください。				vgmUUzqs	1236295881
11		実験用Webサイトで最後に表示された「被験者ID」を入力してください。				GrUYscaj	1236448724
11		実験用Webサイトで最後に表示された「被験者ID」を入力してください。				UCL9dW93	1236673828
11		実験用Webサイトで最後に表示された「被験者ID」を入力してください。				qw3d214c	1236745022
11		実験用Webサイトで最後に表示された「被験者ID」を入力してください。				hdB5mv2r	1237226634
11		実験用Webサイトで最後に表示された「被験者ID」を入力してください。				1U7srLsE	1237715604
11		実験用Webサイトで最後に表示された「被験者ID」を入力してください。				Y1EGnTJD	1237718446
11		実験用Webサイトで最後に表示された「被験者ID」を入力してください。				8DRE70Ym	1237792425
11		実験用Webサイトで最後に表示された「被験者ID」を入力してください。				r8CCIlrk	1237834888
11		実験用Webサイトで最後に表示された「被験者ID」を入力してください。				dp46ZwPg	1238400048
12		今回の実験に関する、ご意見・ご指摘等がありましたら教えてください。					1224938299
12		今回の実験に関する、ご意見・ご指摘等がありましたら教えてください。				いつもはするメール宛先のスペルチェックをする時間がなかった	1225332765
12		今回の実験に関する、ご意見・ご指摘等がありましたら教えてください。					1225976091
12		今回の実験に関する、ご意見・ご指摘等がありましたら教えてください。					1226465241
12		今回の実験に関する、ご意見・ご指摘等がありましたら教えてください。					1228421749
12		今回の実験に関する、ご意見・ご指摘等がありましたら教えてください。				難しかった	1228854841
12		今回の実験に関する、ご意見・ご指摘等がありましたら教えてください。				入力は苦手	1229294467
12		今回の実験に関する、ご意見・ご指摘等がありましたら教えてください。				バックスペースキーで前に１度確定入力したメアドが全消失するのは萎えました	1229623487
12		今回の実験に関する、ご意見・ご指摘等がありましたら教えてください。					1229888563
12		今回の実験に関する、ご意見・ご指摘等がありましたら教えてください。					1230061334
12		今回の実験に関する、ご意見・ご指摘等がありましたら教えてください。				動画があって、実験の流れが分かりやすかったです。##実験は、普段メールアドレスを入力する時に、こんなに追い立てられるように入力をすることがないので、妙に焦りました。	1231245796
12		今回の実験に関する、ご意見・ご指摘等がありましたら教えてください。				思ったより時間がかかりました	1231289086
12		今回の実験に関する、ご意見・ご指摘等がありましたら教えてください。					1231584953
12		今回の実験に関する、ご意見・ご指摘等がありましたら教えてください。				時間が足りなくて、よく確認してから送信という作業ができなかった。	1231833831
12		今回の実験に関する、ご意見・ご指摘等がありましたら教えてください。				日頃からタイプミスが多く緊張しました。ありがとうございました。	1232170440
12		今回の実験に関する、ご意見・ご指摘等がありましたら教えてください。					1232360481
12		今回の実験に関する、ご意見・ご指摘等がありましたら教えてください。					1232951543
12		今回の実験に関する、ご意見・ご指摘等がありましたら教えてください。					1233063755
12		今回の実験に関する、ご意見・ご指摘等がありましたら教えてください。					1233428845
12		今回の実験に関する、ご意見・ご指摘等がありましたら教えてください。					1233438176
12		今回の実験に関する、ご意見・ご指摘等がありましたら教えてください。				作業量に対して報酬が少なすぎる。	1233586094
12		今回の実験に関する、ご意見・ご指摘等がありましたら教えてください。					1233586235
12		今回の実験に関する、ご意見・ご指摘等がありましたら教えてください。				特になし	1233710759
12		今回の実験に関する、ご意見・ご指摘等がありましたら教えてください。				入力時はものすごく焦りました。	1234195341
12		今回の実験に関する、ご意見・ご指摘等がありましたら教えてください。				とても手間取りました	1234243235
12		今回の実験に関する、ご意見・ご指摘等がありましたら教えてください。				特になし。	1234494227
12		今回の実験に関する、ご意見・ご指摘等がありましたら教えてください。				今後ともよろしくお願いいたします。	1234520776
12		今回の実験に関する、ご意見・ご指摘等がありましたら教えてください。					1234965726
12		今回の実験に関する、ご意見・ご指摘等がありましたら教えてください。				難しかった	1235088193
12		今回の実験に関する、ご意見・ご指摘等がありましたら教えてください。					1235140770
12		今回の実験に関する、ご意見・ご指摘等がありましたら教えてください。					1235181990
12		今回の実験に関する、ご意見・ご指摘等がありましたら教えてください。					1235321612
12		今回の実験に関する、ご意見・ご指摘等がありましたら教えてください。				コピーして普段メアドは打つので面倒だった	1235756579
12		今回の実験に関する、ご意見・ご指摘等がありましたら教えてください。					1235854384
12		今回の実験に関する、ご意見・ご指摘等がありましたら教えてください。				時間に追われてなかなかうまくいきませんでした。すみません。	1235856242
12		今回の実験に関する、ご意見・ご指摘等がありましたら教えてください。					1235992225
12		今回の実験に関する、ご意見・ご指摘等がありましたら教えてください。				時間制限があるので緊張感もあり、入力するので精いっぱいで見返す（確認）する時間がなかった。	1236084094
12		今回の実験に関する、ご意見・ご指摘等がありましたら教えてください。					1236149447
12		今回の実験に関する、ご意見・ご指摘等がありましたら教えてください。					1236230049
12		今回の実験に関する、ご意見・ご指摘等がありましたら教えてください。				焦るけど、面白かった。	1236251319
12		今回の実験に関する、ご意見・ご指摘等がありましたら教えてください。				焦ってうまくできなかった	1236295881
12		今回の実験に関する、ご意見・ご指摘等がありましたら教えてください。					1236448724
12		今回の実験に関する、ご意見・ご指摘等がありましたら教えてください。					1236673828
12		今回の実験に関する、ご意見・ご指摘等がありましたら教えてください。					1236745022
12		今回の実験に関する、ご意見・ご指摘等がありましたら教えてください。				特にないです。	1237226634
12		今回の実験に関する、ご意見・ご指摘等がありましたら教えてください。				報酬と作業量が見合ってないと思いました。	1237715604
12		今回の実験に関する、ご意見・ご指摘等がありましたら教えてください。				大変でした。	1237718446
12		今回の実験に関する、ご意見・ご指摘等がありましたら教えてください。					1237792425
12		今回の実験に関する、ご意見・ご指摘等がありましたら教えてください。					1237834888
12		今回の実験に関する、ご意見・ご指摘等がありましたら教えてください。				時間がなくなってきた時の赤い警告表示は心理的に焦りを助長させあまりいいとは思わなかった。	1238400048
