1		本実験の対象者となる条件をすべて満たしていますか？##○ 先日実施した「【Outlook経験あり・パソコン限定】メールアドレス入力実験」のタスクに参加していない（先日補償対象となった方は例外として参加可能です）##○ 年齢が18歳以上の女性##○ 日本語の読み書きに堪能##○ PCでOutlookを使用したメール送信経験あり##○ 約30分を確実に確保でき、課題に集中可能な環境がある##○ 安定したインターネット環境があり、必須環境を用意できる##○ 本実験に関する説明文書に同意する##○ 「実験参加の前に行なっていただきたい作業」が完了している	はい@いいえ	はい	1225471768
1		本実験の対象者となる条件をすべて満たしていますか？##○ 先日実施した「【Outlook経験あり・パソコン限定】メールアドレス入力実験」のタスクに参加していない（先日補償対象となった方は例外として参加可能です）##○ 年齢が18歳以上の女性##○ 日本語の読み書きに堪能##○ PCでOutlookを使用したメール送信経験あり##○ 約30分を確実に確保でき、課題に集中可能な環境がある##○ 安定したインターネット環境があり、必須環境を用意できる##○ 本実験に関する説明文書に同意する##○ 「実験参加の前に行なっていただきたい作業」が完了している	はい@いいえ	はい	1225591370
1		本実験の対象者となる条件をすべて満たしていますか？##○ 先日実施した「【Outlook経験あり・パソコン限定】メールアドレス入力実験」のタスクに参加していない（先日補償対象となった方は例外として参加可能です）##○ 年齢が18歳以上の女性##○ 日本語の読み書きに堪能##○ PCでOutlookを使用したメール送信経験あり##○ 約30分を確実に確保でき、課題に集中可能な環境がある##○ 安定したインターネット環境があり、必須環境を用意できる##○ 本実験に関する説明文書に同意する##○ 「実験参加の前に行なっていただきたい作業」が完了している	はい@いいえ	はい	1225934144
1		本実験の対象者となる条件をすべて満たしていますか？##○ 先日実施した「【Outlook経験あり・パソコン限定】メールアドレス入力実験」のタスクに参加していない（先日補償対象となった方は例外として参加可能です）##○ 年齢が18歳以上の女性##○ 日本語の読み書きに堪能##○ PCでOutlookを使用したメール送信経験あり##○ 約30分を確実に確保でき、課題に集中可能な環境がある##○ 安定したインターネット環境があり、必須環境を用意できる##○ 本実験に関する説明文書に同意する##○ 「実験参加の前に行なっていただきたい作業」が完了している	はい@いいえ	はい	1226283432
1		本実験の対象者となる条件をすべて満たしていますか？##○ 先日実施した「【Outlook経験あり・パソコン限定】メールアドレス入力実験」のタスクに参加していない（先日補償対象となった方は例外として参加可能です）##○ 年齢が18歳以上の女性##○ 日本語の読み書きに堪能##○ PCでOutlookを使用したメール送信経験あり##○ 約30分を確実に確保でき、課題に集中可能な環境がある##○ 安定したインターネット環境があり、必須環境を用意できる##○ 本実験に関する説明文書に同意する##○ 「実験参加の前に行なっていただきたい作業」が完了している	はい@いいえ	はい	1227217894
1		本実験の対象者となる条件をすべて満たしていますか？##○ 先日実施した「【Outlook経験あり・パソコン限定】メールアドレス入力実験」のタスクに参加していない（先日補償対象となった方は例外として参加可能です）##○ 年齢が18歳以上の女性##○ 日本語の読み書きに堪能##○ PCでOutlookを使用したメール送信経験あり##○ 約30分を確実に確保でき、課題に集中可能な環境がある##○ 安定したインターネット環境があり、必須環境を用意できる##○ 本実験に関する説明文書に同意する##○ 「実験参加の前に行なっていただきたい作業」が完了している	はい@いいえ	はい	1227394464
1		本実験の対象者となる条件をすべて満たしていますか？##○ 先日実施した「【Outlook経験あり・パソコン限定】メールアドレス入力実験」のタスクに参加していない（先日補償対象となった方は例外として参加可能です）##○ 年齢が18歳以上の女性##○ 日本語の読み書きに堪能##○ PCでOutlookを使用したメール送信経験あり##○ 約30分を確実に確保でき、課題に集中可能な環境がある##○ 安定したインターネット環境があり、必須環境を用意できる##○ 本実験に関する説明文書に同意する##○ 「実験参加の前に行なっていただきたい作業」が完了している	はい@いいえ	はい	1227445043
1		本実験の対象者となる条件をすべて満たしていますか？##○ 先日実施した「【Outlook経験あり・パソコン限定】メールアドレス入力実験」のタスクに参加していない（先日補償対象となった方は例外として参加可能です）##○ 年齢が18歳以上の女性##○ 日本語の読み書きに堪能##○ PCでOutlookを使用したメール送信経験あり##○ 約30分を確実に確保でき、課題に集中可能な環境がある##○ 安定したインターネット環境があり、必須環境を用意できる##○ 本実験に関する説明文書に同意する##○ 「実験参加の前に行なっていただきたい作業」が完了している	はい@いいえ	はい	1227450793
1		本実験の対象者となる条件をすべて満たしていますか？##○ 先日実施した「【Outlook経験あり・パソコン限定】メールアドレス入力実験」のタスクに参加していない（先日補償対象となった方は例外として参加可能です）##○ 年齢が18歳以上の女性##○ 日本語の読み書きに堪能##○ PCでOutlookを使用したメール送信経験あり##○ 約30分を確実に確保でき、課題に集中可能な環境がある##○ 安定したインターネット環境があり、必須環境を用意できる##○ 本実験に関する説明文書に同意する##○ 「実験参加の前に行なっていただきたい作業」が完了している	はい@いいえ	はい	1227521088
1		本実験の対象者となる条件をすべて満たしていますか？##○ 先日実施した「【Outlook経験あり・パソコン限定】メールアドレス入力実験」のタスクに参加していない（先日補償対象となった方は例外として参加可能です）##○ 年齢が18歳以上の女性##○ 日本語の読み書きに堪能##○ PCでOutlookを使用したメール送信経験あり##○ 約30分を確実に確保でき、課題に集中可能な環境がある##○ 安定したインターネット環境があり、必須環境を用意できる##○ 本実験に関する説明文書に同意する##○ 「実験参加の前に行なっていただきたい作業」が完了している	はい@いいえ	はい	1228257169
1		本実験の対象者となる条件をすべて満たしていますか？##○ 先日実施した「【Outlook経験あり・パソコン限定】メールアドレス入力実験」のタスクに参加していない（先日補償対象となった方は例外として参加可能です）##○ 年齢が18歳以上の女性##○ 日本語の読み書きに堪能##○ PCでOutlookを使用したメール送信経験あり##○ 約30分を確実に確保でき、課題に集中可能な環境がある##○ 安定したインターネット環境があり、必須環境を用意できる##○ 本実験に関する説明文書に同意する##○ 「実験参加の前に行なっていただきたい作業」が完了している	はい@いいえ	はい	1228465245
1		本実験の対象者となる条件をすべて満たしていますか？##○ 先日実施した「【Outlook経験あり・パソコン限定】メールアドレス入力実験」のタスクに参加していない（先日補償対象となった方は例外として参加可能です）##○ 年齢が18歳以上の女性##○ 日本語の読み書きに堪能##○ PCでOutlookを使用したメール送信経験あり##○ 約30分を確実に確保でき、課題に集中可能な環境がある##○ 安定したインターネット環境があり、必須環境を用意できる##○ 本実験に関する説明文書に同意する##○ 「実験参加の前に行なっていただきたい作業」が完了している	はい@いいえ	はい	1229449382
1		本実験の対象者となる条件をすべて満たしていますか？##○ 先日実施した「【Outlook経験あり・パソコン限定】メールアドレス入力実験」のタスクに参加していない（先日補償対象となった方は例外として参加可能です）##○ 年齢が18歳以上の女性##○ 日本語の読み書きに堪能##○ PCでOutlookを使用したメール送信経験あり##○ 約30分を確実に確保でき、課題に集中可能な環境がある##○ 安定したインターネット環境があり、必須環境を用意できる##○ 本実験に関する説明文書に同意する##○ 「実験参加の前に行なっていただきたい作業」が完了している	はい@いいえ	はい	1229595611
1		本実験の対象者となる条件をすべて満たしていますか？##○ 先日実施した「【Outlook経験あり・パソコン限定】メールアドレス入力実験」のタスクに参加していない（先日補償対象となった方は例外として参加可能です）##○ 年齢が18歳以上の女性##○ 日本語の読み書きに堪能##○ PCでOutlookを使用したメール送信経験あり##○ 約30分を確実に確保でき、課題に集中可能な環境がある##○ 安定したインターネット環境があり、必須環境を用意できる##○ 本実験に関する説明文書に同意する##○ 「実験参加の前に行なっていただきたい作業」が完了している	はい@いいえ	はい	1229723967
1		本実験の対象者となる条件をすべて満たしていますか？##○ 先日実施した「【Outlook経験あり・パソコン限定】メールアドレス入力実験」のタスクに参加していない（先日補償対象となった方は例外として参加可能です）##○ 年齢が18歳以上の女性##○ 日本語の読み書きに堪能##○ PCでOutlookを使用したメール送信経験あり##○ 約30分を確実に確保でき、課題に集中可能な環境がある##○ 安定したインターネット環境があり、必須環境を用意できる##○ 本実験に関する説明文書に同意する##○ 「実験参加の前に行なっていただきたい作業」が完了している	はい@いいえ	はい	1230616746
1		本実験の対象者となる条件をすべて満たしていますか？##○ 先日実施した「【Outlook経験あり・パソコン限定】メールアドレス入力実験」のタスクに参加していない（先日補償対象となった方は例外として参加可能です）##○ 年齢が18歳以上の女性##○ 日本語の読み書きに堪能##○ PCでOutlookを使用したメール送信経験あり##○ 約30分を確実に確保でき、課題に集中可能な環境がある##○ 安定したインターネット環境があり、必須環境を用意できる##○ 本実験に関する説明文書に同意する##○ 「実験参加の前に行なっていただきたい作業」が完了している	はい@いいえ	はい	1230633211
1		本実験の対象者となる条件をすべて満たしていますか？##○ 先日実施した「【Outlook経験あり・パソコン限定】メールアドレス入力実験」のタスクに参加していない（先日補償対象となった方は例外として参加可能です）##○ 年齢が18歳以上の女性##○ 日本語の読み書きに堪能##○ PCでOutlookを使用したメール送信経験あり##○ 約30分を確実に確保でき、課題に集中可能な環境がある##○ 安定したインターネット環境があり、必須環境を用意できる##○ 本実験に関する説明文書に同意する##○ 「実験参加の前に行なっていただきたい作業」が完了している	はい@いいえ	はい	1230659682
1		本実験の対象者となる条件をすべて満たしていますか？##○ 先日実施した「【Outlook経験あり・パソコン限定】メールアドレス入力実験」のタスクに参加していない（先日補償対象となった方は例外として参加可能です）##○ 年齢が18歳以上の女性##○ 日本語の読み書きに堪能##○ PCでOutlookを使用したメール送信経験あり##○ 約30分を確実に確保でき、課題に集中可能な環境がある##○ 安定したインターネット環境があり、必須環境を用意できる##○ 本実験に関する説明文書に同意する##○ 「実験参加の前に行なっていただきたい作業」が完了している	はい@いいえ	はい	1230831043
1		本実験の対象者となる条件をすべて満たしていますか？##○ 先日実施した「【Outlook経験あり・パソコン限定】メールアドレス入力実験」のタスクに参加していない（先日補償対象となった方は例外として参加可能です）##○ 年齢が18歳以上の女性##○ 日本語の読み書きに堪能##○ PCでOutlookを使用したメール送信経験あり##○ 約30分を確実に確保でき、課題に集中可能な環境がある##○ 安定したインターネット環境があり、必須環境を用意できる##○ 本実験に関する説明文書に同意する##○ 「実験参加の前に行なっていただきたい作業」が完了している	はい@いいえ	はい	1231005377
1		本実験の対象者となる条件をすべて満たしていますか？##○ 先日実施した「【Outlook経験あり・パソコン限定】メールアドレス入力実験」のタスクに参加していない（先日補償対象となった方は例外として参加可能です）##○ 年齢が18歳以上の女性##○ 日本語の読み書きに堪能##○ PCでOutlookを使用したメール送信経験あり##○ 約30分を確実に確保でき、課題に集中可能な環境がある##○ 安定したインターネット環境があり、必須環境を用意できる##○ 本実験に関する説明文書に同意する##○ 「実験参加の前に行なっていただきたい作業」が完了している	はい@いいえ	はい	1231219713
1		本実験の対象者となる条件をすべて満たしていますか？##○ 先日実施した「【Outlook経験あり・パソコン限定】メールアドレス入力実験」のタスクに参加していない（先日補償対象となった方は例外として参加可能です）##○ 年齢が18歳以上の女性##○ 日本語の読み書きに堪能##○ PCでOutlookを使用したメール送信経験あり##○ 約30分を確実に確保でき、課題に集中可能な環境がある##○ 安定したインターネット環境があり、必須環境を用意できる##○ 本実験に関する説明文書に同意する##○ 「実験参加の前に行なっていただきたい作業」が完了している	はい@いいえ	はい	1231343522
1		本実験の対象者となる条件をすべて満たしていますか？##○ 先日実施した「【Outlook経験あり・パソコン限定】メールアドレス入力実験」のタスクに参加していない（先日補償対象となった方は例外として参加可能です）##○ 年齢が18歳以上の女性##○ 日本語の読み書きに堪能##○ PCでOutlookを使用したメール送信経験あり##○ 約30分を確実に確保でき、課題に集中可能な環境がある##○ 安定したインターネット環境があり、必須環境を用意できる##○ 本実験に関する説明文書に同意する##○ 「実験参加の前に行なっていただきたい作業」が完了している	はい@いいえ	はい	1231433995
1		本実験の対象者となる条件をすべて満たしていますか？##○ 先日実施した「【Outlook経験あり・パソコン限定】メールアドレス入力実験」のタスクに参加していない（先日補償対象となった方は例外として参加可能です）##○ 年齢が18歳以上の女性##○ 日本語の読み書きに堪能##○ PCでOutlookを使用したメール送信経験あり##○ 約30分を確実に確保でき、課題に集中可能な環境がある##○ 安定したインターネット環境があり、必須環境を用意できる##○ 本実験に関する説明文書に同意する##○ 「実験参加の前に行なっていただきたい作業」が完了している	はい@いいえ	はい	1231551172
1		本実験の対象者となる条件をすべて満たしていますか？##○ 先日実施した「【Outlook経験あり・パソコン限定】メールアドレス入力実験」のタスクに参加していない（先日補償対象となった方は例外として参加可能です）##○ 年齢が18歳以上の女性##○ 日本語の読み書きに堪能##○ PCでOutlookを使用したメール送信経験あり##○ 約30分を確実に確保でき、課題に集中可能な環境がある##○ 安定したインターネット環境があり、必須環境を用意できる##○ 本実験に関する説明文書に同意する##○ 「実験参加の前に行なっていただきたい作業」が完了している	はい@いいえ	はい	1231576912
1		本実験の対象者となる条件をすべて満たしていますか？##○ 先日実施した「【Outlook経験あり・パソコン限定】メールアドレス入力実験」のタスクに参加していない（先日補償対象となった方は例外として参加可能です）##○ 年齢が18歳以上の女性##○ 日本語の読み書きに堪能##○ PCでOutlookを使用したメール送信経験あり##○ 約30分を確実に確保でき、課題に集中可能な環境がある##○ 安定したインターネット環境があり、必須環境を用意できる##○ 本実験に関する説明文書に同意する##○ 「実験参加の前に行なっていただきたい作業」が完了している	はい@いいえ	はい	1231913695
1		本実験の対象者となる条件をすべて満たしていますか？##○ 先日実施した「【Outlook経験あり・パソコン限定】メールアドレス入力実験」のタスクに参加していない（先日補償対象となった方は例外として参加可能です）##○ 年齢が18歳以上の女性##○ 日本語の読み書きに堪能##○ PCでOutlookを使用したメール送信経験あり##○ 約30分を確実に確保でき、課題に集中可能な環境がある##○ 安定したインターネット環境があり、必須環境を用意できる##○ 本実験に関する説明文書に同意する##○ 「実験参加の前に行なっていただきたい作業」が完了している	はい@いいえ	はい	1232079946
1		本実験の対象者となる条件をすべて満たしていますか？##○ 先日実施した「【Outlook経験あり・パソコン限定】メールアドレス入力実験」のタスクに参加していない（先日補償対象となった方は例外として参加可能です）##○ 年齢が18歳以上の女性##○ 日本語の読み書きに堪能##○ PCでOutlookを使用したメール送信経験あり##○ 約30分を確実に確保でき、課題に集中可能な環境がある##○ 安定したインターネット環境があり、必須環境を用意できる##○ 本実験に関する説明文書に同意する##○ 「実験参加の前に行なっていただきたい作業」が完了している	はい@いいえ	はい	1232116825
1		本実験の対象者となる条件をすべて満たしていますか？##○ 先日実施した「【Outlook経験あり・パソコン限定】メールアドレス入力実験」のタスクに参加していない（先日補償対象となった方は例外として参加可能です）##○ 年齢が18歳以上の女性##○ 日本語の読み書きに堪能##○ PCでOutlookを使用したメール送信経験あり##○ 約30分を確実に確保でき、課題に集中可能な環境がある##○ 安定したインターネット環境があり、必須環境を用意できる##○ 本実験に関する説明文書に同意する##○ 「実験参加の前に行なっていただきたい作業」が完了している	はい@いいえ	はい	1232133665
1		本実験の対象者となる条件をすべて満たしていますか？##○ 先日実施した「【Outlook経験あり・パソコン限定】メールアドレス入力実験」のタスクに参加していない（先日補償対象となった方は例外として参加可能です）##○ 年齢が18歳以上の女性##○ 日本語の読み書きに堪能##○ PCでOutlookを使用したメール送信経験あり##○ 約30分を確実に確保でき、課題に集中可能な環境がある##○ 安定したインターネット環境があり、必須環境を用意できる##○ 本実験に関する説明文書に同意する##○ 「実験参加の前に行なっていただきたい作業」が完了している	はい@いいえ	はい	1232235701
1		本実験の対象者となる条件をすべて満たしていますか？##○ 先日実施した「【Outlook経験あり・パソコン限定】メールアドレス入力実験」のタスクに参加していない（先日補償対象となった方は例外として参加可能です）##○ 年齢が18歳以上の女性##○ 日本語の読み書きに堪能##○ PCでOutlookを使用したメール送信経験あり##○ 約30分を確実に確保でき、課題に集中可能な環境がある##○ 安定したインターネット環境があり、必須環境を用意できる##○ 本実験に関する説明文書に同意する##○ 「実験参加の前に行なっていただきたい作業」が完了している	はい@いいえ	はい	1233034245
1		本実験の対象者となる条件をすべて満たしていますか？##○ 先日実施した「【Outlook経験あり・パソコン限定】メールアドレス入力実験」のタスクに参加していない（先日補償対象となった方は例外として参加可能です）##○ 年齢が18歳以上の女性##○ 日本語の読み書きに堪能##○ PCでOutlookを使用したメール送信経験あり##○ 約30分を確実に確保でき、課題に集中可能な環境がある##○ 安定したインターネット環境があり、必須環境を用意できる##○ 本実験に関する説明文書に同意する##○ 「実験参加の前に行なっていただきたい作業」が完了している	はい@いいえ	はい	1233158676
1		本実験の対象者となる条件をすべて満たしていますか？##○ 先日実施した「【Outlook経験あり・パソコン限定】メールアドレス入力実験」のタスクに参加していない（先日補償対象となった方は例外として参加可能です）##○ 年齢が18歳以上の女性##○ 日本語の読み書きに堪能##○ PCでOutlookを使用したメール送信経験あり##○ 約30分を確実に確保でき、課題に集中可能な環境がある##○ 安定したインターネット環境があり、必須環境を用意できる##○ 本実験に関する説明文書に同意する##○ 「実験参加の前に行なっていただきたい作業」が完了している	はい@いいえ	はい	1233319755
1		本実験の対象者となる条件をすべて満たしていますか？##○ 先日実施した「【Outlook経験あり・パソコン限定】メールアドレス入力実験」のタスクに参加していない（先日補償対象となった方は例外として参加可能です）##○ 年齢が18歳以上の女性##○ 日本語の読み書きに堪能##○ PCでOutlookを使用したメール送信経験あり##○ 約30分を確実に確保でき、課題に集中可能な環境がある##○ 安定したインターネット環境があり、必須環境を用意できる##○ 本実験に関する説明文書に同意する##○ 「実験参加の前に行なっていただきたい作業」が完了している	はい@いいえ	はい	1233865950
1		本実験の対象者となる条件をすべて満たしていますか？##○ 先日実施した「【Outlook経験あり・パソコン限定】メールアドレス入力実験」のタスクに参加していない（先日補償対象となった方は例外として参加可能です）##○ 年齢が18歳以上の女性##○ 日本語の読み書きに堪能##○ PCでOutlookを使用したメール送信経験あり##○ 約30分を確実に確保でき、課題に集中可能な環境がある##○ 安定したインターネット環境があり、必須環境を用意できる##○ 本実験に関する説明文書に同意する##○ 「実験参加の前に行なっていただきたい作業」が完了している	はい@いいえ	はい	1234111828
1		本実験の対象者となる条件をすべて満たしていますか？##○ 先日実施した「【Outlook経験あり・パソコン限定】メールアドレス入力実験」のタスクに参加していない（先日補償対象となった方は例外として参加可能です）##○ 年齢が18歳以上の女性##○ 日本語の読み書きに堪能##○ PCでOutlookを使用したメール送信経験あり##○ 約30分を確実に確保でき、課題に集中可能な環境がある##○ 安定したインターネット環境があり、必須環境を用意できる##○ 本実験に関する説明文書に同意する##○ 「実験参加の前に行なっていただきたい作業」が完了している	はい@いいえ	はい	1235470191
1		本実験の対象者となる条件をすべて満たしていますか？##○ 先日実施した「【Outlook経験あり・パソコン限定】メールアドレス入力実験」のタスクに参加していない（先日補償対象となった方は例外として参加可能です）##○ 年齢が18歳以上の女性##○ 日本語の読み書きに堪能##○ PCでOutlookを使用したメール送信経験あり##○ 約30分を確実に確保でき、課題に集中可能な環境がある##○ 安定したインターネット環境があり、必須環境を用意できる##○ 本実験に関する説明文書に同意する##○ 「実験参加の前に行なっていただきたい作業」が完了している	はい@いいえ	はい	1235799495
1		本実験の対象者となる条件をすべて満たしていますか？##○ 先日実施した「【Outlook経験あり・パソコン限定】メールアドレス入力実験」のタスクに参加していない（先日補償対象となった方は例外として参加可能です）##○ 年齢が18歳以上の女性##○ 日本語の読み書きに堪能##○ PCでOutlookを使用したメール送信経験あり##○ 約30分を確実に確保でき、課題に集中可能な環境がある##○ 安定したインターネット環境があり、必須環境を用意できる##○ 本実験に関する説明文書に同意する##○ 「実験参加の前に行なっていただきたい作業」が完了している	はい@いいえ	はい	1236783983
1		本実験の対象者となる条件をすべて満たしていますか？##○ 先日実施した「【Outlook経験あり・パソコン限定】メールアドレス入力実験」のタスクに参加していない（先日補償対象となった方は例外として参加可能です）##○ 年齢が18歳以上の女性##○ 日本語の読み書きに堪能##○ PCでOutlookを使用したメール送信経験あり##○ 約30分を確実に確保でき、課題に集中可能な環境がある##○ 安定したインターネット環境があり、必須環境を用意できる##○ 本実験に関する説明文書に同意する##○ 「実験参加の前に行なっていただきたい作業」が完了している	はい@いいえ	はい	1237116025
1		本実験の対象者となる条件をすべて満たしていますか？##○ 先日実施した「【Outlook経験あり・パソコン限定】メールアドレス入力実験」のタスクに参加していない（先日補償対象となった方は例外として参加可能です）##○ 年齢が18歳以上の女性##○ 日本語の読み書きに堪能##○ PCでOutlookを使用したメール送信経験あり##○ 約30分を確実に確保でき、課題に集中可能な環境がある##○ 安定したインターネット環境があり、必須環境を用意できる##○ 本実験に関する説明文書に同意する##○ 「実験参加の前に行なっていただきたい作業」が完了している	はい@いいえ	はい	1237226997
1		本実験の対象者となる条件をすべて満たしていますか？##○ 先日実施した「【Outlook経験あり・パソコン限定】メールアドレス入力実験」のタスクに参加していない（先日補償対象となった方は例外として参加可能です）##○ 年齢が18歳以上の女性##○ 日本語の読み書きに堪能##○ PCでOutlookを使用したメール送信経験あり##○ 約30分を確実に確保でき、課題に集中可能な環境がある##○ 安定したインターネット環境があり、必須環境を用意できる##○ 本実験に関する説明文書に同意する##○ 「実験参加の前に行なっていただきたい作業」が完了している	はい@いいえ	はい	1237379785
1		本実験の対象者となる条件をすべて満たしていますか？##○ 先日実施した「【Outlook経験あり・パソコン限定】メールアドレス入力実験」のタスクに参加していない（先日補償対象となった方は例外として参加可能です）##○ 年齢が18歳以上の女性##○ 日本語の読み書きに堪能##○ PCでOutlookを使用したメール送信経験あり##○ 約30分を確実に確保でき、課題に集中可能な環境がある##○ 安定したインターネット環境があり、必須環境を用意できる##○ 本実験に関する説明文書に同意する##○ 「実験参加の前に行なっていただきたい作業」が完了している	はい@いいえ	はい	1237735357
1		本実験の対象者となる条件をすべて満たしていますか？##○ 先日実施した「【Outlook経験あり・パソコン限定】メールアドレス入力実験」のタスクに参加していない（先日補償対象となった方は例外として参加可能です）##○ 年齢が18歳以上の女性##○ 日本語の読み書きに堪能##○ PCでOutlookを使用したメール送信経験あり##○ 約30分を確実に確保でき、課題に集中可能な環境がある##○ 安定したインターネット環境があり、必須環境を用意できる##○ 本実験に関する説明文書に同意する##○ 「実験参加の前に行なっていただきたい作業」が完了している	はい@いいえ	はい	1238098439
1		本実験の対象者となる条件をすべて満たしていますか？##○ 先日実施した「【Outlook経験あり・パソコン限定】メールアドレス入力実験」のタスクに参加していない（先日補償対象となった方は例外として参加可能です）##○ 年齢が18歳以上の女性##○ 日本語の読み書きに堪能##○ PCでOutlookを使用したメール送信経験あり##○ 約30分を確実に確保でき、課題に集中可能な環境がある##○ 安定したインターネット環境があり、必須環境を用意できる##○ 本実験に関する説明文書に同意する##○ 「実験参加の前に行なっていただきたい作業」が完了している	はい@いいえ	はい	1238742717
1		本実験の対象者となる条件をすべて満たしていますか？##○ 先日実施した「【Outlook経験あり・パソコン限定】メールアドレス入力実験」のタスクに参加していない（先日補償対象となった方は例外として参加可能です）##○ 年齢が18歳以上の女性##○ 日本語の読み書きに堪能##○ PCでOutlookを使用したメール送信経験あり##○ 約30分を確実に確保でき、課題に集中可能な環境がある##○ 安定したインターネット環境があり、必須環境を用意できる##○ 本実験に関する説明文書に同意する##○ 「実験参加の前に行なっていただきたい作業」が完了している	はい@いいえ	はい	1239057784
1		本実験の対象者となる条件をすべて満たしていますか？##○ 先日実施した「【Outlook経験あり・パソコン限定】メールアドレス入力実験」のタスクに参加していない（先日補償対象となった方は例外として参加可能です）##○ 年齢が18歳以上の女性##○ 日本語の読み書きに堪能##○ PCでOutlookを使用したメール送信経験あり##○ 約30分を確実に確保でき、課題に集中可能な環境がある##○ 安定したインターネット環境があり、必須環境を用意できる##○ 本実験に関する説明文書に同意する##○ 「実験参加の前に行なっていただきたい作業」が完了している	はい@いいえ	はい	1239060423
1		本実験の対象者となる条件をすべて満たしていますか？##○ 先日実施した「【Outlook経験あり・パソコン限定】メールアドレス入力実験」のタスクに参加していない（先日補償対象となった方は例外として参加可能です）##○ 年齢が18歳以上の女性##○ 日本語の読み書きに堪能##○ PCでOutlookを使用したメール送信経験あり##○ 約30分を確実に確保でき、課題に集中可能な環境がある##○ 安定したインターネット環境があり、必須環境を用意できる##○ 本実験に関する説明文書に同意する##○ 「実験参加の前に行なっていただきたい作業」が完了している	はい@いいえ	はい	1239097506
1		本実験の対象者となる条件をすべて満たしていますか？##○ 先日実施した「【Outlook経験あり・パソコン限定】メールアドレス入力実験」のタスクに参加していない（先日補償対象となった方は例外として参加可能です）##○ 年齢が18歳以上の女性##○ 日本語の読み書きに堪能##○ PCでOutlookを使用したメール送信経験あり##○ 約30分を確実に確保でき、課題に集中可能な環境がある##○ 安定したインターネット環境があり、必須環境を用意できる##○ 本実験に関する説明文書に同意する##○ 「実験参加の前に行なっていただきたい作業」が完了している	はい@いいえ	はい	1239100295
1		本実験の対象者となる条件をすべて満たしていますか？##○ 先日実施した「【Outlook経験あり・パソコン限定】メールアドレス入力実験」のタスクに参加していない（先日補償対象となった方は例外として参加可能です）##○ 年齢が18歳以上の女性##○ 日本語の読み書きに堪能##○ PCでOutlookを使用したメール送信経験あり##○ 約30分を確実に確保でき、課題に集中可能な環境がある##○ 安定したインターネット環境があり、必須環境を用意できる##○ 本実験に関する説明文書に同意する##○ 「実験参加の前に行なっていただきたい作業」が完了している	はい@いいえ	はい	1239142888
1		本実験の対象者となる条件をすべて満たしていますか？##○ 先日実施した「【Outlook経験あり・パソコン限定】メールアドレス入力実験」のタスクに参加していない（先日補償対象となった方は例外として参加可能です）##○ 年齢が18歳以上の女性##○ 日本語の読み書きに堪能##○ PCでOutlookを使用したメール送信経験あり##○ 約30分を確実に確保でき、課題に集中可能な環境がある##○ 安定したインターネット環境があり、必須環境を用意できる##○ 本実験に関する説明文書に同意する##○ 「実験参加の前に行なっていただきたい作業」が完了している	はい@いいえ	はい	1239156834
1		本実験の対象者となる条件をすべて満たしていますか？##○ 先日実施した「【Outlook経験あり・パソコン限定】メールアドレス入力実験」のタスクに参加していない（先日補償対象となった方は例外として参加可能です）##○ 年齢が18歳以上の女性##○ 日本語の読み書きに堪能##○ PCでOutlookを使用したメール送信経験あり##○ 約30分を確実に確保でき、課題に集中可能な環境がある##○ 安定したインターネット環境があり、必須環境を用意できる##○ 本実験に関する説明文書に同意する##○ 「実験参加の前に行なっていただきたい作業」が完了している	はい@いいえ	はい	1239178641
2		「実験参加の前に行なっていただきたい作業」##1. 本実験専用のWebサイトを使用する関係で、キーボードの設定変更をお願いいたします。##2. 実験用Webサイトの操作手順について、動画を視聴してください。	キーボードの設定変更手順 説明資料	https://cysec-lab.notion.site/1533a3874f7280dbbac9d004094f6089?pvs=4	実験用Webサイト操作手順 説明動画（Youtube）	https://www.youtube.com/watch?v=wqqQ1WCVfXo	「実験参加の前に行なっていただきたい作業」は完了していますか？	完了している@完了していない		ここには何も入力しないでください。	完了している	ここには何も入力しないでください。	1225471768
2		「実験参加の前に行なっていただきたい作業」##1. 本実験専用のWebサイトを使用する関係で、キーボードの設定変更をお願いいたします。##2. 実験用Webサイトの操作手順について、動画を視聴してください。	キーボードの設定変更手順 説明資料	https://cysec-lab.notion.site/1533a3874f7280dbbac9d004094f6089?pvs=4	実験用Webサイト操作手順 説明動画（Youtube）	https://www.youtube.com/watch?v=wqqQ1WCVfXo	「実験参加の前に行なっていただきたい作業」は完了していますか？	完了している@完了していない		ここには何も入力しないでください。	完了している	ここには何も入力しないでください。	1225591370
2		「実験参加の前に行なっていただきたい作業」##1. 本実験専用のWebサイトを使用する関係で、キーボードの設定変更をお願いいたします。##2. 実験用Webサイトの操作手順について、動画を視聴してください。	キーボードの設定変更手順 説明資料	https://cysec-lab.notion.site/1533a3874f7280dbbac9d004094f6089?pvs=4	実験用Webサイト操作手順 説明動画（Youtube）	https://www.youtube.com/watch?v=wqqQ1WCVfXo	「実験参加の前に行なっていただきたい作業」は完了していますか？	完了している@完了していない		ここには何も入力しないでください。	完了している	ここには何も入力しないでください。	1225934144
2		「実験参加の前に行なっていただきたい作業」##1. 本実験専用のWebサイトを使用する関係で、キーボードの設定変更をお願いいたします。##2. 実験用Webサイトの操作手順について、動画を視聴してください。	キーボードの設定変更手順 説明資料	https://cysec-lab.notion.site/1533a3874f7280dbbac9d004094f6089?pvs=4	実験用Webサイト操作手順 説明動画（Youtube）	https://www.youtube.com/watch?v=wqqQ1WCVfXo	「実験参加の前に行なっていただきたい作業」は完了していますか？	完了している@完了していない		ここには何も入力しないでください。	完了している	ここには何も入力しないでください。	1226283432
2		「実験参加の前に行なっていただきたい作業」##1. 本実験専用のWebサイトを使用する関係で、キーボードの設定変更をお願いいたします。##2. 実験用Webサイトの操作手順について、動画を視聴してください。	キーボードの設定変更手順 説明資料	https://cysec-lab.notion.site/1533a3874f7280dbbac9d004094f6089?pvs=4	実験用Webサイト操作手順 説明動画（Youtube）	https://www.youtube.com/watch?v=wqqQ1WCVfXo	「実験参加の前に行なっていただきたい作業」は完了していますか？	完了している@完了していない		ここには何も入力しないでください。	完了している	ここには何も入力しないでください。	1227217894
2		「実験参加の前に行なっていただきたい作業」##1. 本実験専用のWebサイトを使用する関係で、キーボードの設定変更をお願いいたします。##2. 実験用Webサイトの操作手順について、動画を視聴してください。	キーボードの設定変更手順 説明資料	https://cysec-lab.notion.site/1533a3874f7280dbbac9d004094f6089?pvs=4	実験用Webサイト操作手順 説明動画（Youtube）	https://www.youtube.com/watch?v=wqqQ1WCVfXo	「実験参加の前に行なっていただきたい作業」は完了していますか？	完了している@完了していない		ここには何も入力しないでください。	完了している	ここには何も入力しないでください。	1227394464
2		「実験参加の前に行なっていただきたい作業」##1. 本実験専用のWebサイトを使用する関係で、キーボードの設定変更をお願いいたします。##2. 実験用Webサイトの操作手順について、動画を視聴してください。	キーボードの設定変更手順 説明資料	https://cysec-lab.notion.site/1533a3874f7280dbbac9d004094f6089?pvs=4	実験用Webサイト操作手順 説明動画（Youtube）	https://www.youtube.com/watch?v=wqqQ1WCVfXo	「実験参加の前に行なっていただきたい作業」は完了していますか？	完了している@完了していない		ここには何も入力しないでください。	完了している	ここには何も入力しないでください。	1227445043
2		「実験参加の前に行なっていただきたい作業」##1. 本実験専用のWebサイトを使用する関係で、キーボードの設定変更をお願いいたします。##2. 実験用Webサイトの操作手順について、動画を視聴してください。	キーボードの設定変更手順 説明資料	https://cysec-lab.notion.site/1533a3874f7280dbbac9d004094f6089?pvs=4	実験用Webサイト操作手順 説明動画（Youtube）	https://www.youtube.com/watch?v=wqqQ1WCVfXo	「実験参加の前に行なっていただきたい作業」は完了していますか？	完了している@完了していない		ここには何も入力しないでください。	完了している	ここには何も入力しないでください。	1227450793
2		「実験参加の前に行なっていただきたい作業」##1. 本実験専用のWebサイトを使用する関係で、キーボードの設定変更をお願いいたします。##2. 実験用Webサイトの操作手順について、動画を視聴してください。	キーボードの設定変更手順 説明資料	https://cysec-lab.notion.site/1533a3874f7280dbbac9d004094f6089?pvs=4	実験用Webサイト操作手順 説明動画（Youtube）	https://www.youtube.com/watch?v=wqqQ1WCVfXo	「実験参加の前に行なっていただきたい作業」は完了していますか？	完了している@完了していない		ここには何も入力しないでください。	完了している	ここには何も入力しないでください。	1227521088
2		「実験参加の前に行なっていただきたい作業」##1. 本実験専用のWebサイトを使用する関係で、キーボードの設定変更をお願いいたします。##2. 実験用Webサイトの操作手順について、動画を視聴してください。	キーボードの設定変更手順 説明資料	https://cysec-lab.notion.site/1533a3874f7280dbbac9d004094f6089?pvs=4	実験用Webサイト操作手順 説明動画（Youtube）	https://www.youtube.com/watch?v=wqqQ1WCVfXo	「実験参加の前に行なっていただきたい作業」は完了していますか？	完了している@完了していない		ここには何も入力しないでください。	完了している	ここには何も入力しないでください。	1228257169
2		「実験参加の前に行なっていただきたい作業」##1. 本実験専用のWebサイトを使用する関係で、キーボードの設定変更をお願いいたします。##2. 実験用Webサイトの操作手順について、動画を視聴してください。	キーボードの設定変更手順 説明資料	https://cysec-lab.notion.site/1533a3874f7280dbbac9d004094f6089?pvs=4	実験用Webサイト操作手順 説明動画（Youtube）	https://www.youtube.com/watch?v=wqqQ1WCVfXo	「実験参加の前に行なっていただきたい作業」は完了していますか？	完了している@完了していない		ここには何も入力しないでください。	完了している	ここには何も入力しないでください。	1228465245
2		「実験参加の前に行なっていただきたい作業」##1. 本実験専用のWebサイトを使用する関係で、キーボードの設定変更をお願いいたします。##2. 実験用Webサイトの操作手順について、動画を視聴してください。	キーボードの設定変更手順 説明資料	https://cysec-lab.notion.site/1533a3874f7280dbbac9d004094f6089?pvs=4	実験用Webサイト操作手順 説明動画（Youtube）	https://www.youtube.com/watch?v=wqqQ1WCVfXo	「実験参加の前に行なっていただきたい作業」は完了していますか？	完了している@完了していない		ここには何も入力しないでください。	完了している	ここには何も入力しないでください。	1229449382
2		「実験参加の前に行なっていただきたい作業」##1. 本実験専用のWebサイトを使用する関係で、キーボードの設定変更をお願いいたします。##2. 実験用Webサイトの操作手順について、動画を視聴してください。	キーボードの設定変更手順 説明資料	https://cysec-lab.notion.site/1533a3874f7280dbbac9d004094f6089?pvs=4	実験用Webサイト操作手順 説明動画（Youtube）	https://www.youtube.com/watch?v=wqqQ1WCVfXo	「実験参加の前に行なっていただきたい作業」は完了していますか？	完了している@完了していない		ここには何も入力しないでください。	完了している	ここには何も入力しないでください。	1229595611
2		「実験参加の前に行なっていただきたい作業」##1. 本実験専用のWebサイトを使用する関係で、キーボードの設定変更をお願いいたします。##2. 実験用Webサイトの操作手順について、動画を視聴してください。	キーボードの設定変更手順 説明資料	https://cysec-lab.notion.site/1533a3874f7280dbbac9d004094f6089?pvs=4	実験用Webサイト操作手順 説明動画（Youtube）	https://www.youtube.com/watch?v=wqqQ1WCVfXo	「実験参加の前に行なっていただきたい作業」は完了していますか？	完了している@完了していない		ここには何も入力しないでください。	完了している	ここには何も入力しないでください。	1229723967
2		「実験参加の前に行なっていただきたい作業」##1. 本実験専用のWebサイトを使用する関係で、キーボードの設定変更をお願いいたします。##2. 実験用Webサイトの操作手順について、動画を視聴してください。	キーボードの設定変更手順 説明資料	https://cysec-lab.notion.site/1533a3874f7280dbbac9d004094f6089?pvs=4	実験用Webサイト操作手順 説明動画（Youtube）	https://www.youtube.com/watch?v=wqqQ1WCVfXo	「実験参加の前に行なっていただきたい作業」は完了していますか？	完了している@完了していない		ここには何も入力しないでください。	完了している	ここには何も入力しないでください。	1230616746
2		「実験参加の前に行なっていただきたい作業」##1. 本実験専用のWebサイトを使用する関係で、キーボードの設定変更をお願いいたします。##2. 実験用Webサイトの操作手順について、動画を視聴してください。	キーボードの設定変更手順 説明資料	https://cysec-lab.notion.site/1533a3874f7280dbbac9d004094f6089?pvs=4	実験用Webサイト操作手順 説明動画（Youtube）	https://www.youtube.com/watch?v=wqqQ1WCVfXo	「実験参加の前に行なっていただきたい作業」は完了していますか？	完了している@完了していない		ここには何も入力しないでください。	完了している	ここには何も入力しないでください。	1230633211
2		「実験参加の前に行なっていただきたい作業」##1. 本実験専用のWebサイトを使用する関係で、キーボードの設定変更をお願いいたします。##2. 実験用Webサイトの操作手順について、動画を視聴してください。	キーボードの設定変更手順 説明資料	https://cysec-lab.notion.site/1533a3874f7280dbbac9d004094f6089?pvs=4	実験用Webサイト操作手順 説明動画（Youtube）	https://www.youtube.com/watch?v=wqqQ1WCVfXo	「実験参加の前に行なっていただきたい作業」は完了していますか？	完了している@完了していない		ここには何も入力しないでください。	完了している	ここには何も入力しないでください。	1230659682
2		「実験参加の前に行なっていただきたい作業」##1. 本実験専用のWebサイトを使用する関係で、キーボードの設定変更をお願いいたします。##2. 実験用Webサイトの操作手順について、動画を視聴してください。	キーボードの設定変更手順 説明資料	https://cysec-lab.notion.site/1533a3874f7280dbbac9d004094f6089?pvs=4	実験用Webサイト操作手順 説明動画（Youtube）	https://www.youtube.com/watch?v=wqqQ1WCVfXo	「実験参加の前に行なっていただきたい作業」は完了していますか？	完了している@完了していない		ここには何も入力しないでください。	完了している	ここには何も入力しないでください。	1230831043
2		「実験参加の前に行なっていただきたい作業」##1. 本実験専用のWebサイトを使用する関係で、キーボードの設定変更をお願いいたします。##2. 実験用Webサイトの操作手順について、動画を視聴してください。	キーボードの設定変更手順 説明資料	https://cysec-lab.notion.site/1533a3874f7280dbbac9d004094f6089?pvs=4	実験用Webサイト操作手順 説明動画（Youtube）	https://www.youtube.com/watch?v=wqqQ1WCVfXo	「実験参加の前に行なっていただきたい作業」は完了していますか？	完了している@完了していない		ここには何も入力しないでください。	完了している	ここには何も入力しないでください。	1231005377
2		「実験参加の前に行なっていただきたい作業」##1. 本実験専用のWebサイトを使用する関係で、キーボードの設定変更をお願いいたします。##2. 実験用Webサイトの操作手順について、動画を視聴してください。	キーボードの設定変更手順 説明資料	https://cysec-lab.notion.site/1533a3874f7280dbbac9d004094f6089?pvs=4	実験用Webサイト操作手順 説明動画（Youtube）	https://www.youtube.com/watch?v=wqqQ1WCVfXo	「実験参加の前に行なっていただきたい作業」は完了していますか？	完了している@完了していない		ここには何も入力しないでください。	完了している	ここには何も入力しないでください。	1231219713
2		「実験参加の前に行なっていただきたい作業」##1. 本実験専用のWebサイトを使用する関係で、キーボードの設定変更をお願いいたします。##2. 実験用Webサイトの操作手順について、動画を視聴してください。	キーボードの設定変更手順 説明資料	https://cysec-lab.notion.site/1533a3874f7280dbbac9d004094f6089?pvs=4	実験用Webサイト操作手順 説明動画（Youtube）	https://www.youtube.com/watch?v=wqqQ1WCVfXo	「実験参加の前に行なっていただきたい作業」は完了していますか？	完了している@完了していない		ここには何も入力しないでください。	完了している	ここには何も入力しないでください。	1231343522
2		「実験参加の前に行なっていただきたい作業」##1. 本実験専用のWebサイトを使用する関係で、キーボードの設定変更をお願いいたします。##2. 実験用Webサイトの操作手順について、動画を視聴してください。	キーボードの設定変更手順 説明資料	https://cysec-lab.notion.site/1533a3874f7280dbbac9d004094f6089?pvs=4	実験用Webサイト操作手順 説明動画（Youtube）	https://www.youtube.com/watch?v=wqqQ1WCVfXo	「実験参加の前に行なっていただきたい作業」は完了していますか？	完了している@完了していない		ここには何も入力しないでください。	完了している	ここには何も入力しないでください。	1231433995
2		「実験参加の前に行なっていただきたい作業」##1. 本実験専用のWebサイトを使用する関係で、キーボードの設定変更をお願いいたします。##2. 実験用Webサイトの操作手順について、動画を視聴してください。	キーボードの設定変更手順 説明資料	https://cysec-lab.notion.site/1533a3874f7280dbbac9d004094f6089?pvs=4	実験用Webサイト操作手順 説明動画（Youtube）	https://www.youtube.com/watch?v=wqqQ1WCVfXo	「実験参加の前に行なっていただきたい作業」は完了していますか？	完了している@完了していない		ここには何も入力しないでください。	完了している	ここには何も入力しないでください。	1231551172
2		「実験参加の前に行なっていただきたい作業」##1. 本実験専用のWebサイトを使用する関係で、キーボードの設定変更をお願いいたします。##2. 実験用Webサイトの操作手順について、動画を視聴してください。	キーボードの設定変更手順 説明資料	https://cysec-lab.notion.site/1533a3874f7280dbbac9d004094f6089?pvs=4	実験用Webサイト操作手順 説明動画（Youtube）	https://www.youtube.com/watch?v=wqqQ1WCVfXo	「実験参加の前に行なっていただきたい作業」は完了していますか？	完了している@完了していない		ここには何も入力しないでください。	完了している	ここには何も入力しないでください。	1231576912
2		「実験参加の前に行なっていただきたい作業」##1. 本実験専用のWebサイトを使用する関係で、キーボードの設定変更をお願いいたします。##2. 実験用Webサイトの操作手順について、動画を視聴してください。	キーボードの設定変更手順 説明資料	https://cysec-lab.notion.site/1533a3874f7280dbbac9d004094f6089?pvs=4	実験用Webサイト操作手順 説明動画（Youtube）	https://www.youtube.com/watch?v=wqqQ1WCVfXo	「実験参加の前に行なっていただきたい作業」は完了していますか？	完了している@完了していない		ここには何も入力しないでください。	完了している	ここには何も入力しないでください。	1231913695
2		「実験参加の前に行なっていただきたい作業」##1. 本実験専用のWebサイトを使用する関係で、キーボードの設定変更をお願いいたします。##2. 実験用Webサイトの操作手順について、動画を視聴してください。	キーボードの設定変更手順 説明資料	https://cysec-lab.notion.site/1533a3874f7280dbbac9d004094f6089?pvs=4	実験用Webサイト操作手順 説明動画（Youtube）	https://www.youtube.com/watch?v=wqqQ1WCVfXo	「実験参加の前に行なっていただきたい作業」は完了していますか？	完了している@完了していない		ここには何も入力しないでください。	完了している	ここには何も入力しないでください。	1232079946
2		「実験参加の前に行なっていただきたい作業」##1. 本実験専用のWebサイトを使用する関係で、キーボードの設定変更をお願いいたします。##2. 実験用Webサイトの操作手順について、動画を視聴してください。	キーボードの設定変更手順 説明資料	https://cysec-lab.notion.site/1533a3874f7280dbbac9d004094f6089?pvs=4	実験用Webサイト操作手順 説明動画（Youtube）	https://www.youtube.com/watch?v=wqqQ1WCVfXo	「実験参加の前に行なっていただきたい作業」は完了していますか？	完了している@完了していない		ここには何も入力しないでください。	完了している	ここには何も入力しないでください。	1232116825
2		「実験参加の前に行なっていただきたい作業」##1. 本実験専用のWebサイトを使用する関係で、キーボードの設定変更をお願いいたします。##2. 実験用Webサイトの操作手順について、動画を視聴してください。	キーボードの設定変更手順 説明資料	https://cysec-lab.notion.site/1533a3874f7280dbbac9d004094f6089?pvs=4	実験用Webサイト操作手順 説明動画（Youtube）	https://www.youtube.com/watch?v=wqqQ1WCVfXo	「実験参加の前に行なっていただきたい作業」は完了していますか？	完了している@完了していない		ここには何も入力しないでください。	完了している	ここには何も入力しないでください。	1232133665
2		「実験参加の前に行なっていただきたい作業」##1. 本実験専用のWebサイトを使用する関係で、キーボードの設定変更をお願いいたします。##2. 実験用Webサイトの操作手順について、動画を視聴してください。	キーボードの設定変更手順 説明資料	https://cysec-lab.notion.site/1533a3874f7280dbbac9d004094f6089?pvs=4	実験用Webサイト操作手順 説明動画（Youtube）	https://www.youtube.com/watch?v=wqqQ1WCVfXo	「実験参加の前に行なっていただきたい作業」は完了していますか？	完了している@完了していない		ここには何も入力しないでください。	完了している	ここには何も入力しないでください。	1232235701
2		「実験参加の前に行なっていただきたい作業」##1. 本実験専用のWebサイトを使用する関係で、キーボードの設定変更をお願いいたします。##2. 実験用Webサイトの操作手順について、動画を視聴してください。	キーボードの設定変更手順 説明資料	https://cysec-lab.notion.site/1533a3874f7280dbbac9d004094f6089?pvs=4	実験用Webサイト操作手順 説明動画（Youtube）	https://www.youtube.com/watch?v=wqqQ1WCVfXo	「実験参加の前に行なっていただきたい作業」は完了していますか？	完了している@完了していない		ここには何も入力しないでください。	完了している	ここには何も入力しないでください。	1233034245
2		「実験参加の前に行なっていただきたい作業」##1. 本実験専用のWebサイトを使用する関係で、キーボードの設定変更をお願いいたします。##2. 実験用Webサイトの操作手順について、動画を視聴してください。	キーボードの設定変更手順 説明資料	https://cysec-lab.notion.site/1533a3874f7280dbbac9d004094f6089?pvs=4	実験用Webサイト操作手順 説明動画（Youtube）	https://www.youtube.com/watch?v=wqqQ1WCVfXo	「実験参加の前に行なっていただきたい作業」は完了していますか？	完了している@完了していない		ここには何も入力しないでください。	完了している	ここには何も入力しないでください。	1233158676
2		「実験参加の前に行なっていただきたい作業」##1. 本実験専用のWebサイトを使用する関係で、キーボードの設定変更をお願いいたします。##2. 実験用Webサイトの操作手順について、動画を視聴してください。	キーボードの設定変更手順 説明資料	https://cysec-lab.notion.site/1533a3874f7280dbbac9d004094f6089?pvs=4	実験用Webサイト操作手順 説明動画（Youtube）	https://www.youtube.com/watch?v=wqqQ1WCVfXo	「実験参加の前に行なっていただきたい作業」は完了していますか？	完了している@完了していない		ここには何も入力しないでください。	完了している	ここには何も入力しないでください。	1233319755
2		「実験参加の前に行なっていただきたい作業」##1. 本実験専用のWebサイトを使用する関係で、キーボードの設定変更をお願いいたします。##2. 実験用Webサイトの操作手順について、動画を視聴してください。	キーボードの設定変更手順 説明資料	https://cysec-lab.notion.site/1533a3874f7280dbbac9d004094f6089?pvs=4	実験用Webサイト操作手順 説明動画（Youtube）	https://www.youtube.com/watch?v=wqqQ1WCVfXo	「実験参加の前に行なっていただきたい作業」は完了していますか？	完了している@完了していない		ここには何も入力しないでください。	完了している	ここには何も入力しないでください。	1233865950
2		「実験参加の前に行なっていただきたい作業」##1. 本実験専用のWebサイトを使用する関係で、キーボードの設定変更をお願いいたします。##2. 実験用Webサイトの操作手順について、動画を視聴してください。	キーボードの設定変更手順 説明資料	https://cysec-lab.notion.site/1533a3874f7280dbbac9d004094f6089?pvs=4	実験用Webサイト操作手順 説明動画（Youtube）	https://www.youtube.com/watch?v=wqqQ1WCVfXo	「実験参加の前に行なっていただきたい作業」は完了していますか？	完了している@完了していない		ここには何も入力しないでください。	完了している	ここには何も入力しないでください。	1234111828
2		「実験参加の前に行なっていただきたい作業」##1. 本実験専用のWebサイトを使用する関係で、キーボードの設定変更をお願いいたします。##2. 実験用Webサイトの操作手順について、動画を視聴してください。	キーボードの設定変更手順 説明資料	https://cysec-lab.notion.site/1533a3874f7280dbbac9d004094f6089?pvs=4	実験用Webサイト操作手順 説明動画（Youtube）	https://www.youtube.com/watch?v=wqqQ1WCVfXo	「実験参加の前に行なっていただきたい作業」は完了していますか？	完了している@完了していない		ここには何も入力しないでください。	完了している	ここには何も入力しないでください。	1235470191
2		「実験参加の前に行なっていただきたい作業」##1. 本実験専用のWebサイトを使用する関係で、キーボードの設定変更をお願いいたします。##2. 実験用Webサイトの操作手順について、動画を視聴してください。	キーボードの設定変更手順 説明資料	https://cysec-lab.notion.site/1533a3874f7280dbbac9d004094f6089?pvs=4	実験用Webサイト操作手順 説明動画（Youtube）	https://www.youtube.com/watch?v=wqqQ1WCVfXo	「実験参加の前に行なっていただきたい作業」は完了していますか？	完了している@完了していない		ここには何も入力しないでください。	完了している	ここには何も入力しないでください。	1235799495
2		「実験参加の前に行なっていただきたい作業」##1. 本実験専用のWebサイトを使用する関係で、キーボードの設定変更をお願いいたします。##2. 実験用Webサイトの操作手順について、動画を視聴してください。	キーボードの設定変更手順 説明資料	https://cysec-lab.notion.site/1533a3874f7280dbbac9d004094f6089?pvs=4	実験用Webサイト操作手順 説明動画（Youtube）	https://www.youtube.com/watch?v=wqqQ1WCVfXo	「実験参加の前に行なっていただきたい作業」は完了していますか？	完了している@完了していない		ここには何も入力しないでください。	完了している	ここには何も入力しないでください。	1236783983
2		「実験参加の前に行なっていただきたい作業」##1. 本実験専用のWebサイトを使用する関係で、キーボードの設定変更をお願いいたします。##2. 実験用Webサイトの操作手順について、動画を視聴してください。	キーボードの設定変更手順 説明資料	https://cysec-lab.notion.site/1533a3874f7280dbbac9d004094f6089?pvs=4	実験用Webサイト操作手順 説明動画（Youtube）	https://www.youtube.com/watch?v=wqqQ1WCVfXo	「実験参加の前に行なっていただきたい作業」は完了していますか？	完了している@完了していない		ここには何も入力しないでください。	完了している	ここには何も入力しないでください。	1237116025
2		「実験参加の前に行なっていただきたい作業」##1. 本実験専用のWebサイトを使用する関係で、キーボードの設定変更をお願いいたします。##2. 実験用Webサイトの操作手順について、動画を視聴してください。	キーボードの設定変更手順 説明資料	https://cysec-lab.notion.site/1533a3874f7280dbbac9d004094f6089?pvs=4	実験用Webサイト操作手順 説明動画（Youtube）	https://www.youtube.com/watch?v=wqqQ1WCVfXo	「実験参加の前に行なっていただきたい作業」は完了していますか？	完了している@完了していない		ここには何も入力しないでください。	完了している	ここには何も入力しないでください。	1237226997
2		「実験参加の前に行なっていただきたい作業」##1. 本実験専用のWebサイトを使用する関係で、キーボードの設定変更をお願いいたします。##2. 実験用Webサイトの操作手順について、動画を視聴してください。	キーボードの設定変更手順 説明資料	https://cysec-lab.notion.site/1533a3874f7280dbbac9d004094f6089?pvs=4	実験用Webサイト操作手順 説明動画（Youtube）	https://www.youtube.com/watch?v=wqqQ1WCVfXo	「実験参加の前に行なっていただきたい作業」は完了していますか？	完了している@完了していない		ここには何も入力しないでください。	完了している	ここには何も入力しないでください。	1237379785
2		「実験参加の前に行なっていただきたい作業」##1. 本実験専用のWebサイトを使用する関係で、キーボードの設定変更をお願いいたします。##2. 実験用Webサイトの操作手順について、動画を視聴してください。	キーボードの設定変更手順 説明資料	https://cysec-lab.notion.site/1533a3874f7280dbbac9d004094f6089?pvs=4	実験用Webサイト操作手順 説明動画（Youtube）	https://www.youtube.com/watch?v=wqqQ1WCVfXo	「実験参加の前に行なっていただきたい作業」は完了していますか？	完了している@完了していない		ここには何も入力しないでください。	完了している	ここには何も入力しないでください。	1237735357
2		「実験参加の前に行なっていただきたい作業」##1. 本実験専用のWebサイトを使用する関係で、キーボードの設定変更をお願いいたします。##2. 実験用Webサイトの操作手順について、動画を視聴してください。	キーボードの設定変更手順 説明資料	https://cysec-lab.notion.site/1533a3874f7280dbbac9d004094f6089?pvs=4	実験用Webサイト操作手順 説明動画（Youtube）	https://www.youtube.com/watch?v=wqqQ1WCVfXo	「実験参加の前に行なっていただきたい作業」は完了していますか？	完了している@完了していない		ここには何も入力しないでください。	完了している	ここには何も入力しないでください。	1238098439
2		「実験参加の前に行なっていただきたい作業」##1. 本実験専用のWebサイトを使用する関係で、キーボードの設定変更をお願いいたします。##2. 実験用Webサイトの操作手順について、動画を視聴してください。	キーボードの設定変更手順 説明資料	https://cysec-lab.notion.site/1533a3874f7280dbbac9d004094f6089?pvs=4	実験用Webサイト操作手順 説明動画（Youtube）	https://www.youtube.com/watch?v=wqqQ1WCVfXo	「実験参加の前に行なっていただきたい作業」は完了していますか？	完了している@完了していない		ここには何も入力しないでください。	完了している	ここには何も入力しないでください。	1238742717
2		「実験参加の前に行なっていただきたい作業」##1. 本実験専用のWebサイトを使用する関係で、キーボードの設定変更をお願いいたします。##2. 実験用Webサイトの操作手順について、動画を視聴してください。	キーボードの設定変更手順 説明資料	https://cysec-lab.notion.site/1533a3874f7280dbbac9d004094f6089?pvs=4	実験用Webサイト操作手順 説明動画（Youtube）	https://www.youtube.com/watch?v=wqqQ1WCVfXo	「実験参加の前に行なっていただきたい作業」は完了していますか？	完了している@完了していない		ここには何も入力しないでください。	完了している	ここには何も入力しないでください。	1239057784
2		「実験参加の前に行なっていただきたい作業」##1. 本実験専用のWebサイトを使用する関係で、キーボードの設定変更をお願いいたします。##2. 実験用Webサイトの操作手順について、動画を視聴してください。	キーボードの設定変更手順 説明資料	https://cysec-lab.notion.site/1533a3874f7280dbbac9d004094f6089?pvs=4	実験用Webサイト操作手順 説明動画（Youtube）	https://www.youtube.com/watch?v=wqqQ1WCVfXo	「実験参加の前に行なっていただきたい作業」は完了していますか？	完了している@完了していない		ここには何も入力しないでください。	完了している	ここには何も入力しないでください。	1239060423
2		「実験参加の前に行なっていただきたい作業」##1. 本実験専用のWebサイトを使用する関係で、キーボードの設定変更をお願いいたします。##2. 実験用Webサイトの操作手順について、動画を視聴してください。	キーボードの設定変更手順 説明資料	https://cysec-lab.notion.site/1533a3874f7280dbbac9d004094f6089?pvs=4	実験用Webサイト操作手順 説明動画（Youtube）	https://www.youtube.com/watch?v=wqqQ1WCVfXo	「実験参加の前に行なっていただきたい作業」は完了していますか？	完了している@完了していない		ここには何も入力しないでください。	完了している	ここには何も入力しないでください。	1239097506
2		「実験参加の前に行なっていただきたい作業」##1. 本実験専用のWebサイトを使用する関係で、キーボードの設定変更をお願いいたします。##2. 実験用Webサイトの操作手順について、動画を視聴してください。	キーボードの設定変更手順 説明資料	https://cysec-lab.notion.site/1533a3874f7280dbbac9d004094f6089?pvs=4	実験用Webサイト操作手順 説明動画（Youtube）	https://www.youtube.com/watch?v=wqqQ1WCVfXo	「実験参加の前に行なっていただきたい作業」は完了していますか？	完了している@完了していない		ここには何も入力しないでください。	完了している	ここには何も入力しないでください。	1239100295
2		「実験参加の前に行なっていただきたい作業」##1. 本実験専用のWebサイトを使用する関係で、キーボードの設定変更をお願いいたします。##2. 実験用Webサイトの操作手順について、動画を視聴してください。	キーボードの設定変更手順 説明資料	https://cysec-lab.notion.site/1533a3874f7280dbbac9d004094f6089?pvs=4	実験用Webサイト操作手順 説明動画（Youtube）	https://www.youtube.com/watch?v=wqqQ1WCVfXo	「実験参加の前に行なっていただきたい作業」は完了していますか？	完了している@完了していない		ここには何も入力しないでください。	完了している	ここには何も入力しないでください。	1239142888
2		「実験参加の前に行なっていただきたい作業」##1. 本実験専用のWebサイトを使用する関係で、キーボードの設定変更をお願いいたします。##2. 実験用Webサイトの操作手順について、動画を視聴してください。	キーボードの設定変更手順 説明資料	https://cysec-lab.notion.site/1533a3874f7280dbbac9d004094f6089?pvs=4	実験用Webサイト操作手順 説明動画（Youtube）	https://www.youtube.com/watch?v=wqqQ1WCVfXo	「実験参加の前に行なっていただきたい作業」は完了していますか？	完了している@完了していない		ここには何も入力しないでください。	完了している	ここには何も入力しないでください。	1239156834
2		「実験参加の前に行なっていただきたい作業」##1. 本実験専用のWebサイトを使用する関係で、キーボードの設定変更をお願いいたします。##2. 実験用Webサイトの操作手順について、動画を視聴してください。	キーボードの設定変更手順 説明資料	https://cysec-lab.notion.site/1533a3874f7280dbbac9d004094f6089?pvs=4	実験用Webサイト操作手順 説明動画（Youtube）	https://www.youtube.com/watch?v=wqqQ1WCVfXo	「実験参加の前に行なっていただきたい作業」は完了していますか？	完了している@完了していない		ここには何も入力しないでください。	完了している	ここには何も入力しないでください。	1239178641
3		あなたの年齢を教えてください。	10代@20代@30代@40代@50代@60代@70代以上	30代	1225471768
3		あなたの年齢を教えてください。	10代@20代@30代@40代@50代@60代@70代以上	50代	1225591370
3		あなたの年齢を教えてください。	10代@20代@30代@40代@50代@60代@70代以上	30代	1225934144
3		あなたの年齢を教えてください。	10代@20代@30代@40代@50代@60代@70代以上	50代	1226283432
3		あなたの年齢を教えてください。	10代@20代@30代@40代@50代@60代@70代以上	40代	1227217894
3		あなたの年齢を教えてください。	10代@20代@30代@40代@50代@60代@70代以上	50代	1227394464
3		あなたの年齢を教えてください。	10代@20代@30代@40代@50代@60代@70代以上	50代	1227445043
3		あなたの年齢を教えてください。	10代@20代@30代@40代@50代@60代@70代以上	30代	1227450793
3		あなたの年齢を教えてください。	10代@20代@30代@40代@50代@60代@70代以上	30代	1227521088
3		あなたの年齢を教えてください。	10代@20代@30代@40代@50代@60代@70代以上	40代	1228257169
3		あなたの年齢を教えてください。	10代@20代@30代@40代@50代@60代@70代以上	30代	1228465245
3		あなたの年齢を教えてください。	10代@20代@30代@40代@50代@60代@70代以上	40代	1229449382
3		あなたの年齢を教えてください。	10代@20代@30代@40代@50代@60代@70代以上	50代	1229595611
3		あなたの年齢を教えてください。	10代@20代@30代@40代@50代@60代@70代以上	50代	1229723967
3		あなたの年齢を教えてください。	10代@20代@30代@40代@50代@60代@70代以上	50代	1230616746
3		あなたの年齢を教えてください。	10代@20代@30代@40代@50代@60代@70代以上	30代	1230633211
3		あなたの年齢を教えてください。	10代@20代@30代@40代@50代@60代@70代以上	40代	1230659682
3		あなたの年齢を教えてください。	10代@20代@30代@40代@50代@60代@70代以上	50代	1230831043
3		あなたの年齢を教えてください。	10代@20代@30代@40代@50代@60代@70代以上	40代	1231005377
3		あなたの年齢を教えてください。	10代@20代@30代@40代@50代@60代@70代以上	40代	1231219713
3		あなたの年齢を教えてください。	10代@20代@30代@40代@50代@60代@70代以上	50代	1231343522
3		あなたの年齢を教えてください。	10代@20代@30代@40代@50代@60代@70代以上	50代	1231433995
3		あなたの年齢を教えてください。	10代@20代@30代@40代@50代@60代@70代以上	50代	1231551172
3		あなたの年齢を教えてください。	10代@20代@30代@40代@50代@60代@70代以上	50代	1231576912
3		あなたの年齢を教えてください。	10代@20代@30代@40代@50代@60代@70代以上	40代	1231913695
3		あなたの年齢を教えてください。	10代@20代@30代@40代@50代@60代@70代以上	60代	1232079946
3		あなたの年齢を教えてください。	10代@20代@30代@40代@50代@60代@70代以上	50代	1232116825
3		あなたの年齢を教えてください。	10代@20代@30代@40代@50代@60代@70代以上	50代	1232133665
3		あなたの年齢を教えてください。	10代@20代@30代@40代@50代@60代@70代以上	40代	1232235701
3		あなたの年齢を教えてください。	10代@20代@30代@40代@50代@60代@70代以上	40代	1233034245
3		あなたの年齢を教えてください。	10代@20代@30代@40代@50代@60代@70代以上	60代	1233158676
3		あなたの年齢を教えてください。	10代@20代@30代@40代@50代@60代@70代以上	30代	1233319755
3		あなたの年齢を教えてください。	10代@20代@30代@40代@50代@60代@70代以上	40代	1233865950
3		あなたの年齢を教えてください。	10代@20代@30代@40代@50代@60代@70代以上	30代	1234111828
3		あなたの年齢を教えてください。	10代@20代@30代@40代@50代@60代@70代以上	40代	1235470191
3		あなたの年齢を教えてください。	10代@20代@30代@40代@50代@60代@70代以上	20代	1235799495
3		あなたの年齢を教えてください。	10代@20代@30代@40代@50代@60代@70代以上	50代	1236783983
3		あなたの年齢を教えてください。	10代@20代@30代@40代@50代@60代@70代以上	40代	1237116025
3		あなたの年齢を教えてください。	10代@20代@30代@40代@50代@60代@70代以上	40代	1237226997
3		あなたの年齢を教えてください。	10代@20代@30代@40代@50代@60代@70代以上	30代	1237379785
3		あなたの年齢を教えてください。	10代@20代@30代@40代@50代@60代@70代以上	30代	1237735357
3		あなたの年齢を教えてください。	10代@20代@30代@40代@50代@60代@70代以上	60代	1238098439
3		あなたの年齢を教えてください。	10代@20代@30代@40代@50代@60代@70代以上	30代	1238742717
3		あなたの年齢を教えてください。	10代@20代@30代@40代@50代@60代@70代以上	40代	1239057784
3		あなたの年齢を教えてください。	10代@20代@30代@40代@50代@60代@70代以上	20代	1239060423
3		あなたの年齢を教えてください。	10代@20代@30代@40代@50代@60代@70代以上	20代	1239097506
3		あなたの年齢を教えてください。	10代@20代@30代@40代@50代@60代@70代以上	40代	1239100295
3		あなたの年齢を教えてください。	10代@20代@30代@40代@50代@60代@70代以上	20代	1239142888
3		あなたの年齢を教えてください。	10代@20代@30代@40代@50代@60代@70代以上	50代	1239156834
3		あなたの年齢を教えてください。	10代@20代@30代@40代@50代@60代@70代以上	20代	1239178641
4		あなたの性別を教えてください。	男性@女性@その他	女性	1225471768
4		あなたの性別を教えてください。	男性@女性@その他	女性	1225591370
4		あなたの性別を教えてください。	男性@女性@その他	女性	1225934144
4		あなたの性別を教えてください。	男性@女性@その他	女性	1226283432
4		あなたの性別を教えてください。	男性@女性@その他	女性	1227217894
4		あなたの性別を教えてください。	男性@女性@その他	女性	1227394464
4		あなたの性別を教えてください。	男性@女性@その他	女性	1227445043
4		あなたの性別を教えてください。	男性@女性@その他	女性	1227450793
4		あなたの性別を教えてください。	男性@女性@その他	女性	1227521088
4		あなたの性別を教えてください。	男性@女性@その他	女性	1228257169
4		あなたの性別を教えてください。	男性@女性@その他	女性	1228465245
4		あなたの性別を教えてください。	男性@女性@その他	女性	1229449382
4		あなたの性別を教えてください。	男性@女性@その他	女性	1229595611
4		あなたの性別を教えてください。	男性@女性@その他	女性	1229723967
4		あなたの性別を教えてください。	男性@女性@その他	女性	1230616746
4		あなたの性別を教えてください。	男性@女性@その他	女性	1230633211
4		あなたの性別を教えてください。	男性@女性@その他	女性	1230659682
4		あなたの性別を教えてください。	男性@女性@その他	女性	1230831043
4		あなたの性別を教えてください。	男性@女性@その他	女性	1231005377
4		あなたの性別を教えてください。	男性@女性@その他	女性	1231219713
4		あなたの性別を教えてください。	男性@女性@その他	女性	1231343522
4		あなたの性別を教えてください。	男性@女性@その他	女性	1231433995
4		あなたの性別を教えてください。	男性@女性@その他	女性	1231551172
4		あなたの性別を教えてください。	男性@女性@その他	女性	1231576912
4		あなたの性別を教えてください。	男性@女性@その他	女性	1231913695
4		あなたの性別を教えてください。	男性@女性@その他	女性	1232079946
4		あなたの性別を教えてください。	男性@女性@その他	女性	1232116825
4		あなたの性別を教えてください。	男性@女性@その他	女性	1232133665
4		あなたの性別を教えてください。	男性@女性@その他	女性	1232235701
4		あなたの性別を教えてください。	男性@女性@その他	女性	1233034245
4		あなたの性別を教えてください。	男性@女性@その他	女性	1233158676
4		あなたの性別を教えてください。	男性@女性@その他	女性	1233319755
4		あなたの性別を教えてください。	男性@女性@その他	女性	1233865950
4		あなたの性別を教えてください。	男性@女性@その他	女性	1234111828
4		あなたの性別を教えてください。	男性@女性@その他	女性	1235470191
4		あなたの性別を教えてください。	男性@女性@その他	女性	1235799495
4		あなたの性別を教えてください。	男性@女性@その他	女性	1236783983
4		あなたの性別を教えてください。	男性@女性@その他	女性	1237116025
4		あなたの性別を教えてください。	男性@女性@その他	女性	1237226997
4		あなたの性別を教えてください。	男性@女性@その他	女性	1237379785
4		あなたの性別を教えてください。	男性@女性@その他	女性	1237735357
4		あなたの性別を教えてください。	男性@女性@その他	女性	1238098439
4		あなたの性別を教えてください。	男性@女性@その他	女性	1238742717
4		あなたの性別を教えてください。	男性@女性@その他	女性	1239057784
4		あなたの性別を教えてください。	男性@女性@その他	女性	1239060423
4		あなたの性別を教えてください。	男性@女性@その他	女性	1239097506
4		あなたの性別を教えてください。	男性@女性@その他	女性	1239100295
4		あなたの性別を教えてください。	男性@女性@その他	女性	1239142888
4		あなたの性別を教えてください。	男性@女性@その他	女性	1239156834
4		あなたの性別を教えてください。	男性@女性@その他	女性	1239178641
5		あなたの職業を教えてください。	会社勤務（一般社員）@会社勤務（管理職）@会社経営（経営者・役員）@公務員・教職員・非営利団体職員@派遣社員・契約社員@自営業（商工サービス）@SOHO@農林漁業@専門職（弁護士・税理士等・医療関連）@パート・アルバイト@専業主婦・主夫@学生@無職@その他の職業	「その他の職業」と回答された方は、以下に職業をご記入ください。		農林漁業		1225471768
5		あなたの職業を教えてください。	会社勤務（一般社員）@会社勤務（管理職）@会社経営（経営者・役員）@公務員・教職員・非営利団体職員@派遣社員・契約社員@自営業（商工サービス）@SOHO@農林漁業@専門職（弁護士・税理士等・医療関連）@パート・アルバイト@専業主婦・主夫@学生@無職@その他の職業	「その他の職業」と回答された方は、以下に職業をご記入ください。		パート・アルバイト		1225591370
5		あなたの職業を教えてください。	会社勤務（一般社員）@会社勤務（管理職）@会社経営（経営者・役員）@公務員・教職員・非営利団体職員@派遣社員・契約社員@自営業（商工サービス）@SOHO@農林漁業@専門職（弁護士・税理士等・医療関連）@パート・アルバイト@専業主婦・主夫@学生@無職@その他の職業	「その他の職業」と回答された方は、以下に職業をご記入ください。		会社勤務（一般社員）		1225934144
5		あなたの職業を教えてください。	会社勤務（一般社員）@会社勤務（管理職）@会社経営（経営者・役員）@公務員・教職員・非営利団体職員@派遣社員・契約社員@自営業（商工サービス）@SOHO@農林漁業@専門職（弁護士・税理士等・医療関連）@パート・アルバイト@専業主婦・主夫@学生@無職@その他の職業	「その他の職業」と回答された方は、以下に職業をご記入ください。		専業主婦・主夫		1226283432
5		あなたの職業を教えてください。	会社勤務（一般社員）@会社勤務（管理職）@会社経営（経営者・役員）@公務員・教職員・非営利団体職員@派遣社員・契約社員@自営業（商工サービス）@SOHO@農林漁業@専門職（弁護士・税理士等・医療関連）@パート・アルバイト@専業主婦・主夫@学生@無職@その他の職業	「その他の職業」と回答された方は、以下に職業をご記入ください。		会社勤務（一般社員）		1227217894
5		あなたの職業を教えてください。	会社勤務（一般社員）@会社勤務（管理職）@会社経営（経営者・役員）@公務員・教職員・非営利団体職員@派遣社員・契約社員@自営業（商工サービス）@SOHO@農林漁業@専門職（弁護士・税理士等・医療関連）@パート・アルバイト@専業主婦・主夫@学生@無職@その他の職業	「その他の職業」と回答された方は、以下に職業をご記入ください。		派遣社員・契約社員		1227394464
5		あなたの職業を教えてください。	会社勤務（一般社員）@会社勤務（管理職）@会社経営（経営者・役員）@公務員・教職員・非営利団体職員@派遣社員・契約社員@自営業（商工サービス）@SOHO@農林漁業@専門職（弁護士・税理士等・医療関連）@パート・アルバイト@専業主婦・主夫@学生@無職@その他の職業	「その他の職業」と回答された方は、以下に職業をご記入ください。		専業主婦・主夫		1227445043
5		あなたの職業を教えてください。	会社勤務（一般社員）@会社勤務（管理職）@会社経営（経営者・役員）@公務員・教職員・非営利団体職員@派遣社員・契約社員@自営業（商工サービス）@SOHO@農林漁業@専門職（弁護士・税理士等・医療関連）@パート・アルバイト@専業主婦・主夫@学生@無職@その他の職業	「その他の職業」と回答された方は、以下に職業をご記入ください。		その他の職業	漫画家(過去に一般社員経験あり)	1227450793
5		あなたの職業を教えてください。	会社勤務（一般社員）@会社勤務（管理職）@会社経営（経営者・役員）@公務員・教職員・非営利団体職員@派遣社員・契約社員@自営業（商工サービス）@SOHO@農林漁業@専門職（弁護士・税理士等・医療関連）@パート・アルバイト@専業主婦・主夫@学生@無職@その他の職業	「その他の職業」と回答された方は、以下に職業をご記入ください。		会社勤務（一般社員）		1227521088
5		あなたの職業を教えてください。	会社勤務（一般社員）@会社勤務（管理職）@会社経営（経営者・役員）@公務員・教職員・非営利団体職員@派遣社員・契約社員@自営業（商工サービス）@SOHO@農林漁業@専門職（弁護士・税理士等・医療関連）@パート・アルバイト@専業主婦・主夫@学生@無職@その他の職業	「その他の職業」と回答された方は、以下に職業をご記入ください。		パート・アルバイト		1228257169
5		あなたの職業を教えてください。	会社勤務（一般社員）@会社勤務（管理職）@会社経営（経営者・役員）@公務員・教職員・非営利団体職員@派遣社員・契約社員@自営業（商工サービス）@SOHO@農林漁業@専門職（弁護士・税理士等・医療関連）@パート・アルバイト@専業主婦・主夫@学生@無職@その他の職業	「その他の職業」と回答された方は、以下に職業をご記入ください。		会社勤務（一般社員）		1228465245
5		あなたの職業を教えてください。	会社勤務（一般社員）@会社勤務（管理職）@会社経営（経営者・役員）@公務員・教職員・非営利団体職員@派遣社員・契約社員@自営業（商工サービス）@SOHO@農林漁業@専門職（弁護士・税理士等・医療関連）@パート・アルバイト@専業主婦・主夫@学生@無職@その他の職業	「その他の職業」と回答された方は、以下に職業をご記入ください。		会社勤務（一般社員）		1229449382
5		あなたの職業を教えてください。	会社勤務（一般社員）@会社勤務（管理職）@会社経営（経営者・役員）@公務員・教職員・非営利団体職員@派遣社員・契約社員@自営業（商工サービス）@SOHO@農林漁業@専門職（弁護士・税理士等・医療関連）@パート・アルバイト@専業主婦・主夫@学生@無職@その他の職業	「その他の職業」と回答された方は、以下に職業をご記入ください。		自営業（商工サービス）		1229595611
5		あなたの職業を教えてください。	会社勤務（一般社員）@会社勤務（管理職）@会社経営（経営者・役員）@公務員・教職員・非営利団体職員@派遣社員・契約社員@自営業（商工サービス）@SOHO@農林漁業@専門職（弁護士・税理士等・医療関連）@パート・アルバイト@専業主婦・主夫@学生@無職@その他の職業	「その他の職業」と回答された方は、以下に職業をご記入ください。		専業主婦・主夫		1229723967
5		あなたの職業を教えてください。	会社勤務（一般社員）@会社勤務（管理職）@会社経営（経営者・役員）@公務員・教職員・非営利団体職員@派遣社員・契約社員@自営業（商工サービス）@SOHO@農林漁業@専門職（弁護士・税理士等・医療関連）@パート・アルバイト@専業主婦・主夫@学生@無職@その他の職業	「その他の職業」と回答された方は、以下に職業をご記入ください。		無職		1230616746
5		あなたの職業を教えてください。	会社勤務（一般社員）@会社勤務（管理職）@会社経営（経営者・役員）@公務員・教職員・非営利団体職員@派遣社員・契約社員@自営業（商工サービス）@SOHO@農林漁業@専門職（弁護士・税理士等・医療関連）@パート・アルバイト@専業主婦・主夫@学生@無職@その他の職業	「その他の職業」と回答された方は、以下に職業をご記入ください。		会社勤務（一般社員）		1230633211
5		あなたの職業を教えてください。	会社勤務（一般社員）@会社勤務（管理職）@会社経営（経営者・役員）@公務員・教職員・非営利団体職員@派遣社員・契約社員@自営業（商工サービス）@SOHO@農林漁業@専門職（弁護士・税理士等・医療関連）@パート・アルバイト@専業主婦・主夫@学生@無職@その他の職業	「その他の職業」と回答された方は、以下に職業をご記入ください。		専業主婦・主夫		1230659682
5		あなたの職業を教えてください。	会社勤務（一般社員）@会社勤務（管理職）@会社経営（経営者・役員）@公務員・教職員・非営利団体職員@派遣社員・契約社員@自営業（商工サービス）@SOHO@農林漁業@専門職（弁護士・税理士等・医療関連）@パート・アルバイト@専業主婦・主夫@学生@無職@その他の職業	「その他の職業」と回答された方は、以下に職業をご記入ください。		専業主婦・主夫		1230831043
5		あなたの職業を教えてください。	会社勤務（一般社員）@会社勤務（管理職）@会社経営（経営者・役員）@公務員・教職員・非営利団体職員@派遣社員・契約社員@自営業（商工サービス）@SOHO@農林漁業@専門職（弁護士・税理士等・医療関連）@パート・アルバイト@専業主婦・主夫@学生@無職@その他の職業	「その他の職業」と回答された方は、以下に職業をご記入ください。		パート・アルバイト		1231005377
5		あなたの職業を教えてください。	会社勤務（一般社員）@会社勤務（管理職）@会社経営（経営者・役員）@公務員・教職員・非営利団体職員@派遣社員・契約社員@自営業（商工サービス）@SOHO@農林漁業@専門職（弁護士・税理士等・医療関連）@パート・アルバイト@専業主婦・主夫@学生@無職@その他の職業	「その他の職業」と回答された方は、以下に職業をご記入ください。		専業主婦・主夫		1231219713
5		あなたの職業を教えてください。	会社勤務（一般社員）@会社勤務（管理職）@会社経営（経営者・役員）@公務員・教職員・非営利団体職員@派遣社員・契約社員@自営業（商工サービス）@SOHO@農林漁業@専門職（弁護士・税理士等・医療関連）@パート・アルバイト@専業主婦・主夫@学生@無職@その他の職業	「その他の職業」と回答された方は、以下に職業をご記入ください。		パート・アルバイト		1231343522
5		あなたの職業を教えてください。	会社勤務（一般社員）@会社勤務（管理職）@会社経営（経営者・役員）@公務員・教職員・非営利団体職員@派遣社員・契約社員@自営業（商工サービス）@SOHO@農林漁業@専門職（弁護士・税理士等・医療関連）@パート・アルバイト@専業主婦・主夫@学生@無職@その他の職業	「その他の職業」と回答された方は、以下に職業をご記入ください。		パート・アルバイト		1231433995
5		あなたの職業を教えてください。	会社勤務（一般社員）@会社勤務（管理職）@会社経営（経営者・役員）@公務員・教職員・非営利団体職員@派遣社員・契約社員@自営業（商工サービス）@SOHO@農林漁業@専門職（弁護士・税理士等・医療関連）@パート・アルバイト@専業主婦・主夫@学生@無職@その他の職業	「その他の職業」と回答された方は、以下に職業をご記入ください。		会社勤務（一般社員）		1231551172
5		あなたの職業を教えてください。	会社勤務（一般社員）@会社勤務（管理職）@会社経営（経営者・役員）@公務員・教職員・非営利団体職員@派遣社員・契約社員@自営業（商工サービス）@SOHO@農林漁業@専門職（弁護士・税理士等・医療関連）@パート・アルバイト@専業主婦・主夫@学生@無職@その他の職業	「その他の職業」と回答された方は、以下に職業をご記入ください。		会社勤務（一般社員）		1231576912
5		あなたの職業を教えてください。	会社勤務（一般社員）@会社勤務（管理職）@会社経営（経営者・役員）@公務員・教職員・非営利団体職員@派遣社員・契約社員@自営業（商工サービス）@SOHO@農林漁業@専門職（弁護士・税理士等・医療関連）@パート・アルバイト@専業主婦・主夫@学生@無職@その他の職業	「その他の職業」と回答された方は、以下に職業をご記入ください。		会社勤務（一般社員）		1231913695
5		あなたの職業を教えてください。	会社勤務（一般社員）@会社勤務（管理職）@会社経営（経営者・役員）@公務員・教職員・非営利団体職員@派遣社員・契約社員@自営業（商工サービス）@SOHO@農林漁業@専門職（弁護士・税理士等・医療関連）@パート・アルバイト@専業主婦・主夫@学生@無職@その他の職業	「その他の職業」と回答された方は、以下に職業をご記入ください。		パート・アルバイト		1232079946
5		あなたの職業を教えてください。	会社勤務（一般社員）@会社勤務（管理職）@会社経営（経営者・役員）@公務員・教職員・非営利団体職員@派遣社員・契約社員@自営業（商工サービス）@SOHO@農林漁業@専門職（弁護士・税理士等・医療関連）@パート・アルバイト@専業主婦・主夫@学生@無職@その他の職業	「その他の職業」と回答された方は、以下に職業をご記入ください。		会社勤務（一般社員）		1232116825
5		あなたの職業を教えてください。	会社勤務（一般社員）@会社勤務（管理職）@会社経営（経営者・役員）@公務員・教職員・非営利団体職員@派遣社員・契約社員@自営業（商工サービス）@SOHO@農林漁業@専門職（弁護士・税理士等・医療関連）@パート・アルバイト@専業主婦・主夫@学生@無職@その他の職業	「その他の職業」と回答された方は、以下に職業をご記入ください。		自営業（商工サービス）		1232133665
5		あなたの職業を教えてください。	会社勤務（一般社員）@会社勤務（管理職）@会社経営（経営者・役員）@公務員・教職員・非営利団体職員@派遣社員・契約社員@自営業（商工サービス）@SOHO@農林漁業@専門職（弁護士・税理士等・医療関連）@パート・アルバイト@専業主婦・主夫@学生@無職@その他の職業	「その他の職業」と回答された方は、以下に職業をご記入ください。		パート・アルバイト		1232235701
5		あなたの職業を教えてください。	会社勤務（一般社員）@会社勤務（管理職）@会社経営（経営者・役員）@公務員・教職員・非営利団体職員@派遣社員・契約社員@自営業（商工サービス）@SOHO@農林漁業@専門職（弁護士・税理士等・医療関連）@パート・アルバイト@専業主婦・主夫@学生@無職@その他の職業	「その他の職業」と回答された方は、以下に職業をご記入ください。		派遣社員・契約社員		1233034245
5		あなたの職業を教えてください。	会社勤務（一般社員）@会社勤務（管理職）@会社経営（経営者・役員）@公務員・教職員・非営利団体職員@派遣社員・契約社員@自営業（商工サービス）@SOHO@農林漁業@専門職（弁護士・税理士等・医療関連）@パート・アルバイト@専業主婦・主夫@学生@無職@その他の職業	「その他の職業」と回答された方は、以下に職業をご記入ください。		専業主婦・主夫		1233158676
5		あなたの職業を教えてください。	会社勤務（一般社員）@会社勤務（管理職）@会社経営（経営者・役員）@公務員・教職員・非営利団体職員@派遣社員・契約社員@自営業（商工サービス）@SOHO@農林漁業@専門職（弁護士・税理士等・医療関連）@パート・アルバイト@専業主婦・主夫@学生@無職@その他の職業	「その他の職業」と回答された方は、以下に職業をご記入ください。		無職		1233319755
5		あなたの職業を教えてください。	会社勤務（一般社員）@会社勤務（管理職）@会社経営（経営者・役員）@公務員・教職員・非営利団体職員@派遣社員・契約社員@自営業（商工サービス）@SOHO@農林漁業@専門職（弁護士・税理士等・医療関連）@パート・アルバイト@専業主婦・主夫@学生@無職@その他の職業	「その他の職業」と回答された方は、以下に職業をご記入ください。		会社勤務（一般社員）		1233865950
5		あなたの職業を教えてください。	会社勤務（一般社員）@会社勤務（管理職）@会社経営（経営者・役員）@公務員・教職員・非営利団体職員@派遣社員・契約社員@自営業（商工サービス）@SOHO@農林漁業@専門職（弁護士・税理士等・医療関連）@パート・アルバイト@専業主婦・主夫@学生@無職@その他の職業	「その他の職業」と回答された方は、以下に職業をご記入ください。		会社勤務（一般社員）		1234111828
5		あなたの職業を教えてください。	会社勤務（一般社員）@会社勤務（管理職）@会社経営（経営者・役員）@公務員・教職員・非営利団体職員@派遣社員・契約社員@自営業（商工サービス）@SOHO@農林漁業@専門職（弁護士・税理士等・医療関連）@パート・アルバイト@専業主婦・主夫@学生@無職@その他の職業	「その他の職業」と回答された方は、以下に職業をご記入ください。		専業主婦・主夫		1235470191
5		あなたの職業を教えてください。	会社勤務（一般社員）@会社勤務（管理職）@会社経営（経営者・役員）@公務員・教職員・非営利団体職員@派遣社員・契約社員@自営業（商工サービス）@SOHO@農林漁業@専門職（弁護士・税理士等・医療関連）@パート・アルバイト@専業主婦・主夫@学生@無職@その他の職業	「その他の職業」と回答された方は、以下に職業をご記入ください。		パート・アルバイト		1235799495
5		あなたの職業を教えてください。	会社勤務（一般社員）@会社勤務（管理職）@会社経営（経営者・役員）@公務員・教職員・非営利団体職員@派遣社員・契約社員@自営業（商工サービス）@SOHO@農林漁業@専門職（弁護士・税理士等・医療関連）@パート・アルバイト@専業主婦・主夫@学生@無職@その他の職業	「その他の職業」と回答された方は、以下に職業をご記入ください。		SOHO		1236783983
5		あなたの職業を教えてください。	会社勤務（一般社員）@会社勤務（管理職）@会社経営（経営者・役員）@公務員・教職員・非営利団体職員@派遣社員・契約社員@自営業（商工サービス）@SOHO@農林漁業@専門職（弁護士・税理士等・医療関連）@パート・アルバイト@専業主婦・主夫@学生@無職@その他の職業	「その他の職業」と回答された方は、以下に職業をご記入ください。		会社勤務（一般社員）		1237116025
5		あなたの職業を教えてください。	会社勤務（一般社員）@会社勤務（管理職）@会社経営（経営者・役員）@公務員・教職員・非営利団体職員@派遣社員・契約社員@自営業（商工サービス）@SOHO@農林漁業@専門職（弁護士・税理士等・医療関連）@パート・アルバイト@専業主婦・主夫@学生@無職@その他の職業	「その他の職業」と回答された方は、以下に職業をご記入ください。		パート・アルバイト		1237226997
5		あなたの職業を教えてください。	会社勤務（一般社員）@会社勤務（管理職）@会社経営（経営者・役員）@公務員・教職員・非営利団体職員@派遣社員・契約社員@自営業（商工サービス）@SOHO@農林漁業@専門職（弁護士・税理士等・医療関連）@パート・アルバイト@専業主婦・主夫@学生@無職@その他の職業	「その他の職業」と回答された方は、以下に職業をご記入ください。		会社勤務（一般社員）		1237379785
5		あなたの職業を教えてください。	会社勤務（一般社員）@会社勤務（管理職）@会社経営（経営者・役員）@公務員・教職員・非営利団体職員@派遣社員・契約社員@自営業（商工サービス）@SOHO@農林漁業@専門職（弁護士・税理士等・医療関連）@パート・アルバイト@専業主婦・主夫@学生@無職@その他の職業	「その他の職業」と回答された方は、以下に職業をご記入ください。		会社勤務（一般社員）		1237735357
5		あなたの職業を教えてください。	会社勤務（一般社員）@会社勤務（管理職）@会社経営（経営者・役員）@公務員・教職員・非営利団体職員@派遣社員・契約社員@自営業（商工サービス）@SOHO@農林漁業@専門職（弁護士・税理士等・医療関連）@パート・アルバイト@専業主婦・主夫@学生@無職@その他の職業	「その他の職業」と回答された方は、以下に職業をご記入ください。		無職		1238098439
5		あなたの職業を教えてください。	会社勤務（一般社員）@会社勤務（管理職）@会社経営（経営者・役員）@公務員・教職員・非営利団体職員@派遣社員・契約社員@自営業（商工サービス）@SOHO@農林漁業@専門職（弁護士・税理士等・医療関連）@パート・アルバイト@専業主婦・主夫@学生@無職@その他の職業	「その他の職業」と回答された方は、以下に職業をご記入ください。		会社勤務（一般社員）		1238742717
5		あなたの職業を教えてください。	会社勤務（一般社員）@会社勤務（管理職）@会社経営（経営者・役員）@公務員・教職員・非営利団体職員@派遣社員・契約社員@自営業（商工サービス）@SOHO@農林漁業@専門職（弁護士・税理士等・医療関連）@パート・アルバイト@専業主婦・主夫@学生@無職@その他の職業	「その他の職業」と回答された方は、以下に職業をご記入ください。		無職		1239057784
5		あなたの職業を教えてください。	会社勤務（一般社員）@会社勤務（管理職）@会社経営（経営者・役員）@公務員・教職員・非営利団体職員@派遣社員・契約社員@自営業（商工サービス）@SOHO@農林漁業@専門職（弁護士・税理士等・医療関連）@パート・アルバイト@専業主婦・主夫@学生@無職@その他の職業	「その他の職業」と回答された方は、以下に職業をご記入ください。		パート・アルバイト		1239060423
5		あなたの職業を教えてください。	会社勤務（一般社員）@会社勤務（管理職）@会社経営（経営者・役員）@公務員・教職員・非営利団体職員@派遣社員・契約社員@自営業（商工サービス）@SOHO@農林漁業@専門職（弁護士・税理士等・医療関連）@パート・アルバイト@専業主婦・主夫@学生@無職@その他の職業	「その他の職業」と回答された方は、以下に職業をご記入ください。		会社勤務（一般社員）		1239097506
5		あなたの職業を教えてください。	会社勤務（一般社員）@会社勤務（管理職）@会社経営（経営者・役員）@公務員・教職員・非営利団体職員@派遣社員・契約社員@自営業（商工サービス）@SOHO@農林漁業@専門職（弁護士・税理士等・医療関連）@パート・アルバイト@専業主婦・主夫@学生@無職@その他の職業	「その他の職業」と回答された方は、以下に職業をご記入ください。		会社勤務（一般社員）		1239100295
5		あなたの職業を教えてください。	会社勤務（一般社員）@会社勤務（管理職）@会社経営（経営者・役員）@公務員・教職員・非営利団体職員@派遣社員・契約社員@自営業（商工サービス）@SOHO@農林漁業@専門職（弁護士・税理士等・医療関連）@パート・アルバイト@専業主婦・主夫@学生@無職@その他の職業	「その他の職業」と回答された方は、以下に職業をご記入ください。		無職		1239142888
5		あなたの職業を教えてください。	会社勤務（一般社員）@会社勤務（管理職）@会社経営（経営者・役員）@公務員・教職員・非営利団体職員@派遣社員・契約社員@自営業（商工サービス）@SOHO@農林漁業@専門職（弁護士・税理士等・医療関連）@パート・アルバイト@専業主婦・主夫@学生@無職@その他の職業	「その他の職業」と回答された方は、以下に職業をご記入ください。		パート・アルバイト		1239156834
5		あなたの職業を教えてください。	会社勤務（一般社員）@会社勤務（管理職）@会社経営（経営者・役員）@公務員・教職員・非営利団体職員@派遣社員・契約社員@自営業（商工サービス）@SOHO@農林漁業@専門職（弁護士・税理士等・医療関連）@パート・アルバイト@専業主婦・主夫@学生@無職@その他の職業	「その他の職業」と回答された方は、以下に職業をご記入ください。		専業主婦・主夫		1239178641
6		あなたがお勤めの組織の業種を教えてください。	エネルギー・素材・産業機械@食品@飲料・嗜好品@薬品・医療用品@化粧品・トイレタリー・サニタリー@ファッション・アクセサリー@精密機械・事務用品@家電・AV機器@自動車・輸送機器@家庭用品@趣味・スポーツ用品@不動産・住宅設備@情報・通信@流通・小売業@金融・保険@交通・レジャー@外食・各種サービス@官公庁・団体@教育・医療サービス・宗教@新聞・雑誌・テレビ・ラジオ・広告等マスコミ関係@市場調査@その他@この中に当てはまるものがない	「その他」と回答したかたは、以下に業種をご記入ください。		食品		1225471768
6		あなたがお勤めの組織の業種を教えてください。	エネルギー・素材・産業機械@食品@飲料・嗜好品@薬品・医療用品@化粧品・トイレタリー・サニタリー@ファッション・アクセサリー@精密機械・事務用品@家電・AV機器@自動車・輸送機器@家庭用品@趣味・スポーツ用品@不動産・住宅設備@情報・通信@流通・小売業@金融・保険@交通・レジャー@外食・各種サービス@官公庁・団体@教育・医療サービス・宗教@新聞・雑誌・テレビ・ラジオ・広告等マスコミ関係@市場調査@その他@この中に当てはまるものがない	「その他」と回答したかたは、以下に業種をご記入ください。		金融・保険		1225591370
6		あなたがお勤めの組織の業種を教えてください。	エネルギー・素材・産業機械@食品@飲料・嗜好品@薬品・医療用品@化粧品・トイレタリー・サニタリー@ファッション・アクセサリー@精密機械・事務用品@家電・AV機器@自動車・輸送機器@家庭用品@趣味・スポーツ用品@不動産・住宅設備@情報・通信@流通・小売業@金融・保険@交通・レジャー@外食・各種サービス@官公庁・団体@教育・医療サービス・宗教@新聞・雑誌・テレビ・ラジオ・広告等マスコミ関係@市場調査@その他@この中に当てはまるものがない	「その他」と回答したかたは、以下に業種をご記入ください。		自動車・輸送機器		1225934144
6		あなたがお勤めの組織の業種を教えてください。	エネルギー・素材・産業機械@食品@飲料・嗜好品@薬品・医療用品@化粧品・トイレタリー・サニタリー@ファッション・アクセサリー@精密機械・事務用品@家電・AV機器@自動車・輸送機器@家庭用品@趣味・スポーツ用品@不動産・住宅設備@情報・通信@流通・小売業@金融・保険@交通・レジャー@外食・各種サービス@官公庁・団体@教育・医療サービス・宗教@新聞・雑誌・テレビ・ラジオ・広告等マスコミ関係@市場調査@その他@この中に当てはまるものがない	「その他」と回答したかたは、以下に業種をご記入ください。		この中に当てはまるものがない		1226283432
6		あなたがお勤めの組織の業種を教えてください。	エネルギー・素材・産業機械@食品@飲料・嗜好品@薬品・医療用品@化粧品・トイレタリー・サニタリー@ファッション・アクセサリー@精密機械・事務用品@家電・AV機器@自動車・輸送機器@家庭用品@趣味・スポーツ用品@不動産・住宅設備@情報・通信@流通・小売業@金融・保険@交通・レジャー@外食・各種サービス@官公庁・団体@教育・医療サービス・宗教@新聞・雑誌・テレビ・ラジオ・広告等マスコミ関係@市場調査@その他@この中に当てはまるものがない	「その他」と回答したかたは、以下に業種をご記入ください。		その他	印刷	1227217894
6		あなたがお勤めの組織の業種を教えてください。	エネルギー・素材・産業機械@食品@飲料・嗜好品@薬品・医療用品@化粧品・トイレタリー・サニタリー@ファッション・アクセサリー@精密機械・事務用品@家電・AV機器@自動車・輸送機器@家庭用品@趣味・スポーツ用品@不動産・住宅設備@情報・通信@流通・小売業@金融・保険@交通・レジャー@外食・各種サービス@官公庁・団体@教育・医療サービス・宗教@新聞・雑誌・テレビ・ラジオ・広告等マスコミ関係@市場調査@その他@この中に当てはまるものがない	「その他」と回答したかたは、以下に業種をご記入ください。		金融・保険		1227394464
6		あなたがお勤めの組織の業種を教えてください。	エネルギー・素材・産業機械@食品@飲料・嗜好品@薬品・医療用品@化粧品・トイレタリー・サニタリー@ファッション・アクセサリー@精密機械・事務用品@家電・AV機器@自動車・輸送機器@家庭用品@趣味・スポーツ用品@不動産・住宅設備@情報・通信@流通・小売業@金融・保険@交通・レジャー@外食・各種サービス@官公庁・団体@教育・医療サービス・宗教@新聞・雑誌・テレビ・ラジオ・広告等マスコミ関係@市場調査@その他@この中に当てはまるものがない	「その他」と回答したかたは、以下に業種をご記入ください。		この中に当てはまるものがない		1227445043
6		あなたがお勤めの組織の業種を教えてください。	エネルギー・素材・産業機械@食品@飲料・嗜好品@薬品・医療用品@化粧品・トイレタリー・サニタリー@ファッション・アクセサリー@精密機械・事務用品@家電・AV機器@自動車・輸送機器@家庭用品@趣味・スポーツ用品@不動産・住宅設備@情報・通信@流通・小売業@金融・保険@交通・レジャー@外食・各種サービス@官公庁・団体@教育・医療サービス・宗教@新聞・雑誌・テレビ・ラジオ・広告等マスコミ関係@市場調査@その他@この中に当てはまるものがない	「その他」と回答したかたは、以下に業種をご記入ください。		その他	クリエイティブ	1227450793
6		あなたがお勤めの組織の業種を教えてください。	エネルギー・素材・産業機械@食品@飲料・嗜好品@薬品・医療用品@化粧品・トイレタリー・サニタリー@ファッション・アクセサリー@精密機械・事務用品@家電・AV機器@自動車・輸送機器@家庭用品@趣味・スポーツ用品@不動産・住宅設備@情報・通信@流通・小売業@金融・保険@交通・レジャー@外食・各種サービス@官公庁・団体@教育・医療サービス・宗教@新聞・雑誌・テレビ・ラジオ・広告等マスコミ関係@市場調査@その他@この中に当てはまるものがない	「その他」と回答したかたは、以下に業種をご記入ください。		エネルギー・素材・産業機械		1227521088
6		あなたがお勤めの組織の業種を教えてください。	エネルギー・素材・産業機械@食品@飲料・嗜好品@薬品・医療用品@化粧品・トイレタリー・サニタリー@ファッション・アクセサリー@精密機械・事務用品@家電・AV機器@自動車・輸送機器@家庭用品@趣味・スポーツ用品@不動産・住宅設備@情報・通信@流通・小売業@金融・保険@交通・レジャー@外食・各種サービス@官公庁・団体@教育・医療サービス・宗教@新聞・雑誌・テレビ・ラジオ・広告等マスコミ関係@市場調査@その他@この中に当てはまるものがない	「その他」と回答したかたは、以下に業種をご記入ください。		その他	福祉	1228257169
6		あなたがお勤めの組織の業種を教えてください。	エネルギー・素材・産業機械@食品@飲料・嗜好品@薬品・医療用品@化粧品・トイレタリー・サニタリー@ファッション・アクセサリー@精密機械・事務用品@家電・AV機器@自動車・輸送機器@家庭用品@趣味・スポーツ用品@不動産・住宅設備@情報・通信@流通・小売業@金融・保険@交通・レジャー@外食・各種サービス@官公庁・団体@教育・医療サービス・宗教@新聞・雑誌・テレビ・ラジオ・広告等マスコミ関係@市場調査@その他@この中に当てはまるものがない	「その他」と回答したかたは、以下に業種をご記入ください。		教育・医療サービス・宗教		1228465245
6		あなたがお勤めの組織の業種を教えてください。	エネルギー・素材・産業機械@食品@飲料・嗜好品@薬品・医療用品@化粧品・トイレタリー・サニタリー@ファッション・アクセサリー@精密機械・事務用品@家電・AV機器@自動車・輸送機器@家庭用品@趣味・スポーツ用品@不動産・住宅設備@情報・通信@流通・小売業@金融・保険@交通・レジャー@外食・各種サービス@官公庁・団体@教育・医療サービス・宗教@新聞・雑誌・テレビ・ラジオ・広告等マスコミ関係@市場調査@その他@この中に当てはまるものがない	「その他」と回答したかたは、以下に業種をご記入ください。		流通・小売業		1229449382
6		あなたがお勤めの組織の業種を教えてください。	エネルギー・素材・産業機械@食品@飲料・嗜好品@薬品・医療用品@化粧品・トイレタリー・サニタリー@ファッション・アクセサリー@精密機械・事務用品@家電・AV機器@自動車・輸送機器@家庭用品@趣味・スポーツ用品@不動産・住宅設備@情報・通信@流通・小売業@金融・保険@交通・レジャー@外食・各種サービス@官公庁・団体@教育・医療サービス・宗教@新聞・雑誌・テレビ・ラジオ・広告等マスコミ関係@市場調査@その他@この中に当てはまるものがない	「その他」と回答したかたは、以下に業種をご記入ください。		情報・通信		1229595611
6		あなたがお勤めの組織の業種を教えてください。	エネルギー・素材・産業機械@食品@飲料・嗜好品@薬品・医療用品@化粧品・トイレタリー・サニタリー@ファッション・アクセサリー@精密機械・事務用品@家電・AV機器@自動車・輸送機器@家庭用品@趣味・スポーツ用品@不動産・住宅設備@情報・通信@流通・小売業@金融・保険@交通・レジャー@外食・各種サービス@官公庁・団体@教育・医療サービス・宗教@新聞・雑誌・テレビ・ラジオ・広告等マスコミ関係@市場調査@その他@この中に当てはまるものがない	「その他」と回答したかたは、以下に業種をご記入ください。		この中に当てはまるものがない		1229723967
6		あなたがお勤めの組織の業種を教えてください。	エネルギー・素材・産業機械@食品@飲料・嗜好品@薬品・医療用品@化粧品・トイレタリー・サニタリー@ファッション・アクセサリー@精密機械・事務用品@家電・AV機器@自動車・輸送機器@家庭用品@趣味・スポーツ用品@不動産・住宅設備@情報・通信@流通・小売業@金融・保険@交通・レジャー@外食・各種サービス@官公庁・団体@教育・医療サービス・宗教@新聞・雑誌・テレビ・ラジオ・広告等マスコミ関係@市場調査@その他@この中に当てはまるものがない	「その他」と回答したかたは、以下に業種をご記入ください。		この中に当てはまるものがない		1230616746
6		あなたがお勤めの組織の業種を教えてください。	エネルギー・素材・産業機械@食品@飲料・嗜好品@薬品・医療用品@化粧品・トイレタリー・サニタリー@ファッション・アクセサリー@精密機械・事務用品@家電・AV機器@自動車・輸送機器@家庭用品@趣味・スポーツ用品@不動産・住宅設備@情報・通信@流通・小売業@金融・保険@交通・レジャー@外食・各種サービス@官公庁・団体@教育・医療サービス・宗教@新聞・雑誌・テレビ・ラジオ・広告等マスコミ関係@市場調査@その他@この中に当てはまるものがない	「その他」と回答したかたは、以下に業種をご記入ください。		ファッション・アクセサリー		1230633211
6		あなたがお勤めの組織の業種を教えてください。	エネルギー・素材・産業機械@食品@飲料・嗜好品@薬品・医療用品@化粧品・トイレタリー・サニタリー@ファッション・アクセサリー@精密機械・事務用品@家電・AV機器@自動車・輸送機器@家庭用品@趣味・スポーツ用品@不動産・住宅設備@情報・通信@流通・小売業@金融・保険@交通・レジャー@外食・各種サービス@官公庁・団体@教育・医療サービス・宗教@新聞・雑誌・テレビ・ラジオ・広告等マスコミ関係@市場調査@その他@この中に当てはまるものがない	「その他」と回答したかたは、以下に業種をご記入ください。		この中に当てはまるものがない		1230659682
6		あなたがお勤めの組織の業種を教えてください。	エネルギー・素材・産業機械@食品@飲料・嗜好品@薬品・医療用品@化粧品・トイレタリー・サニタリー@ファッション・アクセサリー@精密機械・事務用品@家電・AV機器@自動車・輸送機器@家庭用品@趣味・スポーツ用品@不動産・住宅設備@情報・通信@流通・小売業@金融・保険@交通・レジャー@外食・各種サービス@官公庁・団体@教育・医療サービス・宗教@新聞・雑誌・テレビ・ラジオ・広告等マスコミ関係@市場調査@その他@この中に当てはまるものがない	「その他」と回答したかたは、以下に業種をご記入ください。		この中に当てはまるものがない		1230831043
6		あなたがお勤めの組織の業種を教えてください。	エネルギー・素材・産業機械@食品@飲料・嗜好品@薬品・医療用品@化粧品・トイレタリー・サニタリー@ファッション・アクセサリー@精密機械・事務用品@家電・AV機器@自動車・輸送機器@家庭用品@趣味・スポーツ用品@不動産・住宅設備@情報・通信@流通・小売業@金融・保険@交通・レジャー@外食・各種サービス@官公庁・団体@教育・医療サービス・宗教@新聞・雑誌・テレビ・ラジオ・広告等マスコミ関係@市場調査@その他@この中に当てはまるものがない	「その他」と回答したかたは、以下に業種をご記入ください。		情報・通信		1231005377
6		あなたがお勤めの組織の業種を教えてください。	エネルギー・素材・産業機械@食品@飲料・嗜好品@薬品・医療用品@化粧品・トイレタリー・サニタリー@ファッション・アクセサリー@精密機械・事務用品@家電・AV機器@自動車・輸送機器@家庭用品@趣味・スポーツ用品@不動産・住宅設備@情報・通信@流通・小売業@金融・保険@交通・レジャー@外食・各種サービス@官公庁・団体@教育・医療サービス・宗教@新聞・雑誌・テレビ・ラジオ・広告等マスコミ関係@市場調査@その他@この中に当てはまるものがない	「その他」と回答したかたは、以下に業種をご記入ください。		この中に当てはまるものがない		1231219713
6		あなたがお勤めの組織の業種を教えてください。	エネルギー・素材・産業機械@食品@飲料・嗜好品@薬品・医療用品@化粧品・トイレタリー・サニタリー@ファッション・アクセサリー@精密機械・事務用品@家電・AV機器@自動車・輸送機器@家庭用品@趣味・スポーツ用品@不動産・住宅設備@情報・通信@流通・小売業@金融・保険@交通・レジャー@外食・各種サービス@官公庁・団体@教育・医療サービス・宗教@新聞・雑誌・テレビ・ラジオ・広告等マスコミ関係@市場調査@その他@この中に当てはまるものがない	「その他」と回答したかたは、以下に業種をご記入ください。		情報・通信		1231343522
6		あなたがお勤めの組織の業種を教えてください。	エネルギー・素材・産業機械@食品@飲料・嗜好品@薬品・医療用品@化粧品・トイレタリー・サニタリー@ファッション・アクセサリー@精密機械・事務用品@家電・AV機器@自動車・輸送機器@家庭用品@趣味・スポーツ用品@不動産・住宅設備@情報・通信@流通・小売業@金融・保険@交通・レジャー@外食・各種サービス@官公庁・団体@教育・医療サービス・宗教@新聞・雑誌・テレビ・ラジオ・広告等マスコミ関係@市場調査@その他@この中に当てはまるものがない	「その他」と回答したかたは、以下に業種をご記入ください。		その他		1231433995
6		あなたがお勤めの組織の業種を教えてください。	エネルギー・素材・産業機械@食品@飲料・嗜好品@薬品・医療用品@化粧品・トイレタリー・サニタリー@ファッション・アクセサリー@精密機械・事務用品@家電・AV機器@自動車・輸送機器@家庭用品@趣味・スポーツ用品@不動産・住宅設備@情報・通信@流通・小売業@金融・保険@交通・レジャー@外食・各種サービス@官公庁・団体@教育・医療サービス・宗教@新聞・雑誌・テレビ・ラジオ・広告等マスコミ関係@市場調査@その他@この中に当てはまるものがない	「その他」と回答したかたは、以下に業種をご記入ください。		不動産・住宅設備		1231551172
6		あなたがお勤めの組織の業種を教えてください。	エネルギー・素材・産業機械@食品@飲料・嗜好品@薬品・医療用品@化粧品・トイレタリー・サニタリー@ファッション・アクセサリー@精密機械・事務用品@家電・AV機器@自動車・輸送機器@家庭用品@趣味・スポーツ用品@不動産・住宅設備@情報・通信@流通・小売業@金融・保険@交通・レジャー@外食・各種サービス@官公庁・団体@教育・医療サービス・宗教@新聞・雑誌・テレビ・ラジオ・広告等マスコミ関係@市場調査@その他@この中に当てはまるものがない	「その他」と回答したかたは、以下に業種をご記入ください。		新聞・雑誌・テレビ・ラジオ・広告等マスコミ関係		1231576912
6		あなたがお勤めの組織の業種を教えてください。	エネルギー・素材・産業機械@食品@飲料・嗜好品@薬品・医療用品@化粧品・トイレタリー・サニタリー@ファッション・アクセサリー@精密機械・事務用品@家電・AV機器@自動車・輸送機器@家庭用品@趣味・スポーツ用品@不動産・住宅設備@情報・通信@流通・小売業@金融・保険@交通・レジャー@外食・各種サービス@官公庁・団体@教育・医療サービス・宗教@新聞・雑誌・テレビ・ラジオ・広告等マスコミ関係@市場調査@その他@この中に当てはまるものがない	「その他」と回答したかたは、以下に業種をご記入ください。		その他	エンタメ	1231913695
6		あなたがお勤めの組織の業種を教えてください。	エネルギー・素材・産業機械@食品@飲料・嗜好品@薬品・医療用品@化粧品・トイレタリー・サニタリー@ファッション・アクセサリー@精密機械・事務用品@家電・AV機器@自動車・輸送機器@家庭用品@趣味・スポーツ用品@不動産・住宅設備@情報・通信@流通・小売業@金融・保険@交通・レジャー@外食・各種サービス@官公庁・団体@教育・医療サービス・宗教@新聞・雑誌・テレビ・ラジオ・広告等マスコミ関係@市場調査@その他@この中に当てはまるものがない	「その他」と回答したかたは、以下に業種をご記入ください。		外食・各種サービス		1232079946
6		あなたがお勤めの組織の業種を教えてください。	エネルギー・素材・産業機械@食品@飲料・嗜好品@薬品・医療用品@化粧品・トイレタリー・サニタリー@ファッション・アクセサリー@精密機械・事務用品@家電・AV機器@自動車・輸送機器@家庭用品@趣味・スポーツ用品@不動産・住宅設備@情報・通信@流通・小売業@金融・保険@交通・レジャー@外食・各種サービス@官公庁・団体@教育・医療サービス・宗教@新聞・雑誌・テレビ・ラジオ・広告等マスコミ関係@市場調査@その他@この中に当てはまるものがない	「その他」と回答したかたは、以下に業種をご記入ください。		この中に当てはまるものがない		1232116825
6		あなたがお勤めの組織の業種を教えてください。	エネルギー・素材・産業機械@食品@飲料・嗜好品@薬品・医療用品@化粧品・トイレタリー・サニタリー@ファッション・アクセサリー@精密機械・事務用品@家電・AV機器@自動車・輸送機器@家庭用品@趣味・スポーツ用品@不動産・住宅設備@情報・通信@流通・小売業@金融・保険@交通・レジャー@外食・各種サービス@官公庁・団体@教育・医療サービス・宗教@新聞・雑誌・テレビ・ラジオ・広告等マスコミ関係@市場調査@その他@この中に当てはまるものがない	「その他」と回答したかたは、以下に業種をご記入ください。		流通・小売業		1232133665
6		あなたがお勤めの組織の業種を教えてください。	エネルギー・素材・産業機械@食品@飲料・嗜好品@薬品・医療用品@化粧品・トイレタリー・サニタリー@ファッション・アクセサリー@精密機械・事務用品@家電・AV機器@自動車・輸送機器@家庭用品@趣味・スポーツ用品@不動産・住宅設備@情報・通信@流通・小売業@金融・保険@交通・レジャー@外食・各種サービス@官公庁・団体@教育・医療サービス・宗教@新聞・雑誌・テレビ・ラジオ・広告等マスコミ関係@市場調査@その他@この中に当てはまるものがない	「その他」と回答したかたは、以下に業種をご記入ください。		外食・各種サービス		1232235701
6		あなたがお勤めの組織の業種を教えてください。	エネルギー・素材・産業機械@食品@飲料・嗜好品@薬品・医療用品@化粧品・トイレタリー・サニタリー@ファッション・アクセサリー@精密機械・事務用品@家電・AV機器@自動車・輸送機器@家庭用品@趣味・スポーツ用品@不動産・住宅設備@情報・通信@流通・小売業@金融・保険@交通・レジャー@外食・各種サービス@官公庁・団体@教育・医療サービス・宗教@新聞・雑誌・テレビ・ラジオ・広告等マスコミ関係@市場調査@その他@この中に当てはまるものがない	「その他」と回答したかたは、以下に業種をご記入ください。		教育・医療サービス・宗教		1233034245
6		あなたがお勤めの組織の業種を教えてください。	エネルギー・素材・産業機械@食品@飲料・嗜好品@薬品・医療用品@化粧品・トイレタリー・サニタリー@ファッション・アクセサリー@精密機械・事務用品@家電・AV機器@自動車・輸送機器@家庭用品@趣味・スポーツ用品@不動産・住宅設備@情報・通信@流通・小売業@金融・保険@交通・レジャー@外食・各種サービス@官公庁・団体@教育・医療サービス・宗教@新聞・雑誌・テレビ・ラジオ・広告等マスコミ関係@市場調査@その他@この中に当てはまるものがない	「その他」と回答したかたは、以下に業種をご記入ください。		この中に当てはまるものがない		1233158676
6		あなたがお勤めの組織の業種を教えてください。	エネルギー・素材・産業機械@食品@飲料・嗜好品@薬品・医療用品@化粧品・トイレタリー・サニタリー@ファッション・アクセサリー@精密機械・事務用品@家電・AV機器@自動車・輸送機器@家庭用品@趣味・スポーツ用品@不動産・住宅設備@情報・通信@流通・小売業@金融・保険@交通・レジャー@外食・各種サービス@官公庁・団体@教育・医療サービス・宗教@新聞・雑誌・テレビ・ラジオ・広告等マスコミ関係@市場調査@その他@この中に当てはまるものがない	「その他」と回答したかたは、以下に業種をご記入ください。		この中に当てはまるものがない		1233319755
6		あなたがお勤めの組織の業種を教えてください。	エネルギー・素材・産業機械@食品@飲料・嗜好品@薬品・医療用品@化粧品・トイレタリー・サニタリー@ファッション・アクセサリー@精密機械・事務用品@家電・AV機器@自動車・輸送機器@家庭用品@趣味・スポーツ用品@不動産・住宅設備@情報・通信@流通・小売業@金融・保険@交通・レジャー@外食・各種サービス@官公庁・団体@教育・医療サービス・宗教@新聞・雑誌・テレビ・ラジオ・広告等マスコミ関係@市場調査@その他@この中に当てはまるものがない	「その他」と回答したかたは、以下に業種をご記入ください。		その他	建設	1233865950
6		あなたがお勤めの組織の業種を教えてください。	エネルギー・素材・産業機械@食品@飲料・嗜好品@薬品・医療用品@化粧品・トイレタリー・サニタリー@ファッション・アクセサリー@精密機械・事務用品@家電・AV機器@自動車・輸送機器@家庭用品@趣味・スポーツ用品@不動産・住宅設備@情報・通信@流通・小売業@金融・保険@交通・レジャー@外食・各種サービス@官公庁・団体@教育・医療サービス・宗教@新聞・雑誌・テレビ・ラジオ・広告等マスコミ関係@市場調査@その他@この中に当てはまるものがない	「その他」と回答したかたは、以下に業種をご記入ください。		流通・小売業		1234111828
6		あなたがお勤めの組織の業種を教えてください。	エネルギー・素材・産業機械@食品@飲料・嗜好品@薬品・医療用品@化粧品・トイレタリー・サニタリー@ファッション・アクセサリー@精密機械・事務用品@家電・AV機器@自動車・輸送機器@家庭用品@趣味・スポーツ用品@不動産・住宅設備@情報・通信@流通・小売業@金融・保険@交通・レジャー@外食・各種サービス@官公庁・団体@教育・医療サービス・宗教@新聞・雑誌・テレビ・ラジオ・広告等マスコミ関係@市場調査@その他@この中に当てはまるものがない	「その他」と回答したかたは、以下に業種をご記入ください。		この中に当てはまるものがない		1235470191
6		あなたがお勤めの組織の業種を教えてください。	エネルギー・素材・産業機械@食品@飲料・嗜好品@薬品・医療用品@化粧品・トイレタリー・サニタリー@ファッション・アクセサリー@精密機械・事務用品@家電・AV機器@自動車・輸送機器@家庭用品@趣味・スポーツ用品@不動産・住宅設備@情報・通信@流通・小売業@金融・保険@交通・レジャー@外食・各種サービス@官公庁・団体@教育・医療サービス・宗教@新聞・雑誌・テレビ・ラジオ・広告等マスコミ関係@市場調査@その他@この中に当てはまるものがない	「その他」と回答したかたは、以下に業種をご記入ください。		教育・医療サービス・宗教		1235799495
6		あなたがお勤めの組織の業種を教えてください。	エネルギー・素材・産業機械@食品@飲料・嗜好品@薬品・医療用品@化粧品・トイレタリー・サニタリー@ファッション・アクセサリー@精密機械・事務用品@家電・AV機器@自動車・輸送機器@家庭用品@趣味・スポーツ用品@不動産・住宅設備@情報・通信@流通・小売業@金融・保険@交通・レジャー@外食・各種サービス@官公庁・団体@教育・医療サービス・宗教@新聞・雑誌・テレビ・ラジオ・広告等マスコミ関係@市場調査@その他@この中に当てはまるものがない	「その他」と回答したかたは、以下に業種をご記入ください。		教育・医療サービス・宗教		1236783983
6		あなたがお勤めの組織の業種を教えてください。	エネルギー・素材・産業機械@食品@飲料・嗜好品@薬品・医療用品@化粧品・トイレタリー・サニタリー@ファッション・アクセサリー@精密機械・事務用品@家電・AV機器@自動車・輸送機器@家庭用品@趣味・スポーツ用品@不動産・住宅設備@情報・通信@流通・小売業@金融・保険@交通・レジャー@外食・各種サービス@官公庁・団体@教育・医療サービス・宗教@新聞・雑誌・テレビ・ラジオ・広告等マスコミ関係@市場調査@その他@この中に当てはまるものがない	「その他」と回答したかたは、以下に業種をご記入ください。		エネルギー・素材・産業機械		1237116025
6		あなたがお勤めの組織の業種を教えてください。	エネルギー・素材・産業機械@食品@飲料・嗜好品@薬品・医療用品@化粧品・トイレタリー・サニタリー@ファッション・アクセサリー@精密機械・事務用品@家電・AV機器@自動車・輸送機器@家庭用品@趣味・スポーツ用品@不動産・住宅設備@情報・通信@流通・小売業@金融・保険@交通・レジャー@外食・各種サービス@官公庁・団体@教育・医療サービス・宗教@新聞・雑誌・テレビ・ラジオ・広告等マスコミ関係@市場調査@その他@この中に当てはまるものがない	「その他」と回答したかたは、以下に業種をご記入ください。		流通・小売業		1237226997
6		あなたがお勤めの組織の業種を教えてください。	エネルギー・素材・産業機械@食品@飲料・嗜好品@薬品・医療用品@化粧品・トイレタリー・サニタリー@ファッション・アクセサリー@精密機械・事務用品@家電・AV機器@自動車・輸送機器@家庭用品@趣味・スポーツ用品@不動産・住宅設備@情報・通信@流通・小売業@金融・保険@交通・レジャー@外食・各種サービス@官公庁・団体@教育・医療サービス・宗教@新聞・雑誌・テレビ・ラジオ・広告等マスコミ関係@市場調査@その他@この中に当てはまるものがない	「その他」と回答したかたは、以下に業種をご記入ください。		その他	建設	1237379785
6		あなたがお勤めの組織の業種を教えてください。	エネルギー・素材・産業機械@食品@飲料・嗜好品@薬品・医療用品@化粧品・トイレタリー・サニタリー@ファッション・アクセサリー@精密機械・事務用品@家電・AV機器@自動車・輸送機器@家庭用品@趣味・スポーツ用品@不動産・住宅設備@情報・通信@流通・小売業@金融・保険@交通・レジャー@外食・各種サービス@官公庁・団体@教育・医療サービス・宗教@新聞・雑誌・テレビ・ラジオ・広告等マスコミ関係@市場調査@その他@この中に当てはまるものがない	「その他」と回答したかたは、以下に業種をご記入ください。		この中に当てはまるものがない		1237735357
6		あなたがお勤めの組織の業種を教えてください。	エネルギー・素材・産業機械@食品@飲料・嗜好品@薬品・医療用品@化粧品・トイレタリー・サニタリー@ファッション・アクセサリー@精密機械・事務用品@家電・AV機器@自動車・輸送機器@家庭用品@趣味・スポーツ用品@不動産・住宅設備@情報・通信@流通・小売業@金融・保険@交通・レジャー@外食・各種サービス@官公庁・団体@教育・医療サービス・宗教@新聞・雑誌・テレビ・ラジオ・広告等マスコミ関係@市場調査@その他@この中に当てはまるものがない	「その他」と回答したかたは、以下に業種をご記入ください。		この中に当てはまるものがない		1238098439
6		あなたがお勤めの組織の業種を教えてください。	エネルギー・素材・産業機械@食品@飲料・嗜好品@薬品・医療用品@化粧品・トイレタリー・サニタリー@ファッション・アクセサリー@精密機械・事務用品@家電・AV機器@自動車・輸送機器@家庭用品@趣味・スポーツ用品@不動産・住宅設備@情報・通信@流通・小売業@金融・保険@交通・レジャー@外食・各種サービス@官公庁・団体@教育・医療サービス・宗教@新聞・雑誌・テレビ・ラジオ・広告等マスコミ関係@市場調査@その他@この中に当てはまるものがない	「その他」と回答したかたは、以下に業種をご記入ください。		エネルギー・素材・産業機械		1238742717
6		あなたがお勤めの組織の業種を教えてください。	エネルギー・素材・産業機械@食品@飲料・嗜好品@薬品・医療用品@化粧品・トイレタリー・サニタリー@ファッション・アクセサリー@精密機械・事務用品@家電・AV機器@自動車・輸送機器@家庭用品@趣味・スポーツ用品@不動産・住宅設備@情報・通信@流通・小売業@金融・保険@交通・レジャー@外食・各種サービス@官公庁・団体@教育・医療サービス・宗教@新聞・雑誌・テレビ・ラジオ・広告等マスコミ関係@市場調査@その他@この中に当てはまるものがない	「その他」と回答したかたは、以下に業種をご記入ください。		この中に当てはまるものがない		1239057784
6		あなたがお勤めの組織の業種を教えてください。	エネルギー・素材・産業機械@食品@飲料・嗜好品@薬品・医療用品@化粧品・トイレタリー・サニタリー@ファッション・アクセサリー@精密機械・事務用品@家電・AV機器@自動車・輸送機器@家庭用品@趣味・スポーツ用品@不動産・住宅設備@情報・通信@流通・小売業@金融・保険@交通・レジャー@外食・各種サービス@官公庁・団体@教育・医療サービス・宗教@新聞・雑誌・テレビ・ラジオ・広告等マスコミ関係@市場調査@その他@この中に当てはまるものがない	「その他」と回答したかたは、以下に業種をご記入ください。		その他	リネンサプライ	1239060423
6		あなたがお勤めの組織の業種を教えてください。	エネルギー・素材・産業機械@食品@飲料・嗜好品@薬品・医療用品@化粧品・トイレタリー・サニタリー@ファッション・アクセサリー@精密機械・事務用品@家電・AV機器@自動車・輸送機器@家庭用品@趣味・スポーツ用品@不動産・住宅設備@情報・通信@流通・小売業@金融・保険@交通・レジャー@外食・各種サービス@官公庁・団体@教育・医療サービス・宗教@新聞・雑誌・テレビ・ラジオ・広告等マスコミ関係@市場調査@その他@この中に当てはまるものがない	「その他」と回答したかたは、以下に業種をご記入ください。		エネルギー・素材・産業機械		1239097506
6		あなたがお勤めの組織の業種を教えてください。	エネルギー・素材・産業機械@食品@飲料・嗜好品@薬品・医療用品@化粧品・トイレタリー・サニタリー@ファッション・アクセサリー@精密機械・事務用品@家電・AV機器@自動車・輸送機器@家庭用品@趣味・スポーツ用品@不動産・住宅設備@情報・通信@流通・小売業@金融・保険@交通・レジャー@外食・各種サービス@官公庁・団体@教育・医療サービス・宗教@新聞・雑誌・テレビ・ラジオ・広告等マスコミ関係@市場調査@その他@この中に当てはまるものがない	「その他」と回答したかたは、以下に業種をご記入ください。		その他	建設業	1239100295
6		あなたがお勤めの組織の業種を教えてください。	エネルギー・素材・産業機械@食品@飲料・嗜好品@薬品・医療用品@化粧品・トイレタリー・サニタリー@ファッション・アクセサリー@精密機械・事務用品@家電・AV機器@自動車・輸送機器@家庭用品@趣味・スポーツ用品@不動産・住宅設備@情報・通信@流通・小売業@金融・保険@交通・レジャー@外食・各種サービス@官公庁・団体@教育・医療サービス・宗教@新聞・雑誌・テレビ・ラジオ・広告等マスコミ関係@市場調査@その他@この中に当てはまるものがない	「その他」と回答したかたは、以下に業種をご記入ください。		この中に当てはまるものがない		1239142888
6		あなたがお勤めの組織の業種を教えてください。	エネルギー・素材・産業機械@食品@飲料・嗜好品@薬品・医療用品@化粧品・トイレタリー・サニタリー@ファッション・アクセサリー@精密機械・事務用品@家電・AV機器@自動車・輸送機器@家庭用品@趣味・スポーツ用品@不動産・住宅設備@情報・通信@流通・小売業@金融・保険@交通・レジャー@外食・各種サービス@官公庁・団体@教育・医療サービス・宗教@新聞・雑誌・テレビ・ラジオ・広告等マスコミ関係@市場調査@その他@この中に当てはまるものがない	「その他」と回答したかたは、以下に業種をご記入ください。		食品		1239156834
6		あなたがお勤めの組織の業種を教えてください。	エネルギー・素材・産業機械@食品@飲料・嗜好品@薬品・医療用品@化粧品・トイレタリー・サニタリー@ファッション・アクセサリー@精密機械・事務用品@家電・AV機器@自動車・輸送機器@家庭用品@趣味・スポーツ用品@不動産・住宅設備@情報・通信@流通・小売業@金融・保険@交通・レジャー@外食・各種サービス@官公庁・団体@教育・医療サービス・宗教@新聞・雑誌・テレビ・ラジオ・広告等マスコミ関係@市場調査@その他@この中に当てはまるものがない	「その他」と回答したかたは、以下に業種をご記入ください。		この中に当てはまるものがない		1239178641
7		あなたが今使用しているキーボードのキー配列について教えてください。	日本語配列（JIS配列）##※一般的にはこちらが使用されています。	https://crowdsourcing-pctr.c.yimg.jp/BgIFgYJGVIVv8u0nVJvw8Hh6g6tTQ94_GtbibT0M2tGibgzMKCIgriJiGFe6eP88ANkjrMHnzYaHAcQAjsVjqwwZRw_FMzoPg2QRJwCNmnO0PtPdBKQhMBr-E9EVUN-BZLXnimzemwd-rirBNcfumAkLWAmAOAEQszshvWazv2hoE7ie47HZ2tVV9mt_goSmtIPkH2f2ooQ49DaBDWtGHQ==	英語配列（US配列）	https://crowdsourcing-pctr.c.yimg.jp/BgIFgYJGVIVv8u0nVJvw8Hh6g6tTQ94_GtbibT0M2tGibgzMKCIgriJiGFe6eP88ANkjrMHnzYaHAcQAjsVjq4nVWzXhUs9ffdQOomiKRcYRukgZQWudcFTJxB0re9c3nFSsKQ-gYIO2yrkwWTx5cUHxJERprdcEyb5QCOaEJckQUdc-HA-jHe-brRcSOUG-03jpgfAqA7wmCgabzhgGiw==	日本語配列（JIS配列）@英語配列（US配列）@その他	「その他」と回答したかたは、以下にキー配列をご記入ください。			日本語配列（JIS配列）		1225471768
7		あなたが今使用しているキーボードのキー配列について教えてください。	日本語配列（JIS配列）##※一般的にはこちらが使用されています。	https://crowdsourcing-pctr.c.yimg.jp/BgIFgYJGVIVv8u0nVJvw8Hh6g6tTQ94_GtbibT0M2tGibgzMKCIgriJiGFe6eP88ANkjrMHnzYaHAcQAjsVjqwwZRw_FMzoPg2QRJwCNmnO0PtPdBKQhMBr-E9EVUN-BZLXnimzemwd-rirBNcfumAkLWAmAOAEQszshvWazv2hoE7ie47HZ2tVV9mt_goSmtIPkH2f2ooQ49DaBDWtGHQ==	英語配列（US配列）	https://crowdsourcing-pctr.c.yimg.jp/BgIFgYJGVIVv8u0nVJvw8Hh6g6tTQ94_GtbibT0M2tGibgzMKCIgriJiGFe6eP88ANkjrMHnzYaHAcQAjsVjq4nVWzXhUs9ffdQOomiKRcYRukgZQWudcFTJxB0re9c3nFSsKQ-gYIO2yrkwWTx5cUHxJERprdcEyb5QCOaEJckQUdc-HA-jHe-brRcSOUG-03jpgfAqA7wmCgabzhgGiw==	日本語配列（JIS配列）@英語配列（US配列）@その他	「その他」と回答したかたは、以下にキー配列をご記入ください。			日本語配列（JIS配列）		1225591370
7		あなたが今使用しているキーボードのキー配列について教えてください。	日本語配列（JIS配列）##※一般的にはこちらが使用されています。	https://crowdsourcing-pctr.c.yimg.jp/BgIFgYJGVIVv8u0nVJvw8Hh6g6tTQ94_GtbibT0M2tGibgzMKCIgriJiGFe6eP88ANkjrMHnzYaHAcQAjsVjqwwZRw_FMzoPg2QRJwCNmnO0PtPdBKQhMBr-E9EVUN-BZLXnimzemwd-rirBNcfumAkLWAmAOAEQszshvWazv2hoE7ie47HZ2tVV9mt_goSmtIPkH2f2ooQ49DaBDWtGHQ==	英語配列（US配列）	https://crowdsourcing-pctr.c.yimg.jp/BgIFgYJGVIVv8u0nVJvw8Hh6g6tTQ94_GtbibT0M2tGibgzMKCIgriJiGFe6eP88ANkjrMHnzYaHAcQAjsVjq4nVWzXhUs9ffdQOomiKRcYRukgZQWudcFTJxB0re9c3nFSsKQ-gYIO2yrkwWTx5cUHxJERprdcEyb5QCOaEJckQUdc-HA-jHe-brRcSOUG-03jpgfAqA7wmCgabzhgGiw==	日本語配列（JIS配列）@英語配列（US配列）@その他	「その他」と回答したかたは、以下にキー配列をご記入ください。			日本語配列（JIS配列）		1225934144
7		あなたが今使用しているキーボードのキー配列について教えてください。	日本語配列（JIS配列）##※一般的にはこちらが使用されています。	https://crowdsourcing-pctr.c.yimg.jp/BgIFgYJGVIVv8u0nVJvw8Hh6g6tTQ94_GtbibT0M2tGibgzMKCIgriJiGFe6eP88ANkjrMHnzYaHAcQAjsVjqwwZRw_FMzoPg2QRJwCNmnO0PtPdBKQhMBr-E9EVUN-BZLXnimzemwd-rirBNcfumAkLWAmAOAEQszshvWazv2hoE7ie47HZ2tVV9mt_goSmtIPkH2f2ooQ49DaBDWtGHQ==	英語配列（US配列）	https://crowdsourcing-pctr.c.yimg.jp/BgIFgYJGVIVv8u0nVJvw8Hh6g6tTQ94_GtbibT0M2tGibgzMKCIgriJiGFe6eP88ANkjrMHnzYaHAcQAjsVjq4nVWzXhUs9ffdQOomiKRcYRukgZQWudcFTJxB0re9c3nFSsKQ-gYIO2yrkwWTx5cUHxJERprdcEyb5QCOaEJckQUdc-HA-jHe-brRcSOUG-03jpgfAqA7wmCgabzhgGiw==	日本語配列（JIS配列）@英語配列（US配列）@その他	「その他」と回答したかたは、以下にキー配列をご記入ください。			日本語配列（JIS配列）		1226283432
7		あなたが今使用しているキーボードのキー配列について教えてください。	日本語配列（JIS配列）##※一般的にはこちらが使用されています。	https://crowdsourcing-pctr.c.yimg.jp/BgIFgYJGVIVv8u0nVJvw8Hh6g6tTQ94_GtbibT0M2tGibgzMKCIgriJiGFe6eP88ANkjrMHnzYaHAcQAjsVjqwwZRw_FMzoPg2QRJwCNmnO0PtPdBKQhMBr-E9EVUN-BZLXnimzemwd-rirBNcfumAkLWAmAOAEQszshvWazv2hoE7ie47HZ2tVV9mt_goSmtIPkH2f2ooQ49DaBDWtGHQ==	英語配列（US配列）	https://crowdsourcing-pctr.c.yimg.jp/BgIFgYJGVIVv8u0nVJvw8Hh6g6tTQ94_GtbibT0M2tGibgzMKCIgriJiGFe6eP88ANkjrMHnzYaHAcQAjsVjq4nVWzXhUs9ffdQOomiKRcYRukgZQWudcFTJxB0re9c3nFSsKQ-gYIO2yrkwWTx5cUHxJERprdcEyb5QCOaEJckQUdc-HA-jHe-brRcSOUG-03jpgfAqA7wmCgabzhgGiw==	日本語配列（JIS配列）@英語配列（US配列）@その他	「その他」と回答したかたは、以下にキー配列をご記入ください。			日本語配列（JIS配列）		1227217894
7		あなたが今使用しているキーボードのキー配列について教えてください。	日本語配列（JIS配列）##※一般的にはこちらが使用されています。	https://crowdsourcing-pctr.c.yimg.jp/BgIFgYJGVIVv8u0nVJvw8Hh6g6tTQ94_GtbibT0M2tGibgzMKCIgriJiGFe6eP88ANkjrMHnzYaHAcQAjsVjqwwZRw_FMzoPg2QRJwCNmnO0PtPdBKQhMBr-E9EVUN-BZLXnimzemwd-rirBNcfumAkLWAmAOAEQszshvWazv2hoE7ie47HZ2tVV9mt_goSmtIPkH2f2ooQ49DaBDWtGHQ==	英語配列（US配列）	https://crowdsourcing-pctr.c.yimg.jp/BgIFgYJGVIVv8u0nVJvw8Hh6g6tTQ94_GtbibT0M2tGibgzMKCIgriJiGFe6eP88ANkjrMHnzYaHAcQAjsVjq4nVWzXhUs9ffdQOomiKRcYRukgZQWudcFTJxB0re9c3nFSsKQ-gYIO2yrkwWTx5cUHxJERprdcEyb5QCOaEJckQUdc-HA-jHe-brRcSOUG-03jpgfAqA7wmCgabzhgGiw==	日本語配列（JIS配列）@英語配列（US配列）@その他	「その他」と回答したかたは、以下にキー配列をご記入ください。			日本語配列（JIS配列）		1227394464
7		あなたが今使用しているキーボードのキー配列について教えてください。	日本語配列（JIS配列）##※一般的にはこちらが使用されています。	https://crowdsourcing-pctr.c.yimg.jp/BgIFgYJGVIVv8u0nVJvw8Hh6g6tTQ94_GtbibT0M2tGibgzMKCIgriJiGFe6eP88ANkjrMHnzYaHAcQAjsVjqwwZRw_FMzoPg2QRJwCNmnO0PtPdBKQhMBr-E9EVUN-BZLXnimzemwd-rirBNcfumAkLWAmAOAEQszshvWazv2hoE7ie47HZ2tVV9mt_goSmtIPkH2f2ooQ49DaBDWtGHQ==	英語配列（US配列）	https://crowdsourcing-pctr.c.yimg.jp/BgIFgYJGVIVv8u0nVJvw8Hh6g6tTQ94_GtbibT0M2tGibgzMKCIgriJiGFe6eP88ANkjrMHnzYaHAcQAjsVjq4nVWzXhUs9ffdQOomiKRcYRukgZQWudcFTJxB0re9c3nFSsKQ-gYIO2yrkwWTx5cUHxJERprdcEyb5QCOaEJckQUdc-HA-jHe-brRcSOUG-03jpgfAqA7wmCgabzhgGiw==	日本語配列（JIS配列）@英語配列（US配列）@その他	「その他」と回答したかたは、以下にキー配列をご記入ください。			日本語配列（JIS配列）		1227445043
7		あなたが今使用しているキーボードのキー配列について教えてください。	日本語配列（JIS配列）##※一般的にはこちらが使用されています。	https://crowdsourcing-pctr.c.yimg.jp/BgIFgYJGVIVv8u0nVJvw8Hh6g6tTQ94_GtbibT0M2tGibgzMKCIgriJiGFe6eP88ANkjrMHnzYaHAcQAjsVjqwwZRw_FMzoPg2QRJwCNmnO0PtPdBKQhMBr-E9EVUN-BZLXnimzemwd-rirBNcfumAkLWAmAOAEQszshvWazv2hoE7ie47HZ2tVV9mt_goSmtIPkH2f2ooQ49DaBDWtGHQ==	英語配列（US配列）	https://crowdsourcing-pctr.c.yimg.jp/BgIFgYJGVIVv8u0nVJvw8Hh6g6tTQ94_GtbibT0M2tGibgzMKCIgriJiGFe6eP88ANkjrMHnzYaHAcQAjsVjq4nVWzXhUs9ffdQOomiKRcYRukgZQWudcFTJxB0re9c3nFSsKQ-gYIO2yrkwWTx5cUHxJERprdcEyb5QCOaEJckQUdc-HA-jHe-brRcSOUG-03jpgfAqA7wmCgabzhgGiw==	日本語配列（JIS配列）@英語配列（US配列）@その他	「その他」と回答したかたは、以下にキー配列をご記入ください。			日本語配列（JIS配列）		1227450793
7		あなたが今使用しているキーボードのキー配列について教えてください。	日本語配列（JIS配列）##※一般的にはこちらが使用されています。	https://crowdsourcing-pctr.c.yimg.jp/BgIFgYJGVIVv8u0nVJvw8Hh6g6tTQ94_GtbibT0M2tGibgzMKCIgriJiGFe6eP88ANkjrMHnzYaHAcQAjsVjqwwZRw_FMzoPg2QRJwCNmnO0PtPdBKQhMBr-E9EVUN-BZLXnimzemwd-rirBNcfumAkLWAmAOAEQszshvWazv2hoE7ie47HZ2tVV9mt_goSmtIPkH2f2ooQ49DaBDWtGHQ==	英語配列（US配列）	https://crowdsourcing-pctr.c.yimg.jp/BgIFgYJGVIVv8u0nVJvw8Hh6g6tTQ94_GtbibT0M2tGibgzMKCIgriJiGFe6eP88ANkjrMHnzYaHAcQAjsVjq4nVWzXhUs9ffdQOomiKRcYRukgZQWudcFTJxB0re9c3nFSsKQ-gYIO2yrkwWTx5cUHxJERprdcEyb5QCOaEJckQUdc-HA-jHe-brRcSOUG-03jpgfAqA7wmCgabzhgGiw==	日本語配列（JIS配列）@英語配列（US配列）@その他	「その他」と回答したかたは、以下にキー配列をご記入ください。			日本語配列（JIS配列）		1227521088
7		あなたが今使用しているキーボードのキー配列について教えてください。	日本語配列（JIS配列）##※一般的にはこちらが使用されています。	https://crowdsourcing-pctr.c.yimg.jp/BgIFgYJGVIVv8u0nVJvw8Hh6g6tTQ94_GtbibT0M2tGibgzMKCIgriJiGFe6eP88ANkjrMHnzYaHAcQAjsVjqwwZRw_FMzoPg2QRJwCNmnO0PtPdBKQhMBr-E9EVUN-BZLXnimzemwd-rirBNcfumAkLWAmAOAEQszshvWazv2hoE7ie47HZ2tVV9mt_goSmtIPkH2f2ooQ49DaBDWtGHQ==	英語配列（US配列）	https://crowdsourcing-pctr.c.yimg.jp/BgIFgYJGVIVv8u0nVJvw8Hh6g6tTQ94_GtbibT0M2tGibgzMKCIgriJiGFe6eP88ANkjrMHnzYaHAcQAjsVjq4nVWzXhUs9ffdQOomiKRcYRukgZQWudcFTJxB0re9c3nFSsKQ-gYIO2yrkwWTx5cUHxJERprdcEyb5QCOaEJckQUdc-HA-jHe-brRcSOUG-03jpgfAqA7wmCgabzhgGiw==	日本語配列（JIS配列）@英語配列（US配列）@その他	「その他」と回答したかたは、以下にキー配列をご記入ください。			日本語配列（JIS配列）		1228257169
7		あなたが今使用しているキーボードのキー配列について教えてください。	日本語配列（JIS配列）##※一般的にはこちらが使用されています。	https://crowdsourcing-pctr.c.yimg.jp/BgIFgYJGVIVv8u0nVJvw8Hh6g6tTQ94_GtbibT0M2tGibgzMKCIgriJiGFe6eP88ANkjrMHnzYaHAcQAjsVjqwwZRw_FMzoPg2QRJwCNmnO0PtPdBKQhMBr-E9EVUN-BZLXnimzemwd-rirBNcfumAkLWAmAOAEQszshvWazv2hoE7ie47HZ2tVV9mt_goSmtIPkH2f2ooQ49DaBDWtGHQ==	英語配列（US配列）	https://crowdsourcing-pctr.c.yimg.jp/BgIFgYJGVIVv8u0nVJvw8Hh6g6tTQ94_GtbibT0M2tGibgzMKCIgriJiGFe6eP88ANkjrMHnzYaHAcQAjsVjq4nVWzXhUs9ffdQOomiKRcYRukgZQWudcFTJxB0re9c3nFSsKQ-gYIO2yrkwWTx5cUHxJERprdcEyb5QCOaEJckQUdc-HA-jHe-brRcSOUG-03jpgfAqA7wmCgabzhgGiw==	日本語配列（JIS配列）@英語配列（US配列）@その他	「その他」と回答したかたは、以下にキー配列をご記入ください。			日本語配列（JIS配列）		1228465245
7		あなたが今使用しているキーボードのキー配列について教えてください。	日本語配列（JIS配列）##※一般的にはこちらが使用されています。	https://crowdsourcing-pctr.c.yimg.jp/BgIFgYJGVIVv8u0nVJvw8Hh6g6tTQ94_GtbibT0M2tGibgzMKCIgriJiGFe6eP88ANkjrMHnzYaHAcQAjsVjqwwZRw_FMzoPg2QRJwCNmnO0PtPdBKQhMBr-E9EVUN-BZLXnimzemwd-rirBNcfumAkLWAmAOAEQszshvWazv2hoE7ie47HZ2tVV9mt_goSmtIPkH2f2ooQ49DaBDWtGHQ==	英語配列（US配列）	https://crowdsourcing-pctr.c.yimg.jp/BgIFgYJGVIVv8u0nVJvw8Hh6g6tTQ94_GtbibT0M2tGibgzMKCIgriJiGFe6eP88ANkjrMHnzYaHAcQAjsVjq4nVWzXhUs9ffdQOomiKRcYRukgZQWudcFTJxB0re9c3nFSsKQ-gYIO2yrkwWTx5cUHxJERprdcEyb5QCOaEJckQUdc-HA-jHe-brRcSOUG-03jpgfAqA7wmCgabzhgGiw==	日本語配列（JIS配列）@英語配列（US配列）@その他	「その他」と回答したかたは、以下にキー配列をご記入ください。			日本語配列（JIS配列）		1229449382
7		あなたが今使用しているキーボードのキー配列について教えてください。	日本語配列（JIS配列）##※一般的にはこちらが使用されています。	https://crowdsourcing-pctr.c.yimg.jp/BgIFgYJGVIVv8u0nVJvw8Hh6g6tTQ94_GtbibT0M2tGibgzMKCIgriJiGFe6eP88ANkjrMHnzYaHAcQAjsVjqwwZRw_FMzoPg2QRJwCNmnO0PtPdBKQhMBr-E9EVUN-BZLXnimzemwd-rirBNcfumAkLWAmAOAEQszshvWazv2hoE7ie47HZ2tVV9mt_goSmtIPkH2f2ooQ49DaBDWtGHQ==	英語配列（US配列）	https://crowdsourcing-pctr.c.yimg.jp/BgIFgYJGVIVv8u0nVJvw8Hh6g6tTQ94_GtbibT0M2tGibgzMKCIgriJiGFe6eP88ANkjrMHnzYaHAcQAjsVjq4nVWzXhUs9ffdQOomiKRcYRukgZQWudcFTJxB0re9c3nFSsKQ-gYIO2yrkwWTx5cUHxJERprdcEyb5QCOaEJckQUdc-HA-jHe-brRcSOUG-03jpgfAqA7wmCgabzhgGiw==	日本語配列（JIS配列）@英語配列（US配列）@その他	「その他」と回答したかたは、以下にキー配列をご記入ください。			日本語配列（JIS配列）		1229595611
7		あなたが今使用しているキーボードのキー配列について教えてください。	日本語配列（JIS配列）##※一般的にはこちらが使用されています。	https://crowdsourcing-pctr.c.yimg.jp/BgIFgYJGVIVv8u0nVJvw8Hh6g6tTQ94_GtbibT0M2tGibgzMKCIgriJiGFe6eP88ANkjrMHnzYaHAcQAjsVjqwwZRw_FMzoPg2QRJwCNmnO0PtPdBKQhMBr-E9EVUN-BZLXnimzemwd-rirBNcfumAkLWAmAOAEQszshvWazv2hoE7ie47HZ2tVV9mt_goSmtIPkH2f2ooQ49DaBDWtGHQ==	英語配列（US配列）	https://crowdsourcing-pctr.c.yimg.jp/BgIFgYJGVIVv8u0nVJvw8Hh6g6tTQ94_GtbibT0M2tGibgzMKCIgriJiGFe6eP88ANkjrMHnzYaHAcQAjsVjq4nVWzXhUs9ffdQOomiKRcYRukgZQWudcFTJxB0re9c3nFSsKQ-gYIO2yrkwWTx5cUHxJERprdcEyb5QCOaEJckQUdc-HA-jHe-brRcSOUG-03jpgfAqA7wmCgabzhgGiw==	日本語配列（JIS配列）@英語配列（US配列）@その他	「その他」と回答したかたは、以下にキー配列をご記入ください。			日本語配列（JIS配列）		1229723967
7		あなたが今使用しているキーボードのキー配列について教えてください。	日本語配列（JIS配列）##※一般的にはこちらが使用されています。	https://crowdsourcing-pctr.c.yimg.jp/BgIFgYJGVIVv8u0nVJvw8Hh6g6tTQ94_GtbibT0M2tGibgzMKCIgriJiGFe6eP88ANkjrMHnzYaHAcQAjsVjqwwZRw_FMzoPg2QRJwCNmnO0PtPdBKQhMBr-E9EVUN-BZLXnimzemwd-rirBNcfumAkLWAmAOAEQszshvWazv2hoE7ie47HZ2tVV9mt_goSmtIPkH2f2ooQ49DaBDWtGHQ==	英語配列（US配列）	https://crowdsourcing-pctr.c.yimg.jp/BgIFgYJGVIVv8u0nVJvw8Hh6g6tTQ94_GtbibT0M2tGibgzMKCIgriJiGFe6eP88ANkjrMHnzYaHAcQAjsVjq4nVWzXhUs9ffdQOomiKRcYRukgZQWudcFTJxB0re9c3nFSsKQ-gYIO2yrkwWTx5cUHxJERprdcEyb5QCOaEJckQUdc-HA-jHe-brRcSOUG-03jpgfAqA7wmCgabzhgGiw==	日本語配列（JIS配列）@英語配列（US配列）@その他	「その他」と回答したかたは、以下にキー配列をご記入ください。			日本語配列（JIS配列）		1230616746
7		あなたが今使用しているキーボードのキー配列について教えてください。	日本語配列（JIS配列）##※一般的にはこちらが使用されています。	https://crowdsourcing-pctr.c.yimg.jp/BgIFgYJGVIVv8u0nVJvw8Hh6g6tTQ94_GtbibT0M2tGibgzMKCIgriJiGFe6eP88ANkjrMHnzYaHAcQAjsVjqwwZRw_FMzoPg2QRJwCNmnO0PtPdBKQhMBr-E9EVUN-BZLXnimzemwd-rirBNcfumAkLWAmAOAEQszshvWazv2hoE7ie47HZ2tVV9mt_goSmtIPkH2f2ooQ49DaBDWtGHQ==	英語配列（US配列）	https://crowdsourcing-pctr.c.yimg.jp/BgIFgYJGVIVv8u0nVJvw8Hh6g6tTQ94_GtbibT0M2tGibgzMKCIgriJiGFe6eP88ANkjrMHnzYaHAcQAjsVjq4nVWzXhUs9ffdQOomiKRcYRukgZQWudcFTJxB0re9c3nFSsKQ-gYIO2yrkwWTx5cUHxJERprdcEyb5QCOaEJckQUdc-HA-jHe-brRcSOUG-03jpgfAqA7wmCgabzhgGiw==	日本語配列（JIS配列）@英語配列（US配列）@その他	「その他」と回答したかたは、以下にキー配列をご記入ください。			日本語配列（JIS配列）		1230633211
7		あなたが今使用しているキーボードのキー配列について教えてください。	日本語配列（JIS配列）##※一般的にはこちらが使用されています。	https://crowdsourcing-pctr.c.yimg.jp/BgIFgYJGVIVv8u0nVJvw8Hh6g6tTQ94_GtbibT0M2tGibgzMKCIgriJiGFe6eP88ANkjrMHnzYaHAcQAjsVjqwwZRw_FMzoPg2QRJwCNmnO0PtPdBKQhMBr-E9EVUN-BZLXnimzemwd-rirBNcfumAkLWAmAOAEQszshvWazv2hoE7ie47HZ2tVV9mt_goSmtIPkH2f2ooQ49DaBDWtGHQ==	英語配列（US配列）	https://crowdsourcing-pctr.c.yimg.jp/BgIFgYJGVIVv8u0nVJvw8Hh6g6tTQ94_GtbibT0M2tGibgzMKCIgriJiGFe6eP88ANkjrMHnzYaHAcQAjsVjq4nVWzXhUs9ffdQOomiKRcYRukgZQWudcFTJxB0re9c3nFSsKQ-gYIO2yrkwWTx5cUHxJERprdcEyb5QCOaEJckQUdc-HA-jHe-brRcSOUG-03jpgfAqA7wmCgabzhgGiw==	日本語配列（JIS配列）@英語配列（US配列）@その他	「その他」と回答したかたは、以下にキー配列をご記入ください。			日本語配列（JIS配列）		1230659682
7		あなたが今使用しているキーボードのキー配列について教えてください。	日本語配列（JIS配列）##※一般的にはこちらが使用されています。	https://crowdsourcing-pctr.c.yimg.jp/BgIFgYJGVIVv8u0nVJvw8Hh6g6tTQ94_GtbibT0M2tGibgzMKCIgriJiGFe6eP88ANkjrMHnzYaHAcQAjsVjqwwZRw_FMzoPg2QRJwCNmnO0PtPdBKQhMBr-E9EVUN-BZLXnimzemwd-rirBNcfumAkLWAmAOAEQszshvWazv2hoE7ie47HZ2tVV9mt_goSmtIPkH2f2ooQ49DaBDWtGHQ==	英語配列（US配列）	https://crowdsourcing-pctr.c.yimg.jp/BgIFgYJGVIVv8u0nVJvw8Hh6g6tTQ94_GtbibT0M2tGibgzMKCIgriJiGFe6eP88ANkjrMHnzYaHAcQAjsVjq4nVWzXhUs9ffdQOomiKRcYRukgZQWudcFTJxB0re9c3nFSsKQ-gYIO2yrkwWTx5cUHxJERprdcEyb5QCOaEJckQUdc-HA-jHe-brRcSOUG-03jpgfAqA7wmCgabzhgGiw==	日本語配列（JIS配列）@英語配列（US配列）@その他	「その他」と回答したかたは、以下にキー配列をご記入ください。			日本語配列（JIS配列）		1230831043
7		あなたが今使用しているキーボードのキー配列について教えてください。	日本語配列（JIS配列）##※一般的にはこちらが使用されています。	https://crowdsourcing-pctr.c.yimg.jp/BgIFgYJGVIVv8u0nVJvw8Hh6g6tTQ94_GtbibT0M2tGibgzMKCIgriJiGFe6eP88ANkjrMHnzYaHAcQAjsVjqwwZRw_FMzoPg2QRJwCNmnO0PtPdBKQhMBr-E9EVUN-BZLXnimzemwd-rirBNcfumAkLWAmAOAEQszshvWazv2hoE7ie47HZ2tVV9mt_goSmtIPkH2f2ooQ49DaBDWtGHQ==	英語配列（US配列）	https://crowdsourcing-pctr.c.yimg.jp/BgIFgYJGVIVv8u0nVJvw8Hh6g6tTQ94_GtbibT0M2tGibgzMKCIgriJiGFe6eP88ANkjrMHnzYaHAcQAjsVjq4nVWzXhUs9ffdQOomiKRcYRukgZQWudcFTJxB0re9c3nFSsKQ-gYIO2yrkwWTx5cUHxJERprdcEyb5QCOaEJckQUdc-HA-jHe-brRcSOUG-03jpgfAqA7wmCgabzhgGiw==	日本語配列（JIS配列）@英語配列（US配列）@その他	「その他」と回答したかたは、以下にキー配列をご記入ください。			日本語配列（JIS配列）		1231005377
7		あなたが今使用しているキーボードのキー配列について教えてください。	日本語配列（JIS配列）##※一般的にはこちらが使用されています。	https://crowdsourcing-pctr.c.yimg.jp/BgIFgYJGVIVv8u0nVJvw8Hh6g6tTQ94_GtbibT0M2tGibgzMKCIgriJiGFe6eP88ANkjrMHnzYaHAcQAjsVjqwwZRw_FMzoPg2QRJwCNmnO0PtPdBKQhMBr-E9EVUN-BZLXnimzemwd-rirBNcfumAkLWAmAOAEQszshvWazv2hoE7ie47HZ2tVV9mt_goSmtIPkH2f2ooQ49DaBDWtGHQ==	英語配列（US配列）	https://crowdsourcing-pctr.c.yimg.jp/BgIFgYJGVIVv8u0nVJvw8Hh6g6tTQ94_GtbibT0M2tGibgzMKCIgriJiGFe6eP88ANkjrMHnzYaHAcQAjsVjq4nVWzXhUs9ffdQOomiKRcYRukgZQWudcFTJxB0re9c3nFSsKQ-gYIO2yrkwWTx5cUHxJERprdcEyb5QCOaEJckQUdc-HA-jHe-brRcSOUG-03jpgfAqA7wmCgabzhgGiw==	日本語配列（JIS配列）@英語配列（US配列）@その他	「その他」と回答したかたは、以下にキー配列をご記入ください。			日本語配列（JIS配列）		1231219713
7		あなたが今使用しているキーボードのキー配列について教えてください。	日本語配列（JIS配列）##※一般的にはこちらが使用されています。	https://crowdsourcing-pctr.c.yimg.jp/BgIFgYJGVIVv8u0nVJvw8Hh6g6tTQ94_GtbibT0M2tGibgzMKCIgriJiGFe6eP88ANkjrMHnzYaHAcQAjsVjqwwZRw_FMzoPg2QRJwCNmnO0PtPdBKQhMBr-E9EVUN-BZLXnimzemwd-rirBNcfumAkLWAmAOAEQszshvWazv2hoE7ie47HZ2tVV9mt_goSmtIPkH2f2ooQ49DaBDWtGHQ==	英語配列（US配列）	https://crowdsourcing-pctr.c.yimg.jp/BgIFgYJGVIVv8u0nVJvw8Hh6g6tTQ94_GtbibT0M2tGibgzMKCIgriJiGFe6eP88ANkjrMHnzYaHAcQAjsVjq4nVWzXhUs9ffdQOomiKRcYRukgZQWudcFTJxB0re9c3nFSsKQ-gYIO2yrkwWTx5cUHxJERprdcEyb5QCOaEJckQUdc-HA-jHe-brRcSOUG-03jpgfAqA7wmCgabzhgGiw==	日本語配列（JIS配列）@英語配列（US配列）@その他	「その他」と回答したかたは、以下にキー配列をご記入ください。			日本語配列（JIS配列）		1231343522
7		あなたが今使用しているキーボードのキー配列について教えてください。	日本語配列（JIS配列）##※一般的にはこちらが使用されています。	https://crowdsourcing-pctr.c.yimg.jp/BgIFgYJGVIVv8u0nVJvw8Hh6g6tTQ94_GtbibT0M2tGibgzMKCIgriJiGFe6eP88ANkjrMHnzYaHAcQAjsVjqwwZRw_FMzoPg2QRJwCNmnO0PtPdBKQhMBr-E9EVUN-BZLXnimzemwd-rirBNcfumAkLWAmAOAEQszshvWazv2hoE7ie47HZ2tVV9mt_goSmtIPkH2f2ooQ49DaBDWtGHQ==	英語配列（US配列）	https://crowdsourcing-pctr.c.yimg.jp/BgIFgYJGVIVv8u0nVJvw8Hh6g6tTQ94_GtbibT0M2tGibgzMKCIgriJiGFe6eP88ANkjrMHnzYaHAcQAjsVjq4nVWzXhUs9ffdQOomiKRcYRukgZQWudcFTJxB0re9c3nFSsKQ-gYIO2yrkwWTx5cUHxJERprdcEyb5QCOaEJckQUdc-HA-jHe-brRcSOUG-03jpgfAqA7wmCgabzhgGiw==	日本語配列（JIS配列）@英語配列（US配列）@その他	「その他」と回答したかたは、以下にキー配列をご記入ください。			英語配列（US配列）		1231433995
7		あなたが今使用しているキーボードのキー配列について教えてください。	日本語配列（JIS配列）##※一般的にはこちらが使用されています。	https://crowdsourcing-pctr.c.yimg.jp/BgIFgYJGVIVv8u0nVJvw8Hh6g6tTQ94_GtbibT0M2tGibgzMKCIgriJiGFe6eP88ANkjrMHnzYaHAcQAjsVjqwwZRw_FMzoPg2QRJwCNmnO0PtPdBKQhMBr-E9EVUN-BZLXnimzemwd-rirBNcfumAkLWAmAOAEQszshvWazv2hoE7ie47HZ2tVV9mt_goSmtIPkH2f2ooQ49DaBDWtGHQ==	英語配列（US配列）	https://crowdsourcing-pctr.c.yimg.jp/BgIFgYJGVIVv8u0nVJvw8Hh6g6tTQ94_GtbibT0M2tGibgzMKCIgriJiGFe6eP88ANkjrMHnzYaHAcQAjsVjq4nVWzXhUs9ffdQOomiKRcYRukgZQWudcFTJxB0re9c3nFSsKQ-gYIO2yrkwWTx5cUHxJERprdcEyb5QCOaEJckQUdc-HA-jHe-brRcSOUG-03jpgfAqA7wmCgabzhgGiw==	日本語配列（JIS配列）@英語配列（US配列）@その他	「その他」と回答したかたは、以下にキー配列をご記入ください。			英語配列（US配列）		1231551172
7		あなたが今使用しているキーボードのキー配列について教えてください。	日本語配列（JIS配列）##※一般的にはこちらが使用されています。	https://crowdsourcing-pctr.c.yimg.jp/BgIFgYJGVIVv8u0nVJvw8Hh6g6tTQ94_GtbibT0M2tGibgzMKCIgriJiGFe6eP88ANkjrMHnzYaHAcQAjsVjqwwZRw_FMzoPg2QRJwCNmnO0PtPdBKQhMBr-E9EVUN-BZLXnimzemwd-rirBNcfumAkLWAmAOAEQszshvWazv2hoE7ie47HZ2tVV9mt_goSmtIPkH2f2ooQ49DaBDWtGHQ==	英語配列（US配列）	https://crowdsourcing-pctr.c.yimg.jp/BgIFgYJGVIVv8u0nVJvw8Hh6g6tTQ94_GtbibT0M2tGibgzMKCIgriJiGFe6eP88ANkjrMHnzYaHAcQAjsVjq4nVWzXhUs9ffdQOomiKRcYRukgZQWudcFTJxB0re9c3nFSsKQ-gYIO2yrkwWTx5cUHxJERprdcEyb5QCOaEJckQUdc-HA-jHe-brRcSOUG-03jpgfAqA7wmCgabzhgGiw==	日本語配列（JIS配列）@英語配列（US配列）@その他	「その他」と回答したかたは、以下にキー配列をご記入ください。			日本語配列（JIS配列）		1231576912
7		あなたが今使用しているキーボードのキー配列について教えてください。	日本語配列（JIS配列）##※一般的にはこちらが使用されています。	https://crowdsourcing-pctr.c.yimg.jp/BgIFgYJGVIVv8u0nVJvw8Hh6g6tTQ94_GtbibT0M2tGibgzMKCIgriJiGFe6eP88ANkjrMHnzYaHAcQAjsVjqwwZRw_FMzoPg2QRJwCNmnO0PtPdBKQhMBr-E9EVUN-BZLXnimzemwd-rirBNcfumAkLWAmAOAEQszshvWazv2hoE7ie47HZ2tVV9mt_goSmtIPkH2f2ooQ49DaBDWtGHQ==	英語配列（US配列）	https://crowdsourcing-pctr.c.yimg.jp/BgIFgYJGVIVv8u0nVJvw8Hh6g6tTQ94_GtbibT0M2tGibgzMKCIgriJiGFe6eP88ANkjrMHnzYaHAcQAjsVjq4nVWzXhUs9ffdQOomiKRcYRukgZQWudcFTJxB0re9c3nFSsKQ-gYIO2yrkwWTx5cUHxJERprdcEyb5QCOaEJckQUdc-HA-jHe-brRcSOUG-03jpgfAqA7wmCgabzhgGiw==	日本語配列（JIS配列）@英語配列（US配列）@その他	「その他」と回答したかたは、以下にキー配列をご記入ください。			日本語配列（JIS配列）		1231913695
7		あなたが今使用しているキーボードのキー配列について教えてください。	日本語配列（JIS配列）##※一般的にはこちらが使用されています。	https://crowdsourcing-pctr.c.yimg.jp/BgIFgYJGVIVv8u0nVJvw8Hh6g6tTQ94_GtbibT0M2tGibgzMKCIgriJiGFe6eP88ANkjrMHnzYaHAcQAjsVjqwwZRw_FMzoPg2QRJwCNmnO0PtPdBKQhMBr-E9EVUN-BZLXnimzemwd-rirBNcfumAkLWAmAOAEQszshvWazv2hoE7ie47HZ2tVV9mt_goSmtIPkH2f2ooQ49DaBDWtGHQ==	英語配列（US配列）	https://crowdsourcing-pctr.c.yimg.jp/BgIFgYJGVIVv8u0nVJvw8Hh6g6tTQ94_GtbibT0M2tGibgzMKCIgriJiGFe6eP88ANkjrMHnzYaHAcQAjsVjq4nVWzXhUs9ffdQOomiKRcYRukgZQWudcFTJxB0re9c3nFSsKQ-gYIO2yrkwWTx5cUHxJERprdcEyb5QCOaEJckQUdc-HA-jHe-brRcSOUG-03jpgfAqA7wmCgabzhgGiw==	日本語配列（JIS配列）@英語配列（US配列）@その他	「その他」と回答したかたは、以下にキー配列をご記入ください。			日本語配列（JIS配列）		1232079946
7		あなたが今使用しているキーボードのキー配列について教えてください。	日本語配列（JIS配列）##※一般的にはこちらが使用されています。	https://crowdsourcing-pctr.c.yimg.jp/BgIFgYJGVIVv8u0nVJvw8Hh6g6tTQ94_GtbibT0M2tGibgzMKCIgriJiGFe6eP88ANkjrMHnzYaHAcQAjsVjqwwZRw_FMzoPg2QRJwCNmnO0PtPdBKQhMBr-E9EVUN-BZLXnimzemwd-rirBNcfumAkLWAmAOAEQszshvWazv2hoE7ie47HZ2tVV9mt_goSmtIPkH2f2ooQ49DaBDWtGHQ==	英語配列（US配列）	https://crowdsourcing-pctr.c.yimg.jp/BgIFgYJGVIVv8u0nVJvw8Hh6g6tTQ94_GtbibT0M2tGibgzMKCIgriJiGFe6eP88ANkjrMHnzYaHAcQAjsVjq4nVWzXhUs9ffdQOomiKRcYRukgZQWudcFTJxB0re9c3nFSsKQ-gYIO2yrkwWTx5cUHxJERprdcEyb5QCOaEJckQUdc-HA-jHe-brRcSOUG-03jpgfAqA7wmCgabzhgGiw==	日本語配列（JIS配列）@英語配列（US配列）@その他	「その他」と回答したかたは、以下にキー配列をご記入ください。			日本語配列（JIS配列）		1232116825
7		あなたが今使用しているキーボードのキー配列について教えてください。	日本語配列（JIS配列）##※一般的にはこちらが使用されています。	https://crowdsourcing-pctr.c.yimg.jp/BgIFgYJGVIVv8u0nVJvw8Hh6g6tTQ94_GtbibT0M2tGibgzMKCIgriJiGFe6eP88ANkjrMHnzYaHAcQAjsVjqwwZRw_FMzoPg2QRJwCNmnO0PtPdBKQhMBr-E9EVUN-BZLXnimzemwd-rirBNcfumAkLWAmAOAEQszshvWazv2hoE7ie47HZ2tVV9mt_goSmtIPkH2f2ooQ49DaBDWtGHQ==	英語配列（US配列）	https://crowdsourcing-pctr.c.yimg.jp/BgIFgYJGVIVv8u0nVJvw8Hh6g6tTQ94_GtbibT0M2tGibgzMKCIgriJiGFe6eP88ANkjrMHnzYaHAcQAjsVjq4nVWzXhUs9ffdQOomiKRcYRukgZQWudcFTJxB0re9c3nFSsKQ-gYIO2yrkwWTx5cUHxJERprdcEyb5QCOaEJckQUdc-HA-jHe-brRcSOUG-03jpgfAqA7wmCgabzhgGiw==	日本語配列（JIS配列）@英語配列（US配列）@その他	「その他」と回答したかたは、以下にキー配列をご記入ください。			日本語配列（JIS配列）		1232133665
7		あなたが今使用しているキーボードのキー配列について教えてください。	日本語配列（JIS配列）##※一般的にはこちらが使用されています。	https://crowdsourcing-pctr.c.yimg.jp/BgIFgYJGVIVv8u0nVJvw8Hh6g6tTQ94_GtbibT0M2tGibgzMKCIgriJiGFe6eP88ANkjrMHnzYaHAcQAjsVjqwwZRw_FMzoPg2QRJwCNmnO0PtPdBKQhMBr-E9EVUN-BZLXnimzemwd-rirBNcfumAkLWAmAOAEQszshvWazv2hoE7ie47HZ2tVV9mt_goSmtIPkH2f2ooQ49DaBDWtGHQ==	英語配列（US配列）	https://crowdsourcing-pctr.c.yimg.jp/BgIFgYJGVIVv8u0nVJvw8Hh6g6tTQ94_GtbibT0M2tGibgzMKCIgriJiGFe6eP88ANkjrMHnzYaHAcQAjsVjq4nVWzXhUs9ffdQOomiKRcYRukgZQWudcFTJxB0re9c3nFSsKQ-gYIO2yrkwWTx5cUHxJERprdcEyb5QCOaEJckQUdc-HA-jHe-brRcSOUG-03jpgfAqA7wmCgabzhgGiw==	日本語配列（JIS配列）@英語配列（US配列）@その他	「その他」と回答したかたは、以下にキー配列をご記入ください。			日本語配列（JIS配列）		1232235701
7		あなたが今使用しているキーボードのキー配列について教えてください。	日本語配列（JIS配列）##※一般的にはこちらが使用されています。	https://crowdsourcing-pctr.c.yimg.jp/BgIFgYJGVIVv8u0nVJvw8Hh6g6tTQ94_GtbibT0M2tGibgzMKCIgriJiGFe6eP88ANkjrMHnzYaHAcQAjsVjqwwZRw_FMzoPg2QRJwCNmnO0PtPdBKQhMBr-E9EVUN-BZLXnimzemwd-rirBNcfumAkLWAmAOAEQszshvWazv2hoE7ie47HZ2tVV9mt_goSmtIPkH2f2ooQ49DaBDWtGHQ==	英語配列（US配列）	https://crowdsourcing-pctr.c.yimg.jp/BgIFgYJGVIVv8u0nVJvw8Hh6g6tTQ94_GtbibT0M2tGibgzMKCIgriJiGFe6eP88ANkjrMHnzYaHAcQAjsVjq4nVWzXhUs9ffdQOomiKRcYRukgZQWudcFTJxB0re9c3nFSsKQ-gYIO2yrkwWTx5cUHxJERprdcEyb5QCOaEJckQUdc-HA-jHe-brRcSOUG-03jpgfAqA7wmCgabzhgGiw==	日本語配列（JIS配列）@英語配列（US配列）@その他	「その他」と回答したかたは、以下にキー配列をご記入ください。			日本語配列（JIS配列）		1233034245
7		あなたが今使用しているキーボードのキー配列について教えてください。	日本語配列（JIS配列）##※一般的にはこちらが使用されています。	https://crowdsourcing-pctr.c.yimg.jp/BgIFgYJGVIVv8u0nVJvw8Hh6g6tTQ94_GtbibT0M2tGibgzMKCIgriJiGFe6eP88ANkjrMHnzYaHAcQAjsVjqwwZRw_FMzoPg2QRJwCNmnO0PtPdBKQhMBr-E9EVUN-BZLXnimzemwd-rirBNcfumAkLWAmAOAEQszshvWazv2hoE7ie47HZ2tVV9mt_goSmtIPkH2f2ooQ49DaBDWtGHQ==	英語配列（US配列）	https://crowdsourcing-pctr.c.yimg.jp/BgIFgYJGVIVv8u0nVJvw8Hh6g6tTQ94_GtbibT0M2tGibgzMKCIgriJiGFe6eP88ANkjrMHnzYaHAcQAjsVjq4nVWzXhUs9ffdQOomiKRcYRukgZQWudcFTJxB0re9c3nFSsKQ-gYIO2yrkwWTx5cUHxJERprdcEyb5QCOaEJckQUdc-HA-jHe-brRcSOUG-03jpgfAqA7wmCgabzhgGiw==	日本語配列（JIS配列）@英語配列（US配列）@その他	「その他」と回答したかたは、以下にキー配列をご記入ください。			日本語配列（JIS配列）		1233158676
7		あなたが今使用しているキーボードのキー配列について教えてください。	日本語配列（JIS配列）##※一般的にはこちらが使用されています。	https://crowdsourcing-pctr.c.yimg.jp/BgIFgYJGVIVv8u0nVJvw8Hh6g6tTQ94_GtbibT0M2tGibgzMKCIgriJiGFe6eP88ANkjrMHnzYaHAcQAjsVjqwwZRw_FMzoPg2QRJwCNmnO0PtPdBKQhMBr-E9EVUN-BZLXnimzemwd-rirBNcfumAkLWAmAOAEQszshvWazv2hoE7ie47HZ2tVV9mt_goSmtIPkH2f2ooQ49DaBDWtGHQ==	英語配列（US配列）	https://crowdsourcing-pctr.c.yimg.jp/BgIFgYJGVIVv8u0nVJvw8Hh6g6tTQ94_GtbibT0M2tGibgzMKCIgriJiGFe6eP88ANkjrMHnzYaHAcQAjsVjq4nVWzXhUs9ffdQOomiKRcYRukgZQWudcFTJxB0re9c3nFSsKQ-gYIO2yrkwWTx5cUHxJERprdcEyb5QCOaEJckQUdc-HA-jHe-brRcSOUG-03jpgfAqA7wmCgabzhgGiw==	日本語配列（JIS配列）@英語配列（US配列）@その他	「その他」と回答したかたは、以下にキー配列をご記入ください。			日本語配列（JIS配列）		1233319755
7		あなたが今使用しているキーボードのキー配列について教えてください。	日本語配列（JIS配列）##※一般的にはこちらが使用されています。	https://crowdsourcing-pctr.c.yimg.jp/BgIFgYJGVIVv8u0nVJvw8Hh6g6tTQ94_GtbibT0M2tGibgzMKCIgriJiGFe6eP88ANkjrMHnzYaHAcQAjsVjqwwZRw_FMzoPg2QRJwCNmnO0PtPdBKQhMBr-E9EVUN-BZLXnimzemwd-rirBNcfumAkLWAmAOAEQszshvWazv2hoE7ie47HZ2tVV9mt_goSmtIPkH2f2ooQ49DaBDWtGHQ==	英語配列（US配列）	https://crowdsourcing-pctr.c.yimg.jp/BgIFgYJGVIVv8u0nVJvw8Hh6g6tTQ94_GtbibT0M2tGibgzMKCIgriJiGFe6eP88ANkjrMHnzYaHAcQAjsVjq4nVWzXhUs9ffdQOomiKRcYRukgZQWudcFTJxB0re9c3nFSsKQ-gYIO2yrkwWTx5cUHxJERprdcEyb5QCOaEJckQUdc-HA-jHe-brRcSOUG-03jpgfAqA7wmCgabzhgGiw==	日本語配列（JIS配列）@英語配列（US配列）@その他	「その他」と回答したかたは、以下にキー配列をご記入ください。			日本語配列（JIS配列）		1233865950
7		あなたが今使用しているキーボードのキー配列について教えてください。	日本語配列（JIS配列）##※一般的にはこちらが使用されています。	https://crowdsourcing-pctr.c.yimg.jp/BgIFgYJGVIVv8u0nVJvw8Hh6g6tTQ94_GtbibT0M2tGibgzMKCIgriJiGFe6eP88ANkjrMHnzYaHAcQAjsVjqwwZRw_FMzoPg2QRJwCNmnO0PtPdBKQhMBr-E9EVUN-BZLXnimzemwd-rirBNcfumAkLWAmAOAEQszshvWazv2hoE7ie47HZ2tVV9mt_goSmtIPkH2f2ooQ49DaBDWtGHQ==	英語配列（US配列）	https://crowdsourcing-pctr.c.yimg.jp/BgIFgYJGVIVv8u0nVJvw8Hh6g6tTQ94_GtbibT0M2tGibgzMKCIgriJiGFe6eP88ANkjrMHnzYaHAcQAjsVjq4nVWzXhUs9ffdQOomiKRcYRukgZQWudcFTJxB0re9c3nFSsKQ-gYIO2yrkwWTx5cUHxJERprdcEyb5QCOaEJckQUdc-HA-jHe-brRcSOUG-03jpgfAqA7wmCgabzhgGiw==	日本語配列（JIS配列）@英語配列（US配列）@その他	「その他」と回答したかたは、以下にキー配列をご記入ください。			日本語配列（JIS配列）		1234111828
7		あなたが今使用しているキーボードのキー配列について教えてください。	日本語配列（JIS配列）##※一般的にはこちらが使用されています。	https://crowdsourcing-pctr.c.yimg.jp/BgIFgYJGVIVv8u0nVJvw8Hh6g6tTQ94_GtbibT0M2tGibgzMKCIgriJiGFe6eP88ANkjrMHnzYaHAcQAjsVjqwwZRw_FMzoPg2QRJwCNmnO0PtPdBKQhMBr-E9EVUN-BZLXnimzemwd-rirBNcfumAkLWAmAOAEQszshvWazv2hoE7ie47HZ2tVV9mt_goSmtIPkH2f2ooQ49DaBDWtGHQ==	英語配列（US配列）	https://crowdsourcing-pctr.c.yimg.jp/BgIFgYJGVIVv8u0nVJvw8Hh6g6tTQ94_GtbibT0M2tGibgzMKCIgriJiGFe6eP88ANkjrMHnzYaHAcQAjsVjq4nVWzXhUs9ffdQOomiKRcYRukgZQWudcFTJxB0re9c3nFSsKQ-gYIO2yrkwWTx5cUHxJERprdcEyb5QCOaEJckQUdc-HA-jHe-brRcSOUG-03jpgfAqA7wmCgabzhgGiw==	日本語配列（JIS配列）@英語配列（US配列）@その他	「その他」と回答したかたは、以下にキー配列をご記入ください。			日本語配列（JIS配列）		1235470191
7		あなたが今使用しているキーボードのキー配列について教えてください。	日本語配列（JIS配列）##※一般的にはこちらが使用されています。	https://crowdsourcing-pctr.c.yimg.jp/BgIFgYJGVIVv8u0nVJvw8Hh6g6tTQ94_GtbibT0M2tGibgzMKCIgriJiGFe6eP88ANkjrMHnzYaHAcQAjsVjqwwZRw_FMzoPg2QRJwCNmnO0PtPdBKQhMBr-E9EVUN-BZLXnimzemwd-rirBNcfumAkLWAmAOAEQszshvWazv2hoE7ie47HZ2tVV9mt_goSmtIPkH2f2ooQ49DaBDWtGHQ==	英語配列（US配列）	https://crowdsourcing-pctr.c.yimg.jp/BgIFgYJGVIVv8u0nVJvw8Hh6g6tTQ94_GtbibT0M2tGibgzMKCIgriJiGFe6eP88ANkjrMHnzYaHAcQAjsVjq4nVWzXhUs9ffdQOomiKRcYRukgZQWudcFTJxB0re9c3nFSsKQ-gYIO2yrkwWTx5cUHxJERprdcEyb5QCOaEJckQUdc-HA-jHe-brRcSOUG-03jpgfAqA7wmCgabzhgGiw==	日本語配列（JIS配列）@英語配列（US配列）@その他	「その他」と回答したかたは、以下にキー配列をご記入ください。			日本語配列（JIS配列）		1235799495
7		あなたが今使用しているキーボードのキー配列について教えてください。	日本語配列（JIS配列）##※一般的にはこちらが使用されています。	https://crowdsourcing-pctr.c.yimg.jp/BgIFgYJGVIVv8u0nVJvw8Hh6g6tTQ94_GtbibT0M2tGibgzMKCIgriJiGFe6eP88ANkjrMHnzYaHAcQAjsVjqwwZRw_FMzoPg2QRJwCNmnO0PtPdBKQhMBr-E9EVUN-BZLXnimzemwd-rirBNcfumAkLWAmAOAEQszshvWazv2hoE7ie47HZ2tVV9mt_goSmtIPkH2f2ooQ49DaBDWtGHQ==	英語配列（US配列）	https://crowdsourcing-pctr.c.yimg.jp/BgIFgYJGVIVv8u0nVJvw8Hh6g6tTQ94_GtbibT0M2tGibgzMKCIgriJiGFe6eP88ANkjrMHnzYaHAcQAjsVjq4nVWzXhUs9ffdQOomiKRcYRukgZQWudcFTJxB0re9c3nFSsKQ-gYIO2yrkwWTx5cUHxJERprdcEyb5QCOaEJckQUdc-HA-jHe-brRcSOUG-03jpgfAqA7wmCgabzhgGiw==	日本語配列（JIS配列）@英語配列（US配列）@その他	「その他」と回答したかたは、以下にキー配列をご記入ください。			日本語配列（JIS配列）		1236783983
7		あなたが今使用しているキーボードのキー配列について教えてください。	日本語配列（JIS配列）##※一般的にはこちらが使用されています。	https://crowdsourcing-pctr.c.yimg.jp/BgIFgYJGVIVv8u0nVJvw8Hh6g6tTQ94_GtbibT0M2tGibgzMKCIgriJiGFe6eP88ANkjrMHnzYaHAcQAjsVjqwwZRw_FMzoPg2QRJwCNmnO0PtPdBKQhMBr-E9EVUN-BZLXnimzemwd-rirBNcfumAkLWAmAOAEQszshvWazv2hoE7ie47HZ2tVV9mt_goSmtIPkH2f2ooQ49DaBDWtGHQ==	英語配列（US配列）	https://crowdsourcing-pctr.c.yimg.jp/BgIFgYJGVIVv8u0nVJvw8Hh6g6tTQ94_GtbibT0M2tGibgzMKCIgriJiGFe6eP88ANkjrMHnzYaHAcQAjsVjq4nVWzXhUs9ffdQOomiKRcYRukgZQWudcFTJxB0re9c3nFSsKQ-gYIO2yrkwWTx5cUHxJERprdcEyb5QCOaEJckQUdc-HA-jHe-brRcSOUG-03jpgfAqA7wmCgabzhgGiw==	日本語配列（JIS配列）@英語配列（US配列）@その他	「その他」と回答したかたは、以下にキー配列をご記入ください。			日本語配列（JIS配列）		1237116025
7		あなたが今使用しているキーボードのキー配列について教えてください。	日本語配列（JIS配列）##※一般的にはこちらが使用されています。	https://crowdsourcing-pctr.c.yimg.jp/BgIFgYJGVIVv8u0nVJvw8Hh6g6tTQ94_GtbibT0M2tGibgzMKCIgriJiGFe6eP88ANkjrMHnzYaHAcQAjsVjqwwZRw_FMzoPg2QRJwCNmnO0PtPdBKQhMBr-E9EVUN-BZLXnimzemwd-rirBNcfumAkLWAmAOAEQszshvWazv2hoE7ie47HZ2tVV9mt_goSmtIPkH2f2ooQ49DaBDWtGHQ==	英語配列（US配列）	https://crowdsourcing-pctr.c.yimg.jp/BgIFgYJGVIVv8u0nVJvw8Hh6g6tTQ94_GtbibT0M2tGibgzMKCIgriJiGFe6eP88ANkjrMHnzYaHAcQAjsVjq4nVWzXhUs9ffdQOomiKRcYRukgZQWudcFTJxB0re9c3nFSsKQ-gYIO2yrkwWTx5cUHxJERprdcEyb5QCOaEJckQUdc-HA-jHe-brRcSOUG-03jpgfAqA7wmCgabzhgGiw==	日本語配列（JIS配列）@英語配列（US配列）@その他	「その他」と回答したかたは、以下にキー配列をご記入ください。			日本語配列（JIS配列）		1237226997
7		あなたが今使用しているキーボードのキー配列について教えてください。	日本語配列（JIS配列）##※一般的にはこちらが使用されています。	https://crowdsourcing-pctr.c.yimg.jp/BgIFgYJGVIVv8u0nVJvw8Hh6g6tTQ94_GtbibT0M2tGibgzMKCIgriJiGFe6eP88ANkjrMHnzYaHAcQAjsVjqwwZRw_FMzoPg2QRJwCNmnO0PtPdBKQhMBr-E9EVUN-BZLXnimzemwd-rirBNcfumAkLWAmAOAEQszshvWazv2hoE7ie47HZ2tVV9mt_goSmtIPkH2f2ooQ49DaBDWtGHQ==	英語配列（US配列）	https://crowdsourcing-pctr.c.yimg.jp/BgIFgYJGVIVv8u0nVJvw8Hh6g6tTQ94_GtbibT0M2tGibgzMKCIgriJiGFe6eP88ANkjrMHnzYaHAcQAjsVjq4nVWzXhUs9ffdQOomiKRcYRukgZQWudcFTJxB0re9c3nFSsKQ-gYIO2yrkwWTx5cUHxJERprdcEyb5QCOaEJckQUdc-HA-jHe-brRcSOUG-03jpgfAqA7wmCgabzhgGiw==	日本語配列（JIS配列）@英語配列（US配列）@その他	「その他」と回答したかたは、以下にキー配列をご記入ください。			日本語配列（JIS配列）		1237379785
7		あなたが今使用しているキーボードのキー配列について教えてください。	日本語配列（JIS配列）##※一般的にはこちらが使用されています。	https://crowdsourcing-pctr.c.yimg.jp/BgIFgYJGVIVv8u0nVJvw8Hh6g6tTQ94_GtbibT0M2tGibgzMKCIgriJiGFe6eP88ANkjrMHnzYaHAcQAjsVjqwwZRw_FMzoPg2QRJwCNmnO0PtPdBKQhMBr-E9EVUN-BZLXnimzemwd-rirBNcfumAkLWAmAOAEQszshvWazv2hoE7ie47HZ2tVV9mt_goSmtIPkH2f2ooQ49DaBDWtGHQ==	英語配列（US配列）	https://crowdsourcing-pctr.c.yimg.jp/BgIFgYJGVIVv8u0nVJvw8Hh6g6tTQ94_GtbibT0M2tGibgzMKCIgriJiGFe6eP88ANkjrMHnzYaHAcQAjsVjq4nVWzXhUs9ffdQOomiKRcYRukgZQWudcFTJxB0re9c3nFSsKQ-gYIO2yrkwWTx5cUHxJERprdcEyb5QCOaEJckQUdc-HA-jHe-brRcSOUG-03jpgfAqA7wmCgabzhgGiw==	日本語配列（JIS配列）@英語配列（US配列）@その他	「その他」と回答したかたは、以下にキー配列をご記入ください。			日本語配列（JIS配列）		1237735357
7		あなたが今使用しているキーボードのキー配列について教えてください。	日本語配列（JIS配列）##※一般的にはこちらが使用されています。	https://crowdsourcing-pctr.c.yimg.jp/BgIFgYJGVIVv8u0nVJvw8Hh6g6tTQ94_GtbibT0M2tGibgzMKCIgriJiGFe6eP88ANkjrMHnzYaHAcQAjsVjqwwZRw_FMzoPg2QRJwCNmnO0PtPdBKQhMBr-E9EVUN-BZLXnimzemwd-rirBNcfumAkLWAmAOAEQszshvWazv2hoE7ie47HZ2tVV9mt_goSmtIPkH2f2ooQ49DaBDWtGHQ==	英語配列（US配列）	https://crowdsourcing-pctr.c.yimg.jp/BgIFgYJGVIVv8u0nVJvw8Hh6g6tTQ94_GtbibT0M2tGibgzMKCIgriJiGFe6eP88ANkjrMHnzYaHAcQAjsVjq4nVWzXhUs9ffdQOomiKRcYRukgZQWudcFTJxB0re9c3nFSsKQ-gYIO2yrkwWTx5cUHxJERprdcEyb5QCOaEJckQUdc-HA-jHe-brRcSOUG-03jpgfAqA7wmCgabzhgGiw==	日本語配列（JIS配列）@英語配列（US配列）@その他	「その他」と回答したかたは、以下にキー配列をご記入ください。			日本語配列（JIS配列）		1238098439
7		あなたが今使用しているキーボードのキー配列について教えてください。	日本語配列（JIS配列）##※一般的にはこちらが使用されています。	https://crowdsourcing-pctr.c.yimg.jp/BgIFgYJGVIVv8u0nVJvw8Hh6g6tTQ94_GtbibT0M2tGibgzMKCIgriJiGFe6eP88ANkjrMHnzYaHAcQAjsVjqwwZRw_FMzoPg2QRJwCNmnO0PtPdBKQhMBr-E9EVUN-BZLXnimzemwd-rirBNcfumAkLWAmAOAEQszshvWazv2hoE7ie47HZ2tVV9mt_goSmtIPkH2f2ooQ49DaBDWtGHQ==	英語配列（US配列）	https://crowdsourcing-pctr.c.yimg.jp/BgIFgYJGVIVv8u0nVJvw8Hh6g6tTQ94_GtbibT0M2tGibgzMKCIgriJiGFe6eP88ANkjrMHnzYaHAcQAjsVjq4nVWzXhUs9ffdQOomiKRcYRukgZQWudcFTJxB0re9c3nFSsKQ-gYIO2yrkwWTx5cUHxJERprdcEyb5QCOaEJckQUdc-HA-jHe-brRcSOUG-03jpgfAqA7wmCgabzhgGiw==	日本語配列（JIS配列）@英語配列（US配列）@その他	「その他」と回答したかたは、以下にキー配列をご記入ください。			日本語配列（JIS配列）		1238742717
7		あなたが今使用しているキーボードのキー配列について教えてください。	日本語配列（JIS配列）##※一般的にはこちらが使用されています。	https://crowdsourcing-pctr.c.yimg.jp/BgIFgYJGVIVv8u0nVJvw8Hh6g6tTQ94_GtbibT0M2tGibgzMKCIgriJiGFe6eP88ANkjrMHnzYaHAcQAjsVjqwwZRw_FMzoPg2QRJwCNmnO0PtPdBKQhMBr-E9EVUN-BZLXnimzemwd-rirBNcfumAkLWAmAOAEQszshvWazv2hoE7ie47HZ2tVV9mt_goSmtIPkH2f2ooQ49DaBDWtGHQ==	英語配列（US配列）	https://crowdsourcing-pctr.c.yimg.jp/BgIFgYJGVIVv8u0nVJvw8Hh6g6tTQ94_GtbibT0M2tGibgzMKCIgriJiGFe6eP88ANkjrMHnzYaHAcQAjsVjq4nVWzXhUs9ffdQOomiKRcYRukgZQWudcFTJxB0re9c3nFSsKQ-gYIO2yrkwWTx5cUHxJERprdcEyb5QCOaEJckQUdc-HA-jHe-brRcSOUG-03jpgfAqA7wmCgabzhgGiw==	日本語配列（JIS配列）@英語配列（US配列）@その他	「その他」と回答したかたは、以下にキー配列をご記入ください。			日本語配列（JIS配列）		1239057784
7		あなたが今使用しているキーボードのキー配列について教えてください。	日本語配列（JIS配列）##※一般的にはこちらが使用されています。	https://crowdsourcing-pctr.c.yimg.jp/BgIFgYJGVIVv8u0nVJvw8Hh6g6tTQ94_GtbibT0M2tGibgzMKCIgriJiGFe6eP88ANkjrMHnzYaHAcQAjsVjqwwZRw_FMzoPg2QRJwCNmnO0PtPdBKQhMBr-E9EVUN-BZLXnimzemwd-rirBNcfumAkLWAmAOAEQszshvWazv2hoE7ie47HZ2tVV9mt_goSmtIPkH2f2ooQ49DaBDWtGHQ==	英語配列（US配列）	https://crowdsourcing-pctr.c.yimg.jp/BgIFgYJGVIVv8u0nVJvw8Hh6g6tTQ94_GtbibT0M2tGibgzMKCIgriJiGFe6eP88ANkjrMHnzYaHAcQAjsVjq4nVWzXhUs9ffdQOomiKRcYRukgZQWudcFTJxB0re9c3nFSsKQ-gYIO2yrkwWTx5cUHxJERprdcEyb5QCOaEJckQUdc-HA-jHe-brRcSOUG-03jpgfAqA7wmCgabzhgGiw==	日本語配列（JIS配列）@英語配列（US配列）@その他	「その他」と回答したかたは、以下にキー配列をご記入ください。			日本語配列（JIS配列）		1239060423
7		あなたが今使用しているキーボードのキー配列について教えてください。	日本語配列（JIS配列）##※一般的にはこちらが使用されています。	https://crowdsourcing-pctr.c.yimg.jp/BgIFgYJGVIVv8u0nVJvw8Hh6g6tTQ94_GtbibT0M2tGibgzMKCIgriJiGFe6eP88ANkjrMHnzYaHAcQAjsVjqwwZRw_FMzoPg2QRJwCNmnO0PtPdBKQhMBr-E9EVUN-BZLXnimzemwd-rirBNcfumAkLWAmAOAEQszshvWazv2hoE7ie47HZ2tVV9mt_goSmtIPkH2f2ooQ49DaBDWtGHQ==	英語配列（US配列）	https://crowdsourcing-pctr.c.yimg.jp/BgIFgYJGVIVv8u0nVJvw8Hh6g6tTQ94_GtbibT0M2tGibgzMKCIgriJiGFe6eP88ANkjrMHnzYaHAcQAjsVjq4nVWzXhUs9ffdQOomiKRcYRukgZQWudcFTJxB0re9c3nFSsKQ-gYIO2yrkwWTx5cUHxJERprdcEyb5QCOaEJckQUdc-HA-jHe-brRcSOUG-03jpgfAqA7wmCgabzhgGiw==	日本語配列（JIS配列）@英語配列（US配列）@その他	「その他」と回答したかたは、以下にキー配列をご記入ください。			日本語配列（JIS配列）		1239097506
7		あなたが今使用しているキーボードのキー配列について教えてください。	日本語配列（JIS配列）##※一般的にはこちらが使用されています。	https://crowdsourcing-pctr.c.yimg.jp/BgIFgYJGVIVv8u0nVJvw8Hh6g6tTQ94_GtbibT0M2tGibgzMKCIgriJiGFe6eP88ANkjrMHnzYaHAcQAjsVjqwwZRw_FMzoPg2QRJwCNmnO0PtPdBKQhMBr-E9EVUN-BZLXnimzemwd-rirBNcfumAkLWAmAOAEQszshvWazv2hoE7ie47HZ2tVV9mt_goSmtIPkH2f2ooQ49DaBDWtGHQ==	英語配列（US配列）	https://crowdsourcing-pctr.c.yimg.jp/BgIFgYJGVIVv8u0nVJvw8Hh6g6tTQ94_GtbibT0M2tGibgzMKCIgriJiGFe6eP88ANkjrMHnzYaHAcQAjsVjq4nVWzXhUs9ffdQOomiKRcYRukgZQWudcFTJxB0re9c3nFSsKQ-gYIO2yrkwWTx5cUHxJERprdcEyb5QCOaEJckQUdc-HA-jHe-brRcSOUG-03jpgfAqA7wmCgabzhgGiw==	日本語配列（JIS配列）@英語配列（US配列）@その他	「その他」と回答したかたは、以下にキー配列をご記入ください。			日本語配列（JIS配列）		1239100295
7		あなたが今使用しているキーボードのキー配列について教えてください。	日本語配列（JIS配列）##※一般的にはこちらが使用されています。	https://crowdsourcing-pctr.c.yimg.jp/BgIFgYJGVIVv8u0nVJvw8Hh6g6tTQ94_GtbibT0M2tGibgzMKCIgriJiGFe6eP88ANkjrMHnzYaHAcQAjsVjqwwZRw_FMzoPg2QRJwCNmnO0PtPdBKQhMBr-E9EVUN-BZLXnimzemwd-rirBNcfumAkLWAmAOAEQszshvWazv2hoE7ie47HZ2tVV9mt_goSmtIPkH2f2ooQ49DaBDWtGHQ==	英語配列（US配列）	https://crowdsourcing-pctr.c.yimg.jp/BgIFgYJGVIVv8u0nVJvw8Hh6g6tTQ94_GtbibT0M2tGibgzMKCIgriJiGFe6eP88ANkjrMHnzYaHAcQAjsVjq4nVWzXhUs9ffdQOomiKRcYRukgZQWudcFTJxB0re9c3nFSsKQ-gYIO2yrkwWTx5cUHxJERprdcEyb5QCOaEJckQUdc-HA-jHe-brRcSOUG-03jpgfAqA7wmCgabzhgGiw==	日本語配列（JIS配列）@英語配列（US配列）@その他	「その他」と回答したかたは、以下にキー配列をご記入ください。			日本語配列（JIS配列）		1239142888
7		あなたが今使用しているキーボードのキー配列について教えてください。	日本語配列（JIS配列）##※一般的にはこちらが使用されています。	https://crowdsourcing-pctr.c.yimg.jp/BgIFgYJGVIVv8u0nVJvw8Hh6g6tTQ94_GtbibT0M2tGibgzMKCIgriJiGFe6eP88ANkjrMHnzYaHAcQAjsVjqwwZRw_FMzoPg2QRJwCNmnO0PtPdBKQhMBr-E9EVUN-BZLXnimzemwd-rirBNcfumAkLWAmAOAEQszshvWazv2hoE7ie47HZ2tVV9mt_goSmtIPkH2f2ooQ49DaBDWtGHQ==	英語配列（US配列）	https://crowdsourcing-pctr.c.yimg.jp/BgIFgYJGVIVv8u0nVJvw8Hh6g6tTQ94_GtbibT0M2tGibgzMKCIgriJiGFe6eP88ANkjrMHnzYaHAcQAjsVjq4nVWzXhUs9ffdQOomiKRcYRukgZQWudcFTJxB0re9c3nFSsKQ-gYIO2yrkwWTx5cUHxJERprdcEyb5QCOaEJckQUdc-HA-jHe-brRcSOUG-03jpgfAqA7wmCgabzhgGiw==	日本語配列（JIS配列）@英語配列（US配列）@その他	「その他」と回答したかたは、以下にキー配列をご記入ください。			日本語配列（JIS配列）		1239156834
7		あなたが今使用しているキーボードのキー配列について教えてください。	日本語配列（JIS配列）##※一般的にはこちらが使用されています。	https://crowdsourcing-pctr.c.yimg.jp/BgIFgYJGVIVv8u0nVJvw8Hh6g6tTQ94_GtbibT0M2tGibgzMKCIgriJiGFe6eP88ANkjrMHnzYaHAcQAjsVjqwwZRw_FMzoPg2QRJwCNmnO0PtPdBKQhMBr-E9EVUN-BZLXnimzemwd-rirBNcfumAkLWAmAOAEQszshvWazv2hoE7ie47HZ2tVV9mt_goSmtIPkH2f2ooQ49DaBDWtGHQ==	英語配列（US配列）	https://crowdsourcing-pctr.c.yimg.jp/BgIFgYJGVIVv8u0nVJvw8Hh6g6tTQ94_GtbibT0M2tGibgzMKCIgriJiGFe6eP88ANkjrMHnzYaHAcQAjsVjq4nVWzXhUs9ffdQOomiKRcYRukgZQWudcFTJxB0re9c3nFSsKQ-gYIO2yrkwWTx5cUHxJERprdcEyb5QCOaEJckQUdc-HA-jHe-brRcSOUG-03jpgfAqA7wmCgabzhgGiw==	日本語配列（JIS配列）@英語配列（US配列）@その他	「その他」と回答したかたは、以下にキー配列をご記入ください。			英語配列（US配列）		1239178641
8		あなたは業務において、1日平均で約何通メールを送信しますか？（返信・転送を含む）	1通未満@1~9通@10~19通@20~29通@30~39通@40~49通@50~99通@100~500通@500通以上	1~9通	1225471768
8		あなたは業務において、1日平均で約何通メールを送信しますか？（返信・転送を含む）	1通未満@1~9通@10~19通@20~29通@30~39通@40~49通@50~99通@100~500通@500通以上	1~9通	1225591370
8		あなたは業務において、1日平均で約何通メールを送信しますか？（返信・転送を含む）	1通未満@1~9通@10~19通@20~29通@30~39通@40~49通@50~99通@100~500通@500通以上	1~9通	1225934144
8		あなたは業務において、1日平均で約何通メールを送信しますか？（返信・転送を含む）	1通未満@1~9通@10~19通@20~29通@30~39通@40~49通@50~99通@100~500通@500通以上	20~29通	1226283432
8		あなたは業務において、1日平均で約何通メールを送信しますか？（返信・転送を含む）	1通未満@1~9通@10~19通@20~29通@30~39通@40~49通@50~99通@100~500通@500通以上	1~9通	1227217894
8		あなたは業務において、1日平均で約何通メールを送信しますか？（返信・転送を含む）	1通未満@1~9通@10~19通@20~29通@30~39通@40~49通@50~99通@100~500通@500通以上	1~9通	1227394464
8		あなたは業務において、1日平均で約何通メールを送信しますか？（返信・転送を含む）	1通未満@1~9通@10~19通@20~29通@30~39通@40~49通@50~99通@100~500通@500通以上	1通未満	1227445043
8		あなたは業務において、1日平均で約何通メールを送信しますか？（返信・転送を含む）	1通未満@1~9通@10~19通@20~29通@30~39通@40~49通@50~99通@100~500通@500通以上	1~9通	1227450793
8		あなたは業務において、1日平均で約何通メールを送信しますか？（返信・転送を含む）	1通未満@1~9通@10~19通@20~29通@30~39通@40~49通@50~99通@100~500通@500通以上	10~19通	1227521088
8		あなたは業務において、1日平均で約何通メールを送信しますか？（返信・転送を含む）	1通未満@1~9通@10~19通@20~29通@30~39通@40~49通@50~99通@100~500通@500通以上	1通未満	1228257169
8		あなたは業務において、1日平均で約何通メールを送信しますか？（返信・転送を含む）	1通未満@1~9通@10~19通@20~29通@30~39通@40~49通@50~99通@100~500通@500通以上	1~9通	1228465245
8		あなたは業務において、1日平均で約何通メールを送信しますか？（返信・転送を含む）	1通未満@1~9通@10~19通@20~29通@30~39通@40~49通@50~99通@100~500通@500通以上	1通未満	1229449382
8		あなたは業務において、1日平均で約何通メールを送信しますか？（返信・転送を含む）	1通未満@1~9通@10~19通@20~29通@30~39通@40~49通@50~99通@100~500通@500通以上	1~9通	1229595611
8		あなたは業務において、1日平均で約何通メールを送信しますか？（返信・転送を含む）	1通未満@1~9通@10~19通@20~29通@30~39通@40~49通@50~99通@100~500通@500通以上	1通未満	1229723967
8		あなたは業務において、1日平均で約何通メールを送信しますか？（返信・転送を含む）	1通未満@1~9通@10~19通@20~29通@30~39通@40~49通@50~99通@100~500通@500通以上	1~9通	1230616746
8		あなたは業務において、1日平均で約何通メールを送信しますか？（返信・転送を含む）	1通未満@1~9通@10~19通@20~29通@30~39通@40~49通@50~99通@100~500通@500通以上	1~9通	1230633211
8		あなたは業務において、1日平均で約何通メールを送信しますか？（返信・転送を含む）	1通未満@1~9通@10~19通@20~29通@30~39通@40~49通@50~99通@100~500通@500通以上	1~9通	1230659682
8		あなたは業務において、1日平均で約何通メールを送信しますか？（返信・転送を含む）	1通未満@1~9通@10~19通@20~29通@30~39通@40~49通@50~99通@100~500通@500通以上	1通未満	1230831043
8		あなたは業務において、1日平均で約何通メールを送信しますか？（返信・転送を含む）	1通未満@1~9通@10~19通@20~29通@30~39通@40~49通@50~99通@100~500通@500通以上	1~9通	1231005377
8		あなたは業務において、1日平均で約何通メールを送信しますか？（返信・転送を含む）	1通未満@1~9通@10~19通@20~29通@30~39通@40~49通@50~99通@100~500通@500通以上	1通未満	1231219713
8		あなたは業務において、1日平均で約何通メールを送信しますか？（返信・転送を含む）	1通未満@1~9通@10~19通@20~29通@30~39通@40~49通@50~99通@100~500通@500通以上	10~19通	1231343522
8		あなたは業務において、1日平均で約何通メールを送信しますか？（返信・転送を含む）	1通未満@1~9通@10~19通@20~29通@30~39通@40~49通@50~99通@100~500通@500通以上	1通未満	1231433995
8		あなたは業務において、1日平均で約何通メールを送信しますか？（返信・転送を含む）	1通未満@1~9通@10~19通@20~29通@30~39通@40~49通@50~99通@100~500通@500通以上	1~9通	1231551172
8		あなたは業務において、1日平均で約何通メールを送信しますか？（返信・転送を含む）	1通未満@1~9通@10~19通@20~29通@30~39通@40~49通@50~99通@100~500通@500通以上	1~9通	1231576912
8		あなたは業務において、1日平均で約何通メールを送信しますか？（返信・転送を含む）	1通未満@1~9通@10~19通@20~29通@30~39通@40~49通@50~99通@100~500通@500通以上	10~19通	1231913695
8		あなたは業務において、1日平均で約何通メールを送信しますか？（返信・転送を含む）	1通未満@1~9通@10~19通@20~29通@30~39通@40~49通@50~99通@100~500通@500通以上	1~9通	1232079946
8		あなたは業務において、1日平均で約何通メールを送信しますか？（返信・転送を含む）	1通未満@1~9通@10~19通@20~29通@30~39通@40~49通@50~99通@100~500通@500通以上	10~19通	1232116825
8		あなたは業務において、1日平均で約何通メールを送信しますか？（返信・転送を含む）	1通未満@1~9通@10~19通@20~29通@30~39通@40~49通@50~99通@100~500通@500通以上	1~9通	1232133665
8		あなたは業務において、1日平均で約何通メールを送信しますか？（返信・転送を含む）	1通未満@1~9通@10~19通@20~29通@30~39通@40~49通@50~99通@100~500通@500通以上	1通未満	1232235701
8		あなたは業務において、1日平均で約何通メールを送信しますか？（返信・転送を含む）	1通未満@1~9通@10~19通@20~29通@30~39通@40~49通@50~99通@100~500通@500通以上	1通未満	1233034245
8		あなたは業務において、1日平均で約何通メールを送信しますか？（返信・転送を含む）	1通未満@1~9通@10~19通@20~29通@30~39通@40~49通@50~99通@100~500通@500通以上	1通未満	1233158676
8		あなたは業務において、1日平均で約何通メールを送信しますか？（返信・転送を含む）	1通未満@1~9通@10~19通@20~29通@30~39通@40~49通@50~99通@100~500通@500通以上	1通未満	1233319755
8		あなたは業務において、1日平均で約何通メールを送信しますか？（返信・転送を含む）	1通未満@1~9通@10~19通@20~29通@30~39通@40~49通@50~99通@100~500通@500通以上	1~9通	1233865950
8		あなたは業務において、1日平均で約何通メールを送信しますか？（返信・転送を含む）	1通未満@1~9通@10~19通@20~29通@30~39通@40~49通@50~99通@100~500通@500通以上	1~9通	1234111828
8		あなたは業務において、1日平均で約何通メールを送信しますか？（返信・転送を含む）	1通未満@1~9通@10~19通@20~29通@30~39通@40~49通@50~99通@100~500通@500通以上	1~9通	1235470191
8		あなたは業務において、1日平均で約何通メールを送信しますか？（返信・転送を含む）	1通未満@1~9通@10~19通@20~29通@30~39通@40~49通@50~99通@100~500通@500通以上	1~9通	1235799495
8		あなたは業務において、1日平均で約何通メールを送信しますか？（返信・転送を含む）	1通未満@1~9通@10~19通@20~29通@30~39通@40~49通@50~99通@100~500通@500通以上	1~9通	1236783983
8		あなたは業務において、1日平均で約何通メールを送信しますか？（返信・転送を含む）	1通未満@1~9通@10~19通@20~29通@30~39通@40~49通@50~99通@100~500通@500通以上	10~19通	1237116025
8		あなたは業務において、1日平均で約何通メールを送信しますか？（返信・転送を含む）	1通未満@1~9通@10~19通@20~29通@30~39通@40~49通@50~99通@100~500通@500通以上	1~9通	1237226997
8		あなたは業務において、1日平均で約何通メールを送信しますか？（返信・転送を含む）	1通未満@1~9通@10~19通@20~29通@30~39通@40~49通@50~99通@100~500通@500通以上	20~29通	1237379785
8		あなたは業務において、1日平均で約何通メールを送信しますか？（返信・転送を含む）	1通未満@1~9通@10~19通@20~29通@30~39通@40~49通@50~99通@100~500通@500通以上	10~19通	1237735357
8		あなたは業務において、1日平均で約何通メールを送信しますか？（返信・転送を含む）	1通未満@1~9通@10~19通@20~29通@30~39通@40~49通@50~99通@100~500通@500通以上	1通未満	1238098439
8		あなたは業務において、1日平均で約何通メールを送信しますか？（返信・転送を含む）	1通未満@1~9通@10~19通@20~29通@30~39通@40~49通@50~99通@100~500通@500通以上	1~9通	1238742717
8		あなたは業務において、1日平均で約何通メールを送信しますか？（返信・転送を含む）	1通未満@1~9通@10~19通@20~29通@30~39通@40~49通@50~99通@100~500通@500通以上	1通未満	1239057784
8		あなたは業務において、1日平均で約何通メールを送信しますか？（返信・転送を含む）	1通未満@1~9通@10~19通@20~29通@30~39通@40~49通@50~99通@100~500通@500通以上	1通未満	1239060423
8		あなたは業務において、1日平均で約何通メールを送信しますか？（返信・転送を含む）	1通未満@1~9通@10~19通@20~29通@30~39通@40~49通@50~99通@100~500通@500通以上	10~19通	1239097506
8		あなたは業務において、1日平均で約何通メールを送信しますか？（返信・転送を含む）	1通未満@1~9通@10~19通@20~29通@30~39通@40~49通@50~99通@100~500通@500通以上	1~9通	1239100295
8		あなたは業務において、1日平均で約何通メールを送信しますか？（返信・転送を含む）	1通未満@1~9通@10~19通@20~29通@30~39通@40~49通@50~99通@100~500通@500通以上	1通未満	1239142888
8		あなたは業務において、1日平均で約何通メールを送信しますか？（返信・転送を含む）	1通未満@1~9通@10~19通@20~29通@30~39通@40~49通@50~99通@100~500通@500通以上	1通未満	1239156834
8		あなたは業務において、1日平均で約何通メールを送信しますか？（返信・転送を含む）	1通未満@1~9通@10~19通@20~29通@30~39通@40~49通@50~99通@100~500通@500通以上	10~19通	1239178641
9		あなたは業務において、どのような内容のメールを送信しますか？簡単に教えてください。 ##（複数ある場合は、すべて教えてください。）				文章でしっかり残しておく必要のある確認などの文面	1225471768
9		あなたは業務において、どのような内容のメールを送信しますか？簡単に教えてください。 ##（複数ある場合は、すべて教えてください。）				エクセルを添付して送信	1225591370
9		あなたは業務において、どのような内容のメールを送信しますか？簡単に教えてください。 ##（複数ある場合は、すべて教えてください。）				日報	1225934144
9		あなたは業務において、どのような内容のメールを送信しますか？簡単に教えてください。 ##（複数ある場合は、すべて教えてください。）				不明点などを聞く	1226283432
9		あなたは業務において、どのような内容のメールを送信しますか？簡単に教えてください。 ##（複数ある場合は、すべて教えてください。）				受発注、校正送付	1227217894
9		あなたは業務において、どのような内容のメールを送信しますか？簡単に教えてください。 ##（複数ある場合は、すべて教えてください。）				業務の進捗状況	1227394464
9		あなたは業務において、どのような内容のメールを送信しますか？簡単に教えてください。 ##（複数ある場合は、すべて教えてください。）					1227445043
9		あなたは業務において、どのような内容のメールを送信しますか？簡単に教えてください。 ##（複数ある場合は、すべて教えてください。）				税理士との明細に関する確認事項、出版社との納品物に関する打ち合わせなど	1227450793
9		あなたは業務において、どのような内容のメールを送信しますか？簡単に教えてください。 ##（複数ある場合は、すべて教えてください。）				日程調整連絡、会議案内の送信、事務事項	1227521088
9		あなたは業務において、どのような内容のメールを送信しますか？簡単に教えてください。 ##（複数ある場合は、すべて教えてください。）				利用者様の申し送りなどです	1228257169
9		あなたは業務において、どのような内容のメールを送信しますか？簡単に教えてください。 ##（複数ある場合は、すべて教えてください。）				海外代理人との書類納品	1228465245
9		あなたは業務において、どのような内容のメールを送信しますか？簡単に教えてください。 ##（複数ある場合は、すべて教えてください。）				発注	1229449382
9		あなたは業務において、どのような内容のメールを送信しますか？簡単に教えてください。 ##（複数ある場合は、すべて教えてください。）				見積・受注等の確認	1229595611
9		あなたは業務において、どのような内容のメールを送信しますか？簡単に教えてください。 ##（複数ある場合は、すべて教えてください。）				働いていないので業務のメールは送りません	1229723967
9		あなたは業務において、どのような内容のメールを送信しますか？簡単に教えてください。 ##（複数ある場合は、すべて教えてください。）					1230616746
9		あなたは業務において、どのような内容のメールを送信しますか？簡単に教えてください。 ##（複数ある場合は、すべて教えてください。）				協力会社への発注メール	1230633211
9		あなたは業務において、どのような内容のメールを送信しますか？簡単に教えてください。 ##（複数ある場合は、すべて教えてください。）				商品についての確認メール	1230659682
9		あなたは業務において、どのような内容のメールを送信しますか？簡単に教えてください。 ##（複数ある場合は、すべて教えてください。）				業務のメールは送信しません。	1230831043
9		あなたは業務において、どのような内容のメールを送信しますか？簡単に教えてください。 ##（複数ある場合は、すべて教えてください。）				業務連絡（自身の勤怠など）	1231005377
9		あなたは業務において、どのような内容のメールを送信しますか？簡単に教えてください。 ##（複数ある場合は、すべて教えてください。）					1231219713
9		あなたは業務において、どのような内容のメールを送信しますか？簡単に教えてください。 ##（複数ある場合は、すべて教えてください。）				確認のためのメール	1231343522
9		あなたは業務において、どのような内容のメールを送信しますか？簡単に教えてください。 ##（複数ある場合は、すべて教えてください。）				問い合わせ##確認##報告	1231433995
9		あなたは業務において、どのような内容のメールを送信しますか？簡単に教えてください。 ##（複数ある場合は、すべて教えてください。）				事務連絡	1231551172
9		あなたは業務において、どのような内容のメールを送信しますか？簡単に教えてください。 ##（複数ある場合は、すべて教えてください。）				確認メール、報告メール、受領メール	1231576912
9		あなたは業務において、どのような内容のメールを送信しますか？簡単に教えてください。 ##（複数ある場合は、すべて教えてください。）				問合せや相談に対する回答。こちらからの依頼。など	1231913695
9		あなたは業務において、どのような内容のメールを送信しますか？簡単に教えてください。 ##（複数ある場合は、すべて教えてください。）				連絡	1232079946
9		あなたは業務において、どのような内容のメールを送信しますか？簡単に教えてください。 ##（複数ある場合は、すべて教えてください。）				資料送付、見積り依頼、書類作成依頼	1232116825
9		あなたは業務において、どのような内容のメールを送信しますか？簡単に教えてください。 ##（複数ある場合は、すべて教えてください。）				注文確認メール##入金確認メール##発送完了メール	1232133665
9		あなたは業務において、どのような内容のメールを送信しますか？簡単に教えてください。 ##（複数ある場合は、すべて教えてください。）				特に業務でのメール送受信はありません	1232235701
9		あなたは業務において、どのような内容のメールを送信しますか？簡単に教えてください。 ##（複数ある場合は、すべて教えてください。）				日程調整	1233034245
9		あなたは業務において、どのような内容のメールを送信しますか？簡単に教えてください。 ##（複数ある場合は、すべて教えてください。）				メールの返信	1233158676
9		あなたは業務において、どのような内容のメールを送信しますか？簡単に教えてください。 ##（複数ある場合は、すべて教えてください。）				ほとんど使用しない。	1233319755
9		あなたは業務において、どのような内容のメールを送信しますか？簡単に教えてください。 ##（複数ある場合は、すべて教えてください。）				名刺や封筒の発注メール##建物等保守点検の日時決定メール##請求書のやりとり	1233865950
9		あなたは業務において、どのような内容のメールを送信しますか？簡単に教えてください。 ##（複数ある場合は、すべて教えてください。）				店舗内の業務連絡	1234111828
9		あなたは業務において、どのような内容のメールを送信しますか？簡単に教えてください。 ##（複数ある場合は、すべて教えてください。）				業務指示	1235470191
9		あなたは業務において、どのような内容のメールを送信しますか？簡単に教えてください。 ##（複数ある場合は、すべて教えてください。）				依頼された業務の完了・確認のメール。	1235799495
9		あなたは業務において、どのような内容のメールを送信しますか？簡単に教えてください。 ##（複数ある場合は、すべて教えてください。）				業務案件受注メール、作業の進捗確認、相談のメール	1236783983
9		あなたは業務において、どのような内容のメールを送信しますか？簡単に教えてください。 ##（複数ある場合は、すべて教えてください。）				請求書の送付、受領。分析結果の報告。業務連絡。	1237116025
9		あなたは業務において、どのような内容のメールを送信しますか？簡単に教えてください。 ##（複数ある場合は、すべて教えてください。）				売買のやり取り	1237226997
9		あなたは業務において、どのような内容のメールを送信しますか？簡単に教えてください。 ##（複数ある場合は、すべて教えてください。）				アポイントの依頼・回答、製品の見積もり依頼・回答、物品の発注・納期回答、製品の質疑・回答	1237379785
9		あなたは業務において、どのような内容のメールを送信しますか？簡単に教えてください。 ##（複数ある場合は、すべて教えてください。）				日報、本社への報告	1237735357
9		あなたは業務において、どのような内容のメールを送信しますか？簡単に教えてください。 ##（複数ある場合は、すべて教えてください。）				事務連絡	1238098439
9		あなたは業務において、どのような内容のメールを送信しますか？簡単に教えてください。 ##（複数ある場合は、すべて教えてください。）				納品・請求にかかわるデータのやりとり	1238742717
9		あなたは業務において、どのような内容のメールを送信しますか？簡単に教えてください。 ##（複数ある場合は、すべて教えてください。）				自治体への問い合わせ	1239057784
9		あなたは業務において、どのような内容のメールを送信しますか？簡単に教えてください。 ##（複数ある場合は、すべて教えてください。）				返品・交換	1239060423
9		あなたは業務において、どのような内容のメールを送信しますか？簡単に教えてください。 ##（複数ある場合は、すべて教えてください。）				見積もりの依頼	1239097506
9		あなたは業務において、どのような内容のメールを送信しますか？簡単に教えてください。 ##（複数ある場合は、すべて教えてください。）				取引先とのメール	1239100295
9		あなたは業務において、どのような内容のメールを送信しますか？簡単に教えてください。 ##（複数ある場合は、すべて教えてください。）				現在勤めていないため、以前勤めていた業務に関して回答します。##以下事務作業##・翻訳会社に原稿を依頼。##・ビジネスパートナーの会社からの請求書の返信対応。	1239142888
9		あなたは業務において、どのような内容のメールを送信しますか？簡単に教えてください。 ##（複数ある場合は、すべて教えてください。）				業務で、わからないとき、連絡事項	1239156834
9		あなたは業務において、どのような内容のメールを送信しますか？簡単に教えてください。 ##（複数ある場合は、すべて教えてください。）				特に無し	1239178641
10	221957	実験用Webサイトにアクセスして、メールアドレスを入力してください。 ##実験用Webサイトで最後に表示される「合言葉」と「被験者ID」は必ずメモしてください。			【実験用Webサイト】	https://doppel-domain.pages.dev/practice/ready	実験用Webサイトで最後に表示された「合言葉」を入力してください。（「被験者ID」は次の設問で入力します。）		221957	1225471768
10	221957	実験用Webサイトにアクセスして、メールアドレスを入力してください。 ##実験用Webサイトで最後に表示される「合言葉」と「被験者ID」は必ずメモしてください。			【実験用Webサイト】	https://doppel-domain.pages.dev/practice/ready	実験用Webサイトで最後に表示された「合言葉」を入力してください。（「被験者ID」は次の設問で入力します。）		221957	1225591370
10	221957	実験用Webサイトにアクセスして、メールアドレスを入力してください。 ##実験用Webサイトで最後に表示される「合言葉」と「被験者ID」は必ずメモしてください。			【実験用Webサイト】	https://doppel-domain.pages.dev/practice/ready	実験用Webサイトで最後に表示された「合言葉」を入力してください。（「被験者ID」は次の設問で入力します。）		221957	1225934144
10	221957	実験用Webサイトにアクセスして、メールアドレスを入力してください。 ##実験用Webサイトで最後に表示される「合言葉」と「被験者ID」は必ずメモしてください。			【実験用Webサイト】	https://doppel-domain.pages.dev/practice/ready	実験用Webサイトで最後に表示された「合言葉」を入力してください。（「被験者ID」は次の設問で入力します。）		221957	1226283432
10	221957	実験用Webサイトにアクセスして、メールアドレスを入力してください。 ##実験用Webサイトで最後に表示される「合言葉」と「被験者ID」は必ずメモしてください。			【実験用Webサイト】	https://doppel-domain.pages.dev/practice/ready	実験用Webサイトで最後に表示された「合言葉」を入力してください。（「被験者ID」は次の設問で入力します。）		221957	1227217894
10	221957	実験用Webサイトにアクセスして、メールアドレスを入力してください。 ##実験用Webサイトで最後に表示される「合言葉」と「被験者ID」は必ずメモしてください。			【実験用Webサイト】	https://doppel-domain.pages.dev/practice/ready	実験用Webサイトで最後に表示された「合言葉」を入力してください。（「被験者ID」は次の設問で入力します。）		221957	1227394464
10	221957	実験用Webサイトにアクセスして、メールアドレスを入力してください。 ##実験用Webサイトで最後に表示される「合言葉」と「被験者ID」は必ずメモしてください。			【実験用Webサイト】	https://doppel-domain.pages.dev/practice/ready	実験用Webサイトで最後に表示された「合言葉」を入力してください。（「被験者ID」は次の設問で入力します。）		221957	1227445043
10	221957	実験用Webサイトにアクセスして、メールアドレスを入力してください。 ##実験用Webサイトで最後に表示される「合言葉」と「被験者ID」は必ずメモしてください。			【実験用Webサイト】	https://doppel-domain.pages.dev/practice/ready	実験用Webサイトで最後に表示された「合言葉」を入力してください。（「被験者ID」は次の設問で入力します。）		221957	1227450793
10	221957	実験用Webサイトにアクセスして、メールアドレスを入力してください。 ##実験用Webサイトで最後に表示される「合言葉」と「被験者ID」は必ずメモしてください。			【実験用Webサイト】	https://doppel-domain.pages.dev/practice/ready	実験用Webサイトで最後に表示された「合言葉」を入力してください。（「被験者ID」は次の設問で入力します。）		221957	1227521088
10	221957	実験用Webサイトにアクセスして、メールアドレスを入力してください。 ##実験用Webサイトで最後に表示される「合言葉」と「被験者ID」は必ずメモしてください。			【実験用Webサイト】	https://doppel-domain.pages.dev/practice/ready	実験用Webサイトで最後に表示された「合言葉」を入力してください。（「被験者ID」は次の設問で入力します。）		221957	1228257169
10	221957	実験用Webサイトにアクセスして、メールアドレスを入力してください。 ##実験用Webサイトで最後に表示される「合言葉」と「被験者ID」は必ずメモしてください。			【実験用Webサイト】	https://doppel-domain.pages.dev/practice/ready	実験用Webサイトで最後に表示された「合言葉」を入力してください。（「被験者ID」は次の設問で入力します。）		221957	1228465245
10	221957	実験用Webサイトにアクセスして、メールアドレスを入力してください。 ##実験用Webサイトで最後に表示される「合言葉」と「被験者ID」は必ずメモしてください。			【実験用Webサイト】	https://doppel-domain.pages.dev/practice/ready	実験用Webサイトで最後に表示された「合言葉」を入力してください。（「被験者ID」は次の設問で入力します。）		221957	1229449382
10	221957	実験用Webサイトにアクセスして、メールアドレスを入力してください。 ##実験用Webサイトで最後に表示される「合言葉」と「被験者ID」は必ずメモしてください。			【実験用Webサイト】	https://doppel-domain.pages.dev/practice/ready	実験用Webサイトで最後に表示された「合言葉」を入力してください。（「被験者ID」は次の設問で入力します。）		221957	1229595611
10	221957	実験用Webサイトにアクセスして、メールアドレスを入力してください。 ##実験用Webサイトで最後に表示される「合言葉」と「被験者ID」は必ずメモしてください。			【実験用Webサイト】	https://doppel-domain.pages.dev/practice/ready	実験用Webサイトで最後に表示された「合言葉」を入力してください。（「被験者ID」は次の設問で入力します。）		221957	1229723967
10	221957	実験用Webサイトにアクセスして、メールアドレスを入力してください。 ##実験用Webサイトで最後に表示される「合言葉」と「被験者ID」は必ずメモしてください。			【実験用Webサイト】	https://doppel-domain.pages.dev/practice/ready	実験用Webサイトで最後に表示された「合言葉」を入力してください。（「被験者ID」は次の設問で入力します。）		221957##	1230616746
10	221957	実験用Webサイトにアクセスして、メールアドレスを入力してください。 ##実験用Webサイトで最後に表示される「合言葉」と「被験者ID」は必ずメモしてください。			【実験用Webサイト】	https://doppel-domain.pages.dev/practice/ready	実験用Webサイトで最後に表示された「合言葉」を入力してください。（「被験者ID」は次の設問で入力します。）		221957	1230633211
10	221957	実験用Webサイトにアクセスして、メールアドレスを入力してください。 ##実験用Webサイトで最後に表示される「合言葉」と「被験者ID」は必ずメモしてください。			【実験用Webサイト】	https://doppel-domain.pages.dev/practice/ready	実験用Webサイトで最後に表示された「合言葉」を入力してください。（「被験者ID」は次の設問で入力します。）		221957##	1230659682
10	221957	実験用Webサイトにアクセスして、メールアドレスを入力してください。 ##実験用Webサイトで最後に表示される「合言葉」と「被験者ID」は必ずメモしてください。			【実験用Webサイト】	https://doppel-domain.pages.dev/practice/ready	実験用Webサイトで最後に表示された「合言葉」を入力してください。（「被験者ID」は次の設問で入力します。）		221957	1230831043
10	221957	実験用Webサイトにアクセスして、メールアドレスを入力してください。 ##実験用Webサイトで最後に表示される「合言葉」と「被験者ID」は必ずメモしてください。			【実験用Webサイト】	https://doppel-domain.pages.dev/practice/ready	実験用Webサイトで最後に表示された「合言葉」を入力してください。（「被験者ID」は次の設問で入力します。）		221957	1231005377
10	221957	実験用Webサイトにアクセスして、メールアドレスを入力してください。 ##実験用Webサイトで最後に表示される「合言葉」と「被験者ID」は必ずメモしてください。			【実験用Webサイト】	https://doppel-domain.pages.dev/practice/ready	実験用Webサイトで最後に表示された「合言葉」を入力してください。（「被験者ID」は次の設問で入力します。）		221957	1231219713
10	221957	実験用Webサイトにアクセスして、メールアドレスを入力してください。 ##実験用Webサイトで最後に表示される「合言葉」と「被験者ID」は必ずメモしてください。			【実験用Webサイト】	https://doppel-domain.pages.dev/practice/ready	実験用Webサイトで最後に表示された「合言葉」を入力してください。（「被験者ID」は次の設問で入力します。）		221957	1231343522
10	221957	実験用Webサイトにアクセスして、メールアドレスを入力してください。 ##実験用Webサイトで最後に表示される「合言葉」と「被験者ID」は必ずメモしてください。			【実験用Webサイト】	https://doppel-domain.pages.dev/practice/ready	実験用Webサイトで最後に表示された「合言葉」を入力してください。（「被験者ID」は次の設問で入力します。）		221957	1231433995
10	221957	実験用Webサイトにアクセスして、メールアドレスを入力してください。 ##実験用Webサイトで最後に表示される「合言葉」と「被験者ID」は必ずメモしてください。			【実験用Webサイト】	https://doppel-domain.pages.dev/practice/ready	実験用Webサイトで最後に表示された「合言葉」を入力してください。（「被験者ID」は次の設問で入力します。）		221957##	1231551172
10	221957	実験用Webサイトにアクセスして、メールアドレスを入力してください。 ##実験用Webサイトで最後に表示される「合言葉」と「被験者ID」は必ずメモしてください。			【実験用Webサイト】	https://doppel-domain.pages.dev/practice/ready	実験用Webサイトで最後に表示された「合言葉」を入力してください。（「被験者ID」は次の設問で入力します。）		221957	1231576912
10	221957	実験用Webサイトにアクセスして、メールアドレスを入力してください。 ##実験用Webサイトで最後に表示される「合言葉」と「被験者ID」は必ずメモしてください。			【実験用Webサイト】	https://doppel-domain.pages.dev/practice/ready	実験用Webサイトで最後に表示された「合言葉」を入力してください。（「被験者ID」は次の設問で入力します。）		221957	1231913695
10	221957	実験用Webサイトにアクセスして、メールアドレスを入力してください。 ##実験用Webサイトで最後に表示される「合言葉」と「被験者ID」は必ずメモしてください。			【実験用Webサイト】	https://doppel-domain.pages.dev/practice/ready	実験用Webサイトで最後に表示された「合言葉」を入力してください。（「被験者ID」は次の設問で入力します。）		221957	1232079946
10	221957	実験用Webサイトにアクセスして、メールアドレスを入力してください。 ##実験用Webサイトで最後に表示される「合言葉」と「被験者ID」は必ずメモしてください。			【実験用Webサイト】	https://doppel-domain.pages.dev/practice/ready	実験用Webサイトで最後に表示された「合言葉」を入力してください。（「被験者ID」は次の設問で入力します。）		221957	1232116825
10	221957	実験用Webサイトにアクセスして、メールアドレスを入力してください。 ##実験用Webサイトで最後に表示される「合言葉」と「被験者ID」は必ずメモしてください。			【実験用Webサイト】	https://doppel-domain.pages.dev/practice/ready	実験用Webサイトで最後に表示された「合言葉」を入力してください。（「被験者ID」は次の設問で入力します。）		221957	1232133665
10	221957	実験用Webサイトにアクセスして、メールアドレスを入力してください。 ##実験用Webサイトで最後に表示される「合言葉」と「被験者ID」は必ずメモしてください。			【実験用Webサイト】	https://doppel-domain.pages.dev/practice/ready	実験用Webサイトで最後に表示された「合言葉」を入力してください。（「被験者ID」は次の設問で入力します。）		221957	1232235701
10	221957	実験用Webサイトにアクセスして、メールアドレスを入力してください。 ##実験用Webサイトで最後に表示される「合言葉」と「被験者ID」は必ずメモしてください。			【実験用Webサイト】	https://doppel-domain.pages.dev/practice/ready	実験用Webサイトで最後に表示された「合言葉」を入力してください。（「被験者ID」は次の設問で入力します。）		221957	1233034245
10	221957	実験用Webサイトにアクセスして、メールアドレスを入力してください。 ##実験用Webサイトで最後に表示される「合言葉」と「被験者ID」は必ずメモしてください。			【実験用Webサイト】	https://doppel-domain.pages.dev/practice/ready	実験用Webサイトで最後に表示された「合言葉」を入力してください。（「被験者ID」は次の設問で入力します。）		221957	1233158676
10	221957	実験用Webサイトにアクセスして、メールアドレスを入力してください。 ##実験用Webサイトで最後に表示される「合言葉」と「被験者ID」は必ずメモしてください。			【実験用Webサイト】	https://doppel-domain.pages.dev/practice/ready	実験用Webサイトで最後に表示された「合言葉」を入力してください。（「被験者ID」は次の設問で入力します。）		221957	1233319755
10	221957	実験用Webサイトにアクセスして、メールアドレスを入力してください。 ##実験用Webサイトで最後に表示される「合言葉」と「被験者ID」は必ずメモしてください。			【実験用Webサイト】	https://doppel-domain.pages.dev/practice/ready	実験用Webサイトで最後に表示された「合言葉」を入力してください。（「被験者ID」は次の設問で入力します。）		221957	1233865950
10	221957	実験用Webサイトにアクセスして、メールアドレスを入力してください。 ##実験用Webサイトで最後に表示される「合言葉」と「被験者ID」は必ずメモしてください。			【実験用Webサイト】	https://doppel-domain.pages.dev/practice/ready	実験用Webサイトで最後に表示された「合言葉」を入力してください。（「被験者ID」は次の設問で入力します。）		221957	1234111828
10	221957	実験用Webサイトにアクセスして、メールアドレスを入力してください。 ##実験用Webサイトで最後に表示される「合言葉」と「被験者ID」は必ずメモしてください。			【実験用Webサイト】	https://doppel-domain.pages.dev/practice/ready	実験用Webサイトで最後に表示された「合言葉」を入力してください。（「被験者ID」は次の設問で入力します。）		221957	1235470191
10	221957	実験用Webサイトにアクセスして、メールアドレスを入力してください。 ##実験用Webサイトで最後に表示される「合言葉」と「被験者ID」は必ずメモしてください。			【実験用Webサイト】	https://doppel-domain.pages.dev/practice/ready	実験用Webサイトで最後に表示された「合言葉」を入力してください。（「被験者ID」は次の設問で入力します。）		221957	1235799495
10	221957	実験用Webサイトにアクセスして、メールアドレスを入力してください。 ##実験用Webサイトで最後に表示される「合言葉」と「被験者ID」は必ずメモしてください。			【実験用Webサイト】	https://doppel-domain.pages.dev/practice/ready	実験用Webサイトで最後に表示された「合言葉」を入力してください。（「被験者ID」は次の設問で入力します。）		221957	1236783983
10	221957	実験用Webサイトにアクセスして、メールアドレスを入力してください。 ##実験用Webサイトで最後に表示される「合言葉」と「被験者ID」は必ずメモしてください。			【実験用Webサイト】	https://doppel-domain.pages.dev/practice/ready	実験用Webサイトで最後に表示された「合言葉」を入力してください。（「被験者ID」は次の設問で入力します。）		221957	1237116025
10	221957	実験用Webサイトにアクセスして、メールアドレスを入力してください。 ##実験用Webサイトで最後に表示される「合言葉」と「被験者ID」は必ずメモしてください。			【実験用Webサイト】	https://doppel-domain.pages.dev/practice/ready	実験用Webサイトで最後に表示された「合言葉」を入力してください。（「被験者ID」は次の設問で入力します。）		221957	1237226997
10	221957	実験用Webサイトにアクセスして、メールアドレスを入力してください。 ##実験用Webサイトで最後に表示される「合言葉」と「被験者ID」は必ずメモしてください。			【実験用Webサイト】	https://doppel-domain.pages.dev/practice/ready	実験用Webサイトで最後に表示された「合言葉」を入力してください。（「被験者ID」は次の設問で入力します。）		221957	1237379785
10	221957	実験用Webサイトにアクセスして、メールアドレスを入力してください。 ##実験用Webサイトで最後に表示される「合言葉」と「被験者ID」は必ずメモしてください。			【実験用Webサイト】	https://doppel-domain.pages.dev/practice/ready	実験用Webサイトで最後に表示された「合言葉」を入力してください。（「被験者ID」は次の設問で入力します。）		221957	1237735357
10	221957	実験用Webサイトにアクセスして、メールアドレスを入力してください。 ##実験用Webサイトで最後に表示される「合言葉」と「被験者ID」は必ずメモしてください。			【実験用Webサイト】	https://doppel-domain.pages.dev/practice/ready	実験用Webサイトで最後に表示された「合言葉」を入力してください。（「被験者ID」は次の設問で入力します。）		221957	1238098439
10	221957	実験用Webサイトにアクセスして、メールアドレスを入力してください。 ##実験用Webサイトで最後に表示される「合言葉」と「被験者ID」は必ずメモしてください。			【実験用Webサイト】	https://doppel-domain.pages.dev/practice/ready	実験用Webサイトで最後に表示された「合言葉」を入力してください。（「被験者ID」は次の設問で入力します。）		221957	1238742717
10	221957	実験用Webサイトにアクセスして、メールアドレスを入力してください。 ##実験用Webサイトで最後に表示される「合言葉」と「被験者ID」は必ずメモしてください。			【実験用Webサイト】	https://doppel-domain.pages.dev/practice/ready	実験用Webサイトで最後に表示された「合言葉」を入力してください。（「被験者ID」は次の設問で入力します。）		221957	1239057784
10	221957	実験用Webサイトにアクセスして、メールアドレスを入力してください。 ##実験用Webサイトで最後に表示される「合言葉」と「被験者ID」は必ずメモしてください。			【実験用Webサイト】	https://doppel-domain.pages.dev/practice/ready	実験用Webサイトで最後に表示された「合言葉」を入力してください。（「被験者ID」は次の設問で入力します。）		221957	1239060423
10	221957	実験用Webサイトにアクセスして、メールアドレスを入力してください。 ##実験用Webサイトで最後に表示される「合言葉」と「被験者ID」は必ずメモしてください。			【実験用Webサイト】	https://doppel-domain.pages.dev/practice/ready	実験用Webサイトで最後に表示された「合言葉」を入力してください。（「被験者ID」は次の設問で入力します。）		221957	1239097506
10	221957	実験用Webサイトにアクセスして、メールアドレスを入力してください。 ##実験用Webサイトで最後に表示される「合言葉」と「被験者ID」は必ずメモしてください。			【実験用Webサイト】	https://doppel-domain.pages.dev/practice/ready	実験用Webサイトで最後に表示された「合言葉」を入力してください。（「被験者ID」は次の設問で入力します。）		221957	1239100295
10	221957	実験用Webサイトにアクセスして、メールアドレスを入力してください。 ##実験用Webサイトで最後に表示される「合言葉」と「被験者ID」は必ずメモしてください。			【実験用Webサイト】	https://doppel-domain.pages.dev/practice/ready	実験用Webサイトで最後に表示された「合言葉」を入力してください。（「被験者ID」は次の設問で入力します。）		221957	1239142888
10	221957	実験用Webサイトにアクセスして、メールアドレスを入力してください。 ##実験用Webサイトで最後に表示される「合言葉」と「被験者ID」は必ずメモしてください。			【実験用Webサイト】	https://doppel-domain.pages.dev/practice/ready	実験用Webサイトで最後に表示された「合言葉」を入力してください。（「被験者ID」は次の設問で入力します。）		221957	1239156834
10	221957	実験用Webサイトにアクセスして、メールアドレスを入力してください。 ##実験用Webサイトで最後に表示される「合言葉」と「被験者ID」は必ずメモしてください。			【実験用Webサイト】	https://doppel-domain.pages.dev/practice/ready	実験用Webサイトで最後に表示された「合言葉」を入力してください。（「被験者ID」は次の設問で入力します。）		221957	1239178641
11		実験用Webサイトで最後に表示された「被験者ID」を入力してください。				W90Nmr1u	1225471768
11		実験用Webサイトで最後に表示された「被験者ID」を入力してください。				1U7OosE	1225591370
11		実験用Webサイトで最後に表示された「被験者ID」を入力してください。				wJfVJVtn	1225934144
11		実験用Webサイトで最後に表示された「被験者ID」を入力してください。				UCL9dW93	1226283432
11		実験用Webサイトで最後に表示された「被験者ID」を入力してください。				1U79nLsE	1227217894
11		実験用Webサイトで最後に表示された「被験者ID」を入力してください。				9tFaIqHA	1227394464
11		実験用Webサイトで最後に表示された「被験者ID」を入力してください。				OKJSyLdf	1227445043
11		実験用Webサイトで最後に表示された「被験者ID」を入力してください。				UCLDkW93	1227450793
11		実験用Webサイトで最後に表示された「被験者ID」を入力してください。				HuVO7tNr	1227521088
11		実験用Webサイトで最後に表示された「被験者ID」を入力してください。				W90pr1u6	1228257169
11		実験用Webサイトで最後に表示された「被験者ID」を入力してください。				2TYa5PI9	1228465245
11		実験用Webサイトで最後に表示された「被験者ID」を入力してください。				ysrHt339	1229449382
11		実験用Webサイトで最後に表示された「被験者ID」を入力してください。				fa9gXW1V	1229595611
11		実験用Webサイトで最後に表示された「被験者ID」を入力してください。				I6vUmBS3	1229723967
11		実験用Webサイトで最後に表示された「被験者ID」を入力してください。				CRSzLrQD	1230616746
11		実験用Webサイトで最後に表示された「被験者ID」を入力してください。				J5awELPO	1230633211
11		実験用Webサイトで最後に表示された「被験者ID」を入力してください。				J5anIELP	1230659682
11		実験用Webサイトで最後に表示された「被験者ID」を入力してください。				1U79tLsE	1230831043
11		実験用Webサイトで最後に表示された「被験者ID」を入力してください。				0FT3Dt07	1231005377
11		実験用Webサイトで最後に表示された「被験者ID」を入力してください。				dp4CwPg0	1231219713
11		実験用Webサイトで最後に表示された「被験者ID」を入力してください。				mHxJd3L3	1231343522
11		実験用Webサイトで最後に表示された「被験者ID」を入力してください。				MBnryn8R	1231433995
11		実験用Webサイトで最後に表示された「被験者ID」を入力してください。				HuVUtNrj	1231551172
11		実験用Webサイトで最後に表示された「被験者ID」を入力してください。				iZDGIf7l	1231576912
11		実験用Webサイトで最後に表示された「被験者ID」を入力してください。				4kO4ElA2	1231913695
11		実験用Webサイトで最後に表示された「被験者ID」を入力してください。				xVoMDCyM	1232079946
11		実験用Webサイトで最後に表示された「被験者ID」を入力してください。				lbiK1G5M	1232116825
11		実験用Webサイトで最後に表示された「被験者ID」を入力してください。				hdBnv2rC	1232133665
11		実験用Webサイトで最後に表示された「被験者ID」を入力してください。				E7hcixkH	1232235701
11		実験用Webサイトで最後に表示された「被験者ID」を入力してください。				1U7OXLsE	1233034245
11		実験用Webサイトで最後に表示された「被験者ID」を入力してください。				W90NSr1u	1233158676
11		実験用Webサイトで最後に表示された「被験者ID」を入力してください。				kvKfPTER	1233319755
11		実験用Webサイトで最後に表示された「被験者ID」を入力してください。				E7hTxkHT	1233865950
11		実験用Webサイトで最後に表示された「被験者ID」を入力してください。				I6vdBS36	1234111828
11		実験用Webサイトで最後に表示された「被験者ID」を入力してください。				UCLBW93x	1235470191
11		実験用Webサイトで最後に表示された「被験者ID」を入力してください。				dp4pwPg0	1235799495
11		実験用Webサイトで最後に表示された「被験者ID」を入力してください。				dp46ZwPg	1236783983
11		実験用Webサイトで最後に表示された「被験者ID」を入力してください。				9tFuPqHA	1237116025
11		実験用Webサイトで最後に表示された「被験者ID」を入力してください。				J5azQELP	1237226997
11		実験用Webサイトで最後に表示された「被験者ID」を入力してください。				8DRE70Ym	1237379785
11		実験用Webサイトで最後に表示された「被験者ID」を入力してください。				aQtUtN7y	1237735357
11		実験用Webサイトで最後に表示された「被験者ID」を入力してください。				OKJALdfb	1238098439
11		実験用Webサイトで最後に表示された「被験者ID」を入力してください。				B4jGoQMJ	1238742717
11		実験用Webサイトで最後に表示された「被験者ID」を入力してください。				TG1E1nNU	1239057784
11		実験用Webサイトで最後に表示された「被験者ID」を入力してください。				njqKfLsP	1239060423
11		実験用Webサイトで最後に表示された「被験者ID」を入力してください。				jOwKpNTu	1239097506
11		実験用Webサイトで最後に表示された「被験者ID」を入力してください。				RPeyN90	1239100295
11		実験用Webサイトで最後に表示された「被験者ID」を入力してください。				B4jgloQM	1239142888
11		実験用Webサイトで最後に表示された「被験者ID」を入力してください。				TG1xnNUQ	1239156834
11		実験用Webサイトで最後に表示された「被験者ID」を入力してください。				xVobCyM7	1239178641
12		今回の実験に関する、ご意見・ご指摘等がありましたら教えてください。					1225471768
12		今回の実験に関する、ご意見・ご指摘等がありましたら教えてください。					1225591370
12		今回の実験に関する、ご意見・ご指摘等がありましたら教えてください。				疲れました	1225934144
12		今回の実験に関する、ご意見・ご指摘等がありましたら教えてください。					1226283432
12		今回の実験に関する、ご意見・ご指摘等がありましたら教えてください。					1227217894
12		今回の実験に関する、ご意見・ご指摘等がありましたら教えてください。				ここ数年、メルアドを手入力することは殆どなくなったなと思った	1227394464
12		今回の実験に関する、ご意見・ご指摘等がありましたら教えてください。				大変でした。疲れました。	1227445043
12		今回の実験に関する、ご意見・ご指摘等がありましたら教えてください。					1227450793
12		今回の実験に関する、ご意見・ご指摘等がありましたら教えてください。					1227521088
12		今回の実験に関する、ご意見・ご指摘等がありましたら教えてください。					1228257169
12		今回の実験に関する、ご意見・ご指摘等がありましたら教えてください。					1228465245
12		今回の実験に関する、ご意見・ご指摘等がありましたら教えてください。					1229449382
12		今回の実験に関する、ご意見・ご指摘等がありましたら教えてください。				好きな作業だったので、参加させていただけてよかったです。お役に立てましたように。	1229595611
12		今回の実験に関する、ご意見・ご指摘等がありましたら教えてください。					1229723967
12		今回の実験に関する、ご意見・ご指摘等がありましたら教えてください。					1230616746
12		今回の実験に関する、ご意見・ご指摘等がありましたら教えてください。					1230633211
12		今回の実験に関する、ご意見・ご指摘等がありましたら教えてください。				気を使いました	1230659682
12		今回の実験に関する、ご意見・ご指摘等がありましたら教えてください。					1230831043
12		今回の実験に関する、ご意見・ご指摘等がありましたら教えてください。				目がしょぼしょぼしましたが、楽しかったです。	1231005377
12		今回の実験に関する、ご意見・ご指摘等がありましたら教えてください。					1231219713
12		今回の実験に関する、ご意見・ご指摘等がありましたら教えてください。				スピードが足りなかった…	1231343522
12		今回の実験に関する、ご意見・ご指摘等がありましたら教えてください。					1231433995
12		今回の実験に関する、ご意見・ご指摘等がありましたら教えてください。					1231551172
12		今回の実験に関する、ご意見・ご指摘等がありましたら教えてください。				前回も挑戦したが、送信ボタンが見えなくなって続けられなかった。今回は、その点が改善されたようだが、前回の補填があったようなので、不具合を申告すればよかったと思った。	1231576912
12		今回の実験に関する、ご意見・ご指摘等がありましたら教えてください。					1231913695
12		今回の実験に関する、ご意見・ご指摘等がありましたら教えてください。					1232079946
12		今回の実験に関する、ご意見・ご指摘等がありましたら教えてください。					1232116825
12		今回の実験に関する、ご意見・ご指摘等がありましたら教えてください。					1232133665
12		今回の実験に関する、ご意見・ご指摘等がありましたら教えてください。				特にありません。時間を図ると緊張しました汗	1232235701
12		今回の実験に関する、ご意見・ご指摘等がありましたら教えてください。					1233034245
12		今回の実験に関する、ご意見・ご指摘等がありましたら教えてください。				時間制限があると慌てて打ち間違いが多いと思うのですが、どうでしょうか。	1233158676
12		今回の実験に関する、ご意見・ご指摘等がありましたら教えてください。				実施途中、文字を消そうとバックスペースキーを押したらブラウザバックしてしまったことがありまして、もしデータに問題等あったら申し訳ないです。##	1233319755
12		今回の実験に関する、ご意見・ご指摘等がありましたら教えてください。					1233865950
12		今回の実験に関する、ご意見・ご指摘等がありましたら教えてください。				特になし	1234111828
12		今回の実験に関する、ご意見・ご指摘等がありましたら教えてください。					1235470191
12		今回の実験に関する、ご意見・ご指摘等がありましたら教えてください。				けっこう大変でした。確認できるほどの余裕がなく、焦りました。	1235799495
12		今回の実験に関する、ご意見・ご指摘等がありましたら教えてください。				思ったより時間が短く感じた	1236783983
12		今回の実験に関する、ご意見・ご指摘等がありましたら教えてください。				特にありません	1237116025
12		今回の実験に関する、ご意見・ご指摘等がありましたら教えてください。				アドレス入力は難しかったです	1237226997
12		今回の実験に関する、ご意見・ご指摘等がありましたら教えてください。				宛先が多い時や２名のメールアドレスがつなげてエンターを押してしまい、文字列が長くなった時に画面をズームアウトしないと送信ボタンにたどり着けず、捜査に手間がかかるときがあった。	1237379785
12		今回の実験に関する、ご意見・ご指摘等がありましたら教えてください。				作業方法が少しわかりにくかったです	1237735357
12		今回の実験に関する、ご意見・ご指摘等がありましたら教えてください。				特にありません	1238098439
12		今回の実験に関する、ご意見・ご指摘等がありましたら教えてください。					1238742717
12		今回の実験に関する、ご意見・ご指摘等がありましたら教えてください。					1239057784
12		今回の実験に関する、ご意見・ご指摘等がありましたら教えてください。					1239060423
12		今回の実験に関する、ご意見・ご指摘等がありましたら教えてください。					1239097506
12		今回の実験に関する、ご意見・ご指摘等がありましたら教えてください。					1239100295
12		今回の実験に関する、ご意見・ご指摘等がありましたら教えてください。				特にありません。	1239142888
12		今回の実験に関する、ご意見・ご指摘等がありましたら教えてください。				特になし	1239156834
12		今回の実験に関する、ご意見・ご指摘等がありましたら教えてください。				疲れる	1239178641
