1		本実験の対象者となる条件をすべて満たしていますか？##○ 先日実施した「【男性・Outlook経験あり・パソコン限定】メールアドレス入力実験」のタスクに参加していない##○ 年齢が18歳以上の男性##○ 日本語の読み書きに堪能##○ PCでOutlookを使用したメール送信経験あり##○ 約30分を確実に確保でき、課題に集中可能な環境がある##○ 安定したインターネット環境があり、必須環境を用意できる##○ 本実験に関する説明文書に同意する##○ 「実験参加の前に行なっていただきたい作業」が完了している	はい@いいえ	はい	1225283058
1		本実験の対象者となる条件をすべて満たしていますか？##○ 先日実施した「【男性・Outlook経験あり・パソコン限定】メールアドレス入力実験」のタスクに参加していない##○ 年齢が18歳以上の男性##○ 日本語の読み書きに堪能##○ PCでOutlookを使用したメール送信経験あり##○ 約30分を確実に確保でき、課題に集中可能な環境がある##○ 安定したインターネット環境があり、必須環境を用意できる##○ 本実験に関する説明文書に同意する##○ 「実験参加の前に行なっていただきたい作業」が完了している	はい@いいえ	はい	1225481938
1		本実験の対象者となる条件をすべて満たしていますか？##○ 先日実施した「【男性・Outlook経験あり・パソコン限定】メールアドレス入力実験」のタスクに参加していない##○ 年齢が18歳以上の男性##○ 日本語の読み書きに堪能##○ PCでOutlookを使用したメール送信経験あり##○ 約30分を確実に確保でき、課題に集中可能な環境がある##○ 安定したインターネット環境があり、必須環境を用意できる##○ 本実験に関する説明文書に同意する##○ 「実験参加の前に行なっていただきたい作業」が完了している	はい@いいえ	はい	1225511524
1		本実験の対象者となる条件をすべて満たしていますか？##○ 先日実施した「【男性・Outlook経験あり・パソコン限定】メールアドレス入力実験」のタスクに参加していない##○ 年齢が18歳以上の男性##○ 日本語の読み書きに堪能##○ PCでOutlookを使用したメール送信経験あり##○ 約30分を確実に確保でき、課題に集中可能な環境がある##○ 安定したインターネット環境があり、必須環境を用意できる##○ 本実験に関する説明文書に同意する##○ 「実験参加の前に行なっていただきたい作業」が完了している	はい@いいえ	はい	1225532177
1		本実験の対象者となる条件をすべて満たしていますか？##○ 先日実施した「【男性・Outlook経験あり・パソコン限定】メールアドレス入力実験」のタスクに参加していない##○ 年齢が18歳以上の男性##○ 日本語の読み書きに堪能##○ PCでOutlookを使用したメール送信経験あり##○ 約30分を確実に確保でき、課題に集中可能な環境がある##○ 安定したインターネット環境があり、必須環境を用意できる##○ 本実験に関する説明文書に同意する##○ 「実験参加の前に行なっていただきたい作業」が完了している	はい@いいえ	はい	1225962608
1		本実験の対象者となる条件をすべて満たしていますか？##○ 先日実施した「【男性・Outlook経験あり・パソコン限定】メールアドレス入力実験」のタスクに参加していない##○ 年齢が18歳以上の男性##○ 日本語の読み書きに堪能##○ PCでOutlookを使用したメール送信経験あり##○ 約30分を確実に確保でき、課題に集中可能な環境がある##○ 安定したインターネット環境があり、必須環境を用意できる##○ 本実験に関する説明文書に同意する##○ 「実験参加の前に行なっていただきたい作業」が完了している	はい@いいえ	はい	1226281797
1		本実験の対象者となる条件をすべて満たしていますか？##○ 先日実施した「【男性・Outlook経験あり・パソコン限定】メールアドレス入力実験」のタスクに参加していない##○ 年齢が18歳以上の男性##○ 日本語の読み書きに堪能##○ PCでOutlookを使用したメール送信経験あり##○ 約30分を確実に確保でき、課題に集中可能な環境がある##○ 安定したインターネット環境があり、必須環境を用意できる##○ 本実験に関する説明文書に同意する##○ 「実験参加の前に行なっていただきたい作業」が完了している	はい@いいえ	はい	1227050337
1		本実験の対象者となる条件をすべて満たしていますか？##○ 先日実施した「【男性・Outlook経験あり・パソコン限定】メールアドレス入力実験」のタスクに参加していない##○ 年齢が18歳以上の男性##○ 日本語の読み書きに堪能##○ PCでOutlookを使用したメール送信経験あり##○ 約30分を確実に確保でき、課題に集中可能な環境がある##○ 安定したインターネット環境があり、必須環境を用意できる##○ 本実験に関する説明文書に同意する##○ 「実験参加の前に行なっていただきたい作業」が完了している	はい@いいえ	はい	1227219364
1		本実験の対象者となる条件をすべて満たしていますか？##○ 先日実施した「【男性・Outlook経験あり・パソコン限定】メールアドレス入力実験」のタスクに参加していない##○ 年齢が18歳以上の男性##○ 日本語の読み書きに堪能##○ PCでOutlookを使用したメール送信経験あり##○ 約30分を確実に確保でき、課題に集中可能な環境がある##○ 安定したインターネット環境があり、必須環境を用意できる##○ 本実験に関する説明文書に同意する##○ 「実験参加の前に行なっていただきたい作業」が完了している	はい@いいえ	はい	1228661809
1		本実験の対象者となる条件をすべて満たしていますか？##○ 先日実施した「【男性・Outlook経験あり・パソコン限定】メールアドレス入力実験」のタスクに参加していない##○ 年齢が18歳以上の男性##○ 日本語の読み書きに堪能##○ PCでOutlookを使用したメール送信経験あり##○ 約30分を確実に確保でき、課題に集中可能な環境がある##○ 安定したインターネット環境があり、必須環境を用意できる##○ 本実験に関する説明文書に同意する##○ 「実験参加の前に行なっていただきたい作業」が完了している	はい@いいえ	はい	1229261446
1		本実験の対象者となる条件をすべて満たしていますか？##○ 先日実施した「【男性・Outlook経験あり・パソコン限定】メールアドレス入力実験」のタスクに参加していない##○ 年齢が18歳以上の男性##○ 日本語の読み書きに堪能##○ PCでOutlookを使用したメール送信経験あり##○ 約30分を確実に確保でき、課題に集中可能な環境がある##○ 安定したインターネット環境があり、必須環境を用意できる##○ 本実験に関する説明文書に同意する##○ 「実験参加の前に行なっていただきたい作業」が完了している	はい@いいえ	はい	1229410825
1		本実験の対象者となる条件をすべて満たしていますか？##○ 先日実施した「【男性・Outlook経験あり・パソコン限定】メールアドレス入力実験」のタスクに参加していない##○ 年齢が18歳以上の男性##○ 日本語の読み書きに堪能##○ PCでOutlookを使用したメール送信経験あり##○ 約30分を確実に確保でき、課題に集中可能な環境がある##○ 安定したインターネット環境があり、必須環境を用意できる##○ 本実験に関する説明文書に同意する##○ 「実験参加の前に行なっていただきたい作業」が完了している	はい@いいえ	はい	1229482897
1		本実験の対象者となる条件をすべて満たしていますか？##○ 先日実施した「【男性・Outlook経験あり・パソコン限定】メールアドレス入力実験」のタスクに参加していない##○ 年齢が18歳以上の男性##○ 日本語の読み書きに堪能##○ PCでOutlookを使用したメール送信経験あり##○ 約30分を確実に確保でき、課題に集中可能な環境がある##○ 安定したインターネット環境があり、必須環境を用意できる##○ 本実験に関する説明文書に同意する##○ 「実験参加の前に行なっていただきたい作業」が完了している	はい@いいえ	はい	1230060134
1		本実験の対象者となる条件をすべて満たしていますか？##○ 先日実施した「【男性・Outlook経験あり・パソコン限定】メールアドレス入力実験」のタスクに参加していない##○ 年齢が18歳以上の男性##○ 日本語の読み書きに堪能##○ PCでOutlookを使用したメール送信経験あり##○ 約30分を確実に確保でき、課題に集中可能な環境がある##○ 安定したインターネット環境があり、必須環境を用意できる##○ 本実験に関する説明文書に同意する##○ 「実験参加の前に行なっていただきたい作業」が完了している	はい@いいえ	はい	1230517797
1		本実験の対象者となる条件をすべて満たしていますか？##○ 先日実施した「【男性・Outlook経験あり・パソコン限定】メールアドレス入力実験」のタスクに参加していない##○ 年齢が18歳以上の男性##○ 日本語の読み書きに堪能##○ PCでOutlookを使用したメール送信経験あり##○ 約30分を確実に確保でき、課題に集中可能な環境がある##○ 安定したインターネット環境があり、必須環境を用意できる##○ 本実験に関する説明文書に同意する##○ 「実験参加の前に行なっていただきたい作業」が完了している	はい@いいえ	はい	1230557481
1		本実験の対象者となる条件をすべて満たしていますか？##○ 先日実施した「【男性・Outlook経験あり・パソコン限定】メールアドレス入力実験」のタスクに参加していない##○ 年齢が18歳以上の男性##○ 日本語の読み書きに堪能##○ PCでOutlookを使用したメール送信経験あり##○ 約30分を確実に確保でき、課題に集中可能な環境がある##○ 安定したインターネット環境があり、必須環境を用意できる##○ 本実験に関する説明文書に同意する##○ 「実験参加の前に行なっていただきたい作業」が完了している	はい@いいえ	はい	1230631892
1		本実験の対象者となる条件をすべて満たしていますか？##○ 先日実施した「【男性・Outlook経験あり・パソコン限定】メールアドレス入力実験」のタスクに参加していない##○ 年齢が18歳以上の男性##○ 日本語の読み書きに堪能##○ PCでOutlookを使用したメール送信経験あり##○ 約30分を確実に確保でき、課題に集中可能な環境がある##○ 安定したインターネット環境があり、必須環境を用意できる##○ 本実験に関する説明文書に同意する##○ 「実験参加の前に行なっていただきたい作業」が完了している	はい@いいえ	はい	1230700326
1		本実験の対象者となる条件をすべて満たしていますか？##○ 先日実施した「【男性・Outlook経験あり・パソコン限定】メールアドレス入力実験」のタスクに参加していない##○ 年齢が18歳以上の男性##○ 日本語の読み書きに堪能##○ PCでOutlookを使用したメール送信経験あり##○ 約30分を確実に確保でき、課題に集中可能な環境がある##○ 安定したインターネット環境があり、必須環境を用意できる##○ 本実験に関する説明文書に同意する##○ 「実験参加の前に行なっていただきたい作業」が完了している	はい@いいえ	はい	1231067607
1		本実験の対象者となる条件をすべて満たしていますか？##○ 先日実施した「【男性・Outlook経験あり・パソコン限定】メールアドレス入力実験」のタスクに参加していない##○ 年齢が18歳以上の男性##○ 日本語の読み書きに堪能##○ PCでOutlookを使用したメール送信経験あり##○ 約30分を確実に確保でき、課題に集中可能な環境がある##○ 安定したインターネット環境があり、必須環境を用意できる##○ 本実験に関する説明文書に同意する##○ 「実験参加の前に行なっていただきたい作業」が完了している	はい@いいえ	はい	1231399086
1		本実験の対象者となる条件をすべて満たしていますか？##○ 先日実施した「【男性・Outlook経験あり・パソコン限定】メールアドレス入力実験」のタスクに参加していない##○ 年齢が18歳以上の男性##○ 日本語の読み書きに堪能##○ PCでOutlookを使用したメール送信経験あり##○ 約30分を確実に確保でき、課題に集中可能な環境がある##○ 安定したインターネット環境があり、必須環境を用意できる##○ 本実験に関する説明文書に同意する##○ 「実験参加の前に行なっていただきたい作業」が完了している	はい@いいえ	はい	1231517101
1		本実験の対象者となる条件をすべて満たしていますか？##○ 先日実施した「【男性・Outlook経験あり・パソコン限定】メールアドレス入力実験」のタスクに参加していない##○ 年齢が18歳以上の男性##○ 日本語の読み書きに堪能##○ PCでOutlookを使用したメール送信経験あり##○ 約30分を確実に確保でき、課題に集中可能な環境がある##○ 安定したインターネット環境があり、必須環境を用意できる##○ 本実験に関する説明文書に同意する##○ 「実験参加の前に行なっていただきたい作業」が完了している	はい@いいえ	はい	1231961437
1		本実験の対象者となる条件をすべて満たしていますか？##○ 先日実施した「【男性・Outlook経験あり・パソコン限定】メールアドレス入力実験」のタスクに参加していない##○ 年齢が18歳以上の男性##○ 日本語の読み書きに堪能##○ PCでOutlookを使用したメール送信経験あり##○ 約30分を確実に確保でき、課題に集中可能な環境がある##○ 安定したインターネット環境があり、必須環境を用意できる##○ 本実験に関する説明文書に同意する##○ 「実験参加の前に行なっていただきたい作業」が完了している	はい@いいえ	はい	1232018946
1		本実験の対象者となる条件をすべて満たしていますか？##○ 先日実施した「【男性・Outlook経験あり・パソコン限定】メールアドレス入力実験」のタスクに参加していない##○ 年齢が18歳以上の男性##○ 日本語の読み書きに堪能##○ PCでOutlookを使用したメール送信経験あり##○ 約30分を確実に確保でき、課題に集中可能な環境がある##○ 安定したインターネット環境があり、必須環境を用意できる##○ 本実験に関する説明文書に同意する##○ 「実験参加の前に行なっていただきたい作業」が完了している	はい@いいえ	はい	1232591233
1		本実験の対象者となる条件をすべて満たしていますか？##○ 先日実施した「【男性・Outlook経験あり・パソコン限定】メールアドレス入力実験」のタスクに参加していない##○ 年齢が18歳以上の男性##○ 日本語の読み書きに堪能##○ PCでOutlookを使用したメール送信経験あり##○ 約30分を確実に確保でき、課題に集中可能な環境がある##○ 安定したインターネット環境があり、必須環境を用意できる##○ 本実験に関する説明文書に同意する##○ 「実験参加の前に行なっていただきたい作業」が完了している	はい@いいえ	はい	1232628216
1		本実験の対象者となる条件をすべて満たしていますか？##○ 先日実施した「【男性・Outlook経験あり・パソコン限定】メールアドレス入力実験」のタスクに参加していない##○ 年齢が18歳以上の男性##○ 日本語の読み書きに堪能##○ PCでOutlookを使用したメール送信経験あり##○ 約30分を確実に確保でき、課題に集中可能な環境がある##○ 安定したインターネット環境があり、必須環境を用意できる##○ 本実験に関する説明文書に同意する##○ 「実験参加の前に行なっていただきたい作業」が完了している	はい@いいえ	はい	1233646321
1		本実験の対象者となる条件をすべて満たしていますか？##○ 先日実施した「【男性・Outlook経験あり・パソコン限定】メールアドレス入力実験」のタスクに参加していない##○ 年齢が18歳以上の男性##○ 日本語の読み書きに堪能##○ PCでOutlookを使用したメール送信経験あり##○ 約30分を確実に確保でき、課題に集中可能な環境がある##○ 安定したインターネット環境があり、必須環境を用意できる##○ 本実験に関する説明文書に同意する##○ 「実験参加の前に行なっていただきたい作業」が完了している	はい@いいえ	はい	1233721486
1		本実験の対象者となる条件をすべて満たしていますか？##○ 先日実施した「【男性・Outlook経験あり・パソコン限定】メールアドレス入力実験」のタスクに参加していない##○ 年齢が18歳以上の男性##○ 日本語の読み書きに堪能##○ PCでOutlookを使用したメール送信経験あり##○ 約30分を確実に確保でき、課題に集中可能な環境がある##○ 安定したインターネット環境があり、必須環境を用意できる##○ 本実験に関する説明文書に同意する##○ 「実験参加の前に行なっていただきたい作業」が完了している	はい@いいえ	はい	1234007169
1		本実験の対象者となる条件をすべて満たしていますか？##○ 先日実施した「【男性・Outlook経験あり・パソコン限定】メールアドレス入力実験」のタスクに参加していない##○ 年齢が18歳以上の男性##○ 日本語の読み書きに堪能##○ PCでOutlookを使用したメール送信経験あり##○ 約30分を確実に確保でき、課題に集中可能な環境がある##○ 安定したインターネット環境があり、必須環境を用意できる##○ 本実験に関する説明文書に同意する##○ 「実験参加の前に行なっていただきたい作業」が完了している	はい@いいえ	はい	1234200662
1		本実験の対象者となる条件をすべて満たしていますか？##○ 先日実施した「【男性・Outlook経験あり・パソコン限定】メールアドレス入力実験」のタスクに参加していない##○ 年齢が18歳以上の男性##○ 日本語の読み書きに堪能##○ PCでOutlookを使用したメール送信経験あり##○ 約30分を確実に確保でき、課題に集中可能な環境がある##○ 安定したインターネット環境があり、必須環境を用意できる##○ 本実験に関する説明文書に同意する##○ 「実験参加の前に行なっていただきたい作業」が完了している	はい@いいえ	はい	1235207588
1		本実験の対象者となる条件をすべて満たしていますか？##○ 先日実施した「【男性・Outlook経験あり・パソコン限定】メールアドレス入力実験」のタスクに参加していない##○ 年齢が18歳以上の男性##○ 日本語の読み書きに堪能##○ PCでOutlookを使用したメール送信経験あり##○ 約30分を確実に確保でき、課題に集中可能な環境がある##○ 安定したインターネット環境があり、必須環境を用意できる##○ 本実験に関する説明文書に同意する##○ 「実験参加の前に行なっていただきたい作業」が完了している	はい@いいえ	はい	1235302354
1		本実験の対象者となる条件をすべて満たしていますか？##○ 先日実施した「【男性・Outlook経験あり・パソコン限定】メールアドレス入力実験」のタスクに参加していない##○ 年齢が18歳以上の男性##○ 日本語の読み書きに堪能##○ PCでOutlookを使用したメール送信経験あり##○ 約30分を確実に確保でき、課題に集中可能な環境がある##○ 安定したインターネット環境があり、必須環境を用意できる##○ 本実験に関する説明文書に同意する##○ 「実験参加の前に行なっていただきたい作業」が完了している	はい@いいえ	はい	1235467494
1		本実験の対象者となる条件をすべて満たしていますか？##○ 先日実施した「【男性・Outlook経験あり・パソコン限定】メールアドレス入力実験」のタスクに参加していない##○ 年齢が18歳以上の男性##○ 日本語の読み書きに堪能##○ PCでOutlookを使用したメール送信経験あり##○ 約30分を確実に確保でき、課題に集中可能な環境がある##○ 安定したインターネット環境があり、必須環境を用意できる##○ 本実験に関する説明文書に同意する##○ 「実験参加の前に行なっていただきたい作業」が完了している	はい@いいえ	はい	1235636633
1		本実験の対象者となる条件をすべて満たしていますか？##○ 先日実施した「【男性・Outlook経験あり・パソコン限定】メールアドレス入力実験」のタスクに参加していない##○ 年齢が18歳以上の男性##○ 日本語の読み書きに堪能##○ PCでOutlookを使用したメール送信経験あり##○ 約30分を確実に確保でき、課題に集中可能な環境がある##○ 安定したインターネット環境があり、必須環境を用意できる##○ 本実験に関する説明文書に同意する##○ 「実験参加の前に行なっていただきたい作業」が完了している	はい@いいえ	はい	1236190654
1		本実験の対象者となる条件をすべて満たしていますか？##○ 先日実施した「【男性・Outlook経験あり・パソコン限定】メールアドレス入力実験」のタスクに参加していない##○ 年齢が18歳以上の男性##○ 日本語の読み書きに堪能##○ PCでOutlookを使用したメール送信経験あり##○ 約30分を確実に確保でき、課題に集中可能な環境がある##○ 安定したインターネット環境があり、必須環境を用意できる##○ 本実験に関する説明文書に同意する##○ 「実験参加の前に行なっていただきたい作業」が完了している	はい@いいえ	はい	1236443812
1		本実験の対象者となる条件をすべて満たしていますか？##○ 先日実施した「【男性・Outlook経験あり・パソコン限定】メールアドレス入力実験」のタスクに参加していない##○ 年齢が18歳以上の男性##○ 日本語の読み書きに堪能##○ PCでOutlookを使用したメール送信経験あり##○ 約30分を確実に確保でき、課題に集中可能な環境がある##○ 安定したインターネット環境があり、必須環境を用意できる##○ 本実験に関する説明文書に同意する##○ 「実験参加の前に行なっていただきたい作業」が完了している	はい@いいえ	はい	1236476325
1		本実験の対象者となる条件をすべて満たしていますか？##○ 先日実施した「【男性・Outlook経験あり・パソコン限定】メールアドレス入力実験」のタスクに参加していない##○ 年齢が18歳以上の男性##○ 日本語の読み書きに堪能##○ PCでOutlookを使用したメール送信経験あり##○ 約30分を確実に確保でき、課題に集中可能な環境がある##○ 安定したインターネット環境があり、必須環境を用意できる##○ 本実験に関する説明文書に同意する##○ 「実験参加の前に行なっていただきたい作業」が完了している	はい@いいえ	はい	1236534459
1		本実験の対象者となる条件をすべて満たしていますか？##○ 先日実施した「【男性・Outlook経験あり・パソコン限定】メールアドレス入力実験」のタスクに参加していない##○ 年齢が18歳以上の男性##○ 日本語の読み書きに堪能##○ PCでOutlookを使用したメール送信経験あり##○ 約30分を確実に確保でき、課題に集中可能な環境がある##○ 安定したインターネット環境があり、必須環境を用意できる##○ 本実験に関する説明文書に同意する##○ 「実験参加の前に行なっていただきたい作業」が完了している	はい@いいえ	はい	1236907813
1		本実験の対象者となる条件をすべて満たしていますか？##○ 先日実施した「【男性・Outlook経験あり・パソコン限定】メールアドレス入力実験」のタスクに参加していない##○ 年齢が18歳以上の男性##○ 日本語の読み書きに堪能##○ PCでOutlookを使用したメール送信経験あり##○ 約30分を確実に確保でき、課題に集中可能な環境がある##○ 安定したインターネット環境があり、必須環境を用意できる##○ 本実験に関する説明文書に同意する##○ 「実験参加の前に行なっていただきたい作業」が完了している	はい@いいえ	はい	1236921183
1		本実験の対象者となる条件をすべて満たしていますか？##○ 先日実施した「【男性・Outlook経験あり・パソコン限定】メールアドレス入力実験」のタスクに参加していない##○ 年齢が18歳以上の男性##○ 日本語の読み書きに堪能##○ PCでOutlookを使用したメール送信経験あり##○ 約30分を確実に確保でき、課題に集中可能な環境がある##○ 安定したインターネット環境があり、必須環境を用意できる##○ 本実験に関する説明文書に同意する##○ 「実験参加の前に行なっていただきたい作業」が完了している	はい@いいえ	はい	1237123252
1		本実験の対象者となる条件をすべて満たしていますか？##○ 先日実施した「【男性・Outlook経験あり・パソコン限定】メールアドレス入力実験」のタスクに参加していない##○ 年齢が18歳以上の男性##○ 日本語の読み書きに堪能##○ PCでOutlookを使用したメール送信経験あり##○ 約30分を確実に確保でき、課題に集中可能な環境がある##○ 安定したインターネット環境があり、必須環境を用意できる##○ 本実験に関する説明文書に同意する##○ 「実験参加の前に行なっていただきたい作業」が完了している	はい@いいえ	はい	1237404117
1		本実験の対象者となる条件をすべて満たしていますか？##○ 先日実施した「【男性・Outlook経験あり・パソコン限定】メールアドレス入力実験」のタスクに参加していない##○ 年齢が18歳以上の男性##○ 日本語の読み書きに堪能##○ PCでOutlookを使用したメール送信経験あり##○ 約30分を確実に確保でき、課題に集中可能な環境がある##○ 安定したインターネット環境があり、必須環境を用意できる##○ 本実験に関する説明文書に同意する##○ 「実験参加の前に行なっていただきたい作業」が完了している	はい@いいえ	はい	1237420878
1		本実験の対象者となる条件をすべて満たしていますか？##○ 先日実施した「【男性・Outlook経験あり・パソコン限定】メールアドレス入力実験」のタスクに参加していない##○ 年齢が18歳以上の男性##○ 日本語の読み書きに堪能##○ PCでOutlookを使用したメール送信経験あり##○ 約30分を確実に確保でき、課題に集中可能な環境がある##○ 安定したインターネット環境があり、必須環境を用意できる##○ 本実験に関する説明文書に同意する##○ 「実験参加の前に行なっていただきたい作業」が完了している	はい@いいえ	はい	1237631594
1		本実験の対象者となる条件をすべて満たしていますか？##○ 先日実施した「【男性・Outlook経験あり・パソコン限定】メールアドレス入力実験」のタスクに参加していない##○ 年齢が18歳以上の男性##○ 日本語の読み書きに堪能##○ PCでOutlookを使用したメール送信経験あり##○ 約30分を確実に確保でき、課題に集中可能な環境がある##○ 安定したインターネット環境があり、必須環境を用意できる##○ 本実験に関する説明文書に同意する##○ 「実験参加の前に行なっていただきたい作業」が完了している	はい@いいえ	はい	1237907943
1		本実験の対象者となる条件をすべて満たしていますか？##○ 先日実施した「【男性・Outlook経験あり・パソコン限定】メールアドレス入力実験」のタスクに参加していない##○ 年齢が18歳以上の男性##○ 日本語の読み書きに堪能##○ PCでOutlookを使用したメール送信経験あり##○ 約30分を確実に確保でき、課題に集中可能な環境がある##○ 安定したインターネット環境があり、必須環境を用意できる##○ 本実験に関する説明文書に同意する##○ 「実験参加の前に行なっていただきたい作業」が完了している	はい@いいえ	はい	1238106634
1		本実験の対象者となる条件をすべて満たしていますか？##○ 先日実施した「【男性・Outlook経験あり・パソコン限定】メールアドレス入力実験」のタスクに参加していない##○ 年齢が18歳以上の男性##○ 日本語の読み書きに堪能##○ PCでOutlookを使用したメール送信経験あり##○ 約30分を確実に確保でき、課題に集中可能な環境がある##○ 安定したインターネット環境があり、必須環境を用意できる##○ 本実験に関する説明文書に同意する##○ 「実験参加の前に行なっていただきたい作業」が完了している	はい@いいえ	はい	1238166748
1		本実験の対象者となる条件をすべて満たしていますか？##○ 先日実施した「【男性・Outlook経験あり・パソコン限定】メールアドレス入力実験」のタスクに参加していない##○ 年齢が18歳以上の男性##○ 日本語の読み書きに堪能##○ PCでOutlookを使用したメール送信経験あり##○ 約30分を確実に確保でき、課題に集中可能な環境がある##○ 安定したインターネット環境があり、必須環境を用意できる##○ 本実験に関する説明文書に同意する##○ 「実験参加の前に行なっていただきたい作業」が完了している	はい@いいえ	はい	1238704302
1		本実験の対象者となる条件をすべて満たしていますか？##○ 先日実施した「【男性・Outlook経験あり・パソコン限定】メールアドレス入力実験」のタスクに参加していない##○ 年齢が18歳以上の男性##○ 日本語の読み書きに堪能##○ PCでOutlookを使用したメール送信経験あり##○ 約30分を確実に確保でき、課題に集中可能な環境がある##○ 安定したインターネット環境があり、必須環境を用意できる##○ 本実験に関する説明文書に同意する##○ 「実験参加の前に行なっていただきたい作業」が完了している	はい@いいえ	はい	1239002407
1		本実験の対象者となる条件をすべて満たしていますか？##○ 先日実施した「【男性・Outlook経験あり・パソコン限定】メールアドレス入力実験」のタスクに参加していない##○ 年齢が18歳以上の男性##○ 日本語の読み書きに堪能##○ PCでOutlookを使用したメール送信経験あり##○ 約30分を確実に確保でき、課題に集中可能な環境がある##○ 安定したインターネット環境があり、必須環境を用意できる##○ 本実験に関する説明文書に同意する##○ 「実験参加の前に行なっていただきたい作業」が完了している	はい@いいえ	はい	1239053322
1		本実験の対象者となる条件をすべて満たしていますか？##○ 先日実施した「【男性・Outlook経験あり・パソコン限定】メールアドレス入力実験」のタスクに参加していない##○ 年齢が18歳以上の男性##○ 日本語の読み書きに堪能##○ PCでOutlookを使用したメール送信経験あり##○ 約30分を確実に確保でき、課題に集中可能な環境がある##○ 安定したインターネット環境があり、必須環境を用意できる##○ 本実験に関する説明文書に同意する##○ 「実験参加の前に行なっていただきたい作業」が完了している	はい@いいえ	はい	1239059504
1		本実験の対象者となる条件をすべて満たしていますか？##○ 先日実施した「【男性・Outlook経験あり・パソコン限定】メールアドレス入力実験」のタスクに参加していない##○ 年齢が18歳以上の男性##○ 日本語の読み書きに堪能##○ PCでOutlookを使用したメール送信経験あり##○ 約30分を確実に確保でき、課題に集中可能な環境がある##○ 安定したインターネット環境があり、必須環境を用意できる##○ 本実験に関する説明文書に同意する##○ 「実験参加の前に行なっていただきたい作業」が完了している	はい@いいえ	はい	1239223815
2		「実験参加の前に行なっていただきたい作業」##1. 本実験専用のWebサイトを使用する関係で、キーボードの設定変更をお願いいたします。##2. 実験用Webサイトの操作手順について、動画を視聴してください。	キーボードの設定変更手順 説明資料	https://cysec-lab.notion.site/1533a3874f7280dbbac9d004094f6089?pvs=4	実験用Webサイト操作手順 説明動画（Youtube）	https://www.youtube.com/watch?v=wqqQ1WCVfXo	「実験参加の前に行なっていただきたい作業」は完了していますか？	完了している@完了していない		ここには何も入力しないでください。	完了している	ここには何も入力しないでください。	1225283058
2		「実験参加の前に行なっていただきたい作業」##1. 本実験専用のWebサイトを使用する関係で、キーボードの設定変更をお願いいたします。##2. 実験用Webサイトの操作手順について、動画を視聴してください。	キーボードの設定変更手順 説明資料	https://cysec-lab.notion.site/1533a3874f7280dbbac9d004094f6089?pvs=4	実験用Webサイト操作手順 説明動画（Youtube）	https://www.youtube.com/watch?v=wqqQ1WCVfXo	「実験参加の前に行なっていただきたい作業」は完了していますか？	完了している@完了していない		ここには何も入力しないでください。	完了している	ここには何も入力しないでください。	1225481938
2		「実験参加の前に行なっていただきたい作業」##1. 本実験専用のWebサイトを使用する関係で、キーボードの設定変更をお願いいたします。##2. 実験用Webサイトの操作手順について、動画を視聴してください。	キーボードの設定変更手順 説明資料	https://cysec-lab.notion.site/1533a3874f7280dbbac9d004094f6089?pvs=4	実験用Webサイト操作手順 説明動画（Youtube）	https://www.youtube.com/watch?v=wqqQ1WCVfXo	「実験参加の前に行なっていただきたい作業」は完了していますか？	完了している@完了していない		ここには何も入力しないでください。	完了している	ここには何も入力しないでください。	1225511524
2		「実験参加の前に行なっていただきたい作業」##1. 本実験専用のWebサイトを使用する関係で、キーボードの設定変更をお願いいたします。##2. 実験用Webサイトの操作手順について、動画を視聴してください。	キーボードの設定変更手順 説明資料	https://cysec-lab.notion.site/1533a3874f7280dbbac9d004094f6089?pvs=4	実験用Webサイト操作手順 説明動画（Youtube）	https://www.youtube.com/watch?v=wqqQ1WCVfXo	「実験参加の前に行なっていただきたい作業」は完了していますか？	完了している@完了していない		ここには何も入力しないでください。	完了している	ここには何も入力しないでください。	1225532177
2		「実験参加の前に行なっていただきたい作業」##1. 本実験専用のWebサイトを使用する関係で、キーボードの設定変更をお願いいたします。##2. 実験用Webサイトの操作手順について、動画を視聴してください。	キーボードの設定変更手順 説明資料	https://cysec-lab.notion.site/1533a3874f7280dbbac9d004094f6089?pvs=4	実験用Webサイト操作手順 説明動画（Youtube）	https://www.youtube.com/watch?v=wqqQ1WCVfXo	「実験参加の前に行なっていただきたい作業」は完了していますか？	完了している@完了していない		ここには何も入力しないでください。	完了している	ここには何も入力しないでください。	1225962608
2		「実験参加の前に行なっていただきたい作業」##1. 本実験専用のWebサイトを使用する関係で、キーボードの設定変更をお願いいたします。##2. 実験用Webサイトの操作手順について、動画を視聴してください。	キーボードの設定変更手順 説明資料	https://cysec-lab.notion.site/1533a3874f7280dbbac9d004094f6089?pvs=4	実験用Webサイト操作手順 説明動画（Youtube）	https://www.youtube.com/watch?v=wqqQ1WCVfXo	「実験参加の前に行なっていただきたい作業」は完了していますか？	完了している@完了していない		ここには何も入力しないでください。	完了している	ここには何も入力しないでください。	1226281797
2		「実験参加の前に行なっていただきたい作業」##1. 本実験専用のWebサイトを使用する関係で、キーボードの設定変更をお願いいたします。##2. 実験用Webサイトの操作手順について、動画を視聴してください。	キーボードの設定変更手順 説明資料	https://cysec-lab.notion.site/1533a3874f7280dbbac9d004094f6089?pvs=4	実験用Webサイト操作手順 説明動画（Youtube）	https://www.youtube.com/watch?v=wqqQ1WCVfXo	「実験参加の前に行なっていただきたい作業」は完了していますか？	完了している@完了していない		ここには何も入力しないでください。	完了している	ここには何も入力しないでください。	1227050337
2		「実験参加の前に行なっていただきたい作業」##1. 本実験専用のWebサイトを使用する関係で、キーボードの設定変更をお願いいたします。##2. 実験用Webサイトの操作手順について、動画を視聴してください。	キーボードの設定変更手順 説明資料	https://cysec-lab.notion.site/1533a3874f7280dbbac9d004094f6089?pvs=4	実験用Webサイト操作手順 説明動画（Youtube）	https://www.youtube.com/watch?v=wqqQ1WCVfXo	「実験参加の前に行なっていただきたい作業」は完了していますか？	完了している@完了していない		ここには何も入力しないでください。	完了している	ここには何も入力しないでください。	1227219364
2		「実験参加の前に行なっていただきたい作業」##1. 本実験専用のWebサイトを使用する関係で、キーボードの設定変更をお願いいたします。##2. 実験用Webサイトの操作手順について、動画を視聴してください。	キーボードの設定変更手順 説明資料	https://cysec-lab.notion.site/1533a3874f7280dbbac9d004094f6089?pvs=4	実験用Webサイト操作手順 説明動画（Youtube）	https://www.youtube.com/watch?v=wqqQ1WCVfXo	「実験参加の前に行なっていただきたい作業」は完了していますか？	完了している@完了していない		ここには何も入力しないでください。	完了している	ここには何も入力しないでください。	1228661809
2		「実験参加の前に行なっていただきたい作業」##1. 本実験専用のWebサイトを使用する関係で、キーボードの設定変更をお願いいたします。##2. 実験用Webサイトの操作手順について、動画を視聴してください。	キーボードの設定変更手順 説明資料	https://cysec-lab.notion.site/1533a3874f7280dbbac9d004094f6089?pvs=4	実験用Webサイト操作手順 説明動画（Youtube）	https://www.youtube.com/watch?v=wqqQ1WCVfXo	「実験参加の前に行なっていただきたい作業」は完了していますか？	完了している@完了していない		ここには何も入力しないでください。	完了している	ここには何も入力しないでください。	1229261446
2		「実験参加の前に行なっていただきたい作業」##1. 本実験専用のWebサイトを使用する関係で、キーボードの設定変更をお願いいたします。##2. 実験用Webサイトの操作手順について、動画を視聴してください。	キーボードの設定変更手順 説明資料	https://cysec-lab.notion.site/1533a3874f7280dbbac9d004094f6089?pvs=4	実験用Webサイト操作手順 説明動画（Youtube）	https://www.youtube.com/watch?v=wqqQ1WCVfXo	「実験参加の前に行なっていただきたい作業」は完了していますか？	完了している@完了していない		ここには何も入力しないでください。	完了している	ここには何も入力しないでください。	1229410825
2		「実験参加の前に行なっていただきたい作業」##1. 本実験専用のWebサイトを使用する関係で、キーボードの設定変更をお願いいたします。##2. 実験用Webサイトの操作手順について、動画を視聴してください。	キーボードの設定変更手順 説明資料	https://cysec-lab.notion.site/1533a3874f7280dbbac9d004094f6089?pvs=4	実験用Webサイト操作手順 説明動画（Youtube）	https://www.youtube.com/watch?v=wqqQ1WCVfXo	「実験参加の前に行なっていただきたい作業」は完了していますか？	完了している@完了していない		ここには何も入力しないでください。	完了している	ここには何も入力しないでください。	1229482897
2		「実験参加の前に行なっていただきたい作業」##1. 本実験専用のWebサイトを使用する関係で、キーボードの設定変更をお願いいたします。##2. 実験用Webサイトの操作手順について、動画を視聴してください。	キーボードの設定変更手順 説明資料	https://cysec-lab.notion.site/1533a3874f7280dbbac9d004094f6089?pvs=4	実験用Webサイト操作手順 説明動画（Youtube）	https://www.youtube.com/watch?v=wqqQ1WCVfXo	「実験参加の前に行なっていただきたい作業」は完了していますか？	完了している@完了していない		ここには何も入力しないでください。	完了している	ここには何も入力しないでください。	1230060134
2		「実験参加の前に行なっていただきたい作業」##1. 本実験専用のWebサイトを使用する関係で、キーボードの設定変更をお願いいたします。##2. 実験用Webサイトの操作手順について、動画を視聴してください。	キーボードの設定変更手順 説明資料	https://cysec-lab.notion.site/1533a3874f7280dbbac9d004094f6089?pvs=4	実験用Webサイト操作手順 説明動画（Youtube）	https://www.youtube.com/watch?v=wqqQ1WCVfXo	「実験参加の前に行なっていただきたい作業」は完了していますか？	完了している@完了していない		ここには何も入力しないでください。	完了している	ここには何も入力しないでください。	1230517797
2		「実験参加の前に行なっていただきたい作業」##1. 本実験専用のWebサイトを使用する関係で、キーボードの設定変更をお願いいたします。##2. 実験用Webサイトの操作手順について、動画を視聴してください。	キーボードの設定変更手順 説明資料	https://cysec-lab.notion.site/1533a3874f7280dbbac9d004094f6089?pvs=4	実験用Webサイト操作手順 説明動画（Youtube）	https://www.youtube.com/watch?v=wqqQ1WCVfXo	「実験参加の前に行なっていただきたい作業」は完了していますか？	完了している@完了していない		ここには何も入力しないでください。	完了している	ここには何も入力しないでください。	1230557481
2		「実験参加の前に行なっていただきたい作業」##1. 本実験専用のWebサイトを使用する関係で、キーボードの設定変更をお願いいたします。##2. 実験用Webサイトの操作手順について、動画を視聴してください。	キーボードの設定変更手順 説明資料	https://cysec-lab.notion.site/1533a3874f7280dbbac9d004094f6089?pvs=4	実験用Webサイト操作手順 説明動画（Youtube）	https://www.youtube.com/watch?v=wqqQ1WCVfXo	「実験参加の前に行なっていただきたい作業」は完了していますか？	完了している@完了していない		ここには何も入力しないでください。	完了している	ここには何も入力しないでください。	1230631892
2		「実験参加の前に行なっていただきたい作業」##1. 本実験専用のWebサイトを使用する関係で、キーボードの設定変更をお願いいたします。##2. 実験用Webサイトの操作手順について、動画を視聴してください。	キーボードの設定変更手順 説明資料	https://cysec-lab.notion.site/1533a3874f7280dbbac9d004094f6089?pvs=4	実験用Webサイト操作手順 説明動画（Youtube）	https://www.youtube.com/watch?v=wqqQ1WCVfXo	「実験参加の前に行なっていただきたい作業」は完了していますか？	完了している@完了していない		ここには何も入力しないでください。	完了している	ここには何も入力しないでください。	1230700326
2		「実験参加の前に行なっていただきたい作業」##1. 本実験専用のWebサイトを使用する関係で、キーボードの設定変更をお願いいたします。##2. 実験用Webサイトの操作手順について、動画を視聴してください。	キーボードの設定変更手順 説明資料	https://cysec-lab.notion.site/1533a3874f7280dbbac9d004094f6089?pvs=4	実験用Webサイト操作手順 説明動画（Youtube）	https://www.youtube.com/watch?v=wqqQ1WCVfXo	「実験参加の前に行なっていただきたい作業」は完了していますか？	完了している@完了していない		ここには何も入力しないでください。	完了している	ここには何も入力しないでください。	1231067607
2		「実験参加の前に行なっていただきたい作業」##1. 本実験専用のWebサイトを使用する関係で、キーボードの設定変更をお願いいたします。##2. 実験用Webサイトの操作手順について、動画を視聴してください。	キーボードの設定変更手順 説明資料	https://cysec-lab.notion.site/1533a3874f7280dbbac9d004094f6089?pvs=4	実験用Webサイト操作手順 説明動画（Youtube）	https://www.youtube.com/watch?v=wqqQ1WCVfXo	「実験参加の前に行なっていただきたい作業」は完了していますか？	完了している@完了していない		ここには何も入力しないでください。	完了している	ここには何も入力しないでください。	1231399086
2		「実験参加の前に行なっていただきたい作業」##1. 本実験専用のWebサイトを使用する関係で、キーボードの設定変更をお願いいたします。##2. 実験用Webサイトの操作手順について、動画を視聴してください。	キーボードの設定変更手順 説明資料	https://cysec-lab.notion.site/1533a3874f7280dbbac9d004094f6089?pvs=4	実験用Webサイト操作手順 説明動画（Youtube）	https://www.youtube.com/watch?v=wqqQ1WCVfXo	「実験参加の前に行なっていただきたい作業」は完了していますか？	完了している@完了していない		ここには何も入力しないでください。	完了している	ここには何も入力しないでください。	1231517101
2		「実験参加の前に行なっていただきたい作業」##1. 本実験専用のWebサイトを使用する関係で、キーボードの設定変更をお願いいたします。##2. 実験用Webサイトの操作手順について、動画を視聴してください。	キーボードの設定変更手順 説明資料	https://cysec-lab.notion.site/1533a3874f7280dbbac9d004094f6089?pvs=4	実験用Webサイト操作手順 説明動画（Youtube）	https://www.youtube.com/watch?v=wqqQ1WCVfXo	「実験参加の前に行なっていただきたい作業」は完了していますか？	完了している@完了していない		ここには何も入力しないでください。	完了している	ここには何も入力しないでください。	1231961437
2		「実験参加の前に行なっていただきたい作業」##1. 本実験専用のWebサイトを使用する関係で、キーボードの設定変更をお願いいたします。##2. 実験用Webサイトの操作手順について、動画を視聴してください。	キーボードの設定変更手順 説明資料	https://cysec-lab.notion.site/1533a3874f7280dbbac9d004094f6089?pvs=4	実験用Webサイト操作手順 説明動画（Youtube）	https://www.youtube.com/watch?v=wqqQ1WCVfXo	「実験参加の前に行なっていただきたい作業」は完了していますか？	完了している@完了していない		ここには何も入力しないでください。	完了している	ここには何も入力しないでください。	1232018946
2		「実験参加の前に行なっていただきたい作業」##1. 本実験専用のWebサイトを使用する関係で、キーボードの設定変更をお願いいたします。##2. 実験用Webサイトの操作手順について、動画を視聴してください。	キーボードの設定変更手順 説明資料	https://cysec-lab.notion.site/1533a3874f7280dbbac9d004094f6089?pvs=4	実験用Webサイト操作手順 説明動画（Youtube）	https://www.youtube.com/watch?v=wqqQ1WCVfXo	「実験参加の前に行なっていただきたい作業」は完了していますか？	完了している@完了していない		ここには何も入力しないでください。	完了している	ここには何も入力しないでください。	1232591233
2		「実験参加の前に行なっていただきたい作業」##1. 本実験専用のWebサイトを使用する関係で、キーボードの設定変更をお願いいたします。##2. 実験用Webサイトの操作手順について、動画を視聴してください。	キーボードの設定変更手順 説明資料	https://cysec-lab.notion.site/1533a3874f7280dbbac9d004094f6089?pvs=4	実験用Webサイト操作手順 説明動画（Youtube）	https://www.youtube.com/watch?v=wqqQ1WCVfXo	「実験参加の前に行なっていただきたい作業」は完了していますか？	完了している@完了していない		ここには何も入力しないでください。	完了している	ここには何も入力しないでください。	1232628216
2		「実験参加の前に行なっていただきたい作業」##1. 本実験専用のWebサイトを使用する関係で、キーボードの設定変更をお願いいたします。##2. 実験用Webサイトの操作手順について、動画を視聴してください。	キーボードの設定変更手順 説明資料	https://cysec-lab.notion.site/1533a3874f7280dbbac9d004094f6089?pvs=4	実験用Webサイト操作手順 説明動画（Youtube）	https://www.youtube.com/watch?v=wqqQ1WCVfXo	「実験参加の前に行なっていただきたい作業」は完了していますか？	完了している@完了していない		ここには何も入力しないでください。	完了している	ここには何も入力しないでください。	1233646321
2		「実験参加の前に行なっていただきたい作業」##1. 本実験専用のWebサイトを使用する関係で、キーボードの設定変更をお願いいたします。##2. 実験用Webサイトの操作手順について、動画を視聴してください。	キーボードの設定変更手順 説明資料	https://cysec-lab.notion.site/1533a3874f7280dbbac9d004094f6089?pvs=4	実験用Webサイト操作手順 説明動画（Youtube）	https://www.youtube.com/watch?v=wqqQ1WCVfXo	「実験参加の前に行なっていただきたい作業」は完了していますか？	完了している@完了していない		ここには何も入力しないでください。	完了している	ここには何も入力しないでください。	1233721486
2		「実験参加の前に行なっていただきたい作業」##1. 本実験専用のWebサイトを使用する関係で、キーボードの設定変更をお願いいたします。##2. 実験用Webサイトの操作手順について、動画を視聴してください。	キーボードの設定変更手順 説明資料	https://cysec-lab.notion.site/1533a3874f7280dbbac9d004094f6089?pvs=4	実験用Webサイト操作手順 説明動画（Youtube）	https://www.youtube.com/watch?v=wqqQ1WCVfXo	「実験参加の前に行なっていただきたい作業」は完了していますか？	完了している@完了していない		ここには何も入力しないでください。	完了している	ここには何も入力しないでください。	1234007169
2		「実験参加の前に行なっていただきたい作業」##1. 本実験専用のWebサイトを使用する関係で、キーボードの設定変更をお願いいたします。##2. 実験用Webサイトの操作手順について、動画を視聴してください。	キーボードの設定変更手順 説明資料	https://cysec-lab.notion.site/1533a3874f7280dbbac9d004094f6089?pvs=4	実験用Webサイト操作手順 説明動画（Youtube）	https://www.youtube.com/watch?v=wqqQ1WCVfXo	「実験参加の前に行なっていただきたい作業」は完了していますか？	完了している@完了していない		ここには何も入力しないでください。	完了している	ここには何も入力しないでください。	1234200662
2		「実験参加の前に行なっていただきたい作業」##1. 本実験専用のWebサイトを使用する関係で、キーボードの設定変更をお願いいたします。##2. 実験用Webサイトの操作手順について、動画を視聴してください。	キーボードの設定変更手順 説明資料	https://cysec-lab.notion.site/1533a3874f7280dbbac9d004094f6089?pvs=4	実験用Webサイト操作手順 説明動画（Youtube）	https://www.youtube.com/watch?v=wqqQ1WCVfXo	「実験参加の前に行なっていただきたい作業」は完了していますか？	完了している@完了していない		ここには何も入力しないでください。	完了している	ここには何も入力しないでください。	1235207588
2		「実験参加の前に行なっていただきたい作業」##1. 本実験専用のWebサイトを使用する関係で、キーボードの設定変更をお願いいたします。##2. 実験用Webサイトの操作手順について、動画を視聴してください。	キーボードの設定変更手順 説明資料	https://cysec-lab.notion.site/1533a3874f7280dbbac9d004094f6089?pvs=4	実験用Webサイト操作手順 説明動画（Youtube）	https://www.youtube.com/watch?v=wqqQ1WCVfXo	「実験参加の前に行なっていただきたい作業」は完了していますか？	完了している@完了していない		ここには何も入力しないでください。	完了している	ここには何も入力しないでください。	1235302354
2		「実験参加の前に行なっていただきたい作業」##1. 本実験専用のWebサイトを使用する関係で、キーボードの設定変更をお願いいたします。##2. 実験用Webサイトの操作手順について、動画を視聴してください。	キーボードの設定変更手順 説明資料	https://cysec-lab.notion.site/1533a3874f7280dbbac9d004094f6089?pvs=4	実験用Webサイト操作手順 説明動画（Youtube）	https://www.youtube.com/watch?v=wqqQ1WCVfXo	「実験参加の前に行なっていただきたい作業」は完了していますか？	完了している@完了していない		ここには何も入力しないでください。	完了している	ここには何も入力しないでください。	1235467494
2		「実験参加の前に行なっていただきたい作業」##1. 本実験専用のWebサイトを使用する関係で、キーボードの設定変更をお願いいたします。##2. 実験用Webサイトの操作手順について、動画を視聴してください。	キーボードの設定変更手順 説明資料	https://cysec-lab.notion.site/1533a3874f7280dbbac9d004094f6089?pvs=4	実験用Webサイト操作手順 説明動画（Youtube）	https://www.youtube.com/watch?v=wqqQ1WCVfXo	「実験参加の前に行なっていただきたい作業」は完了していますか？	完了している@完了していない		ここには何も入力しないでください。	完了している	ここには何も入力しないでください。	1235636633
2		「実験参加の前に行なっていただきたい作業」##1. 本実験専用のWebサイトを使用する関係で、キーボードの設定変更をお願いいたします。##2. 実験用Webサイトの操作手順について、動画を視聴してください。	キーボードの設定変更手順 説明資料	https://cysec-lab.notion.site/1533a3874f7280dbbac9d004094f6089?pvs=4	実験用Webサイト操作手順 説明動画（Youtube）	https://www.youtube.com/watch?v=wqqQ1WCVfXo	「実験参加の前に行なっていただきたい作業」は完了していますか？	完了している@完了していない		ここには何も入力しないでください。	完了している	ここには何も入力しないでください。	1236190654
2		「実験参加の前に行なっていただきたい作業」##1. 本実験専用のWebサイトを使用する関係で、キーボードの設定変更をお願いいたします。##2. 実験用Webサイトの操作手順について、動画を視聴してください。	キーボードの設定変更手順 説明資料	https://cysec-lab.notion.site/1533a3874f7280dbbac9d004094f6089?pvs=4	実験用Webサイト操作手順 説明動画（Youtube）	https://www.youtube.com/watch?v=wqqQ1WCVfXo	「実験参加の前に行なっていただきたい作業」は完了していますか？	完了している@完了していない		ここには何も入力しないでください。	完了している	ここには何も入力しないでください。	1236443812
2		「実験参加の前に行なっていただきたい作業」##1. 本実験専用のWebサイトを使用する関係で、キーボードの設定変更をお願いいたします。##2. 実験用Webサイトの操作手順について、動画を視聴してください。	キーボードの設定変更手順 説明資料	https://cysec-lab.notion.site/1533a3874f7280dbbac9d004094f6089?pvs=4	実験用Webサイト操作手順 説明動画（Youtube）	https://www.youtube.com/watch?v=wqqQ1WCVfXo	「実験参加の前に行なっていただきたい作業」は完了していますか？	完了している@完了していない		ここには何も入力しないでください。	完了している	ここには何も入力しないでください。	1236476325
2		「実験参加の前に行なっていただきたい作業」##1. 本実験専用のWebサイトを使用する関係で、キーボードの設定変更をお願いいたします。##2. 実験用Webサイトの操作手順について、動画を視聴してください。	キーボードの設定変更手順 説明資料	https://cysec-lab.notion.site/1533a3874f7280dbbac9d004094f6089?pvs=4	実験用Webサイト操作手順 説明動画（Youtube）	https://www.youtube.com/watch?v=wqqQ1WCVfXo	「実験参加の前に行なっていただきたい作業」は完了していますか？	完了している@完了していない		ここには何も入力しないでください。	完了している	ここには何も入力しないでください。	1236534459
2		「実験参加の前に行なっていただきたい作業」##1. 本実験専用のWebサイトを使用する関係で、キーボードの設定変更をお願いいたします。##2. 実験用Webサイトの操作手順について、動画を視聴してください。	キーボードの設定変更手順 説明資料	https://cysec-lab.notion.site/1533a3874f7280dbbac9d004094f6089?pvs=4	実験用Webサイト操作手順 説明動画（Youtube）	https://www.youtube.com/watch?v=wqqQ1WCVfXo	「実験参加の前に行なっていただきたい作業」は完了していますか？	完了している@完了していない		ここには何も入力しないでください。	完了している	ここには何も入力しないでください。	1236907813
2		「実験参加の前に行なっていただきたい作業」##1. 本実験専用のWebサイトを使用する関係で、キーボードの設定変更をお願いいたします。##2. 実験用Webサイトの操作手順について、動画を視聴してください。	キーボードの設定変更手順 説明資料	https://cysec-lab.notion.site/1533a3874f7280dbbac9d004094f6089?pvs=4	実験用Webサイト操作手順 説明動画（Youtube）	https://www.youtube.com/watch?v=wqqQ1WCVfXo	「実験参加の前に行なっていただきたい作業」は完了していますか？	完了している@完了していない		ここには何も入力しないでください。	完了している	ここには何も入力しないでください。	1236921183
2		「実験参加の前に行なっていただきたい作業」##1. 本実験専用のWebサイトを使用する関係で、キーボードの設定変更をお願いいたします。##2. 実験用Webサイトの操作手順について、動画を視聴してください。	キーボードの設定変更手順 説明資料	https://cysec-lab.notion.site/1533a3874f7280dbbac9d004094f6089?pvs=4	実験用Webサイト操作手順 説明動画（Youtube）	https://www.youtube.com/watch?v=wqqQ1WCVfXo	「実験参加の前に行なっていただきたい作業」は完了していますか？	完了している@完了していない		ここには何も入力しないでください。	完了している	ここには何も入力しないでください。	1237123252
2		「実験参加の前に行なっていただきたい作業」##1. 本実験専用のWebサイトを使用する関係で、キーボードの設定変更をお願いいたします。##2. 実験用Webサイトの操作手順について、動画を視聴してください。	キーボードの設定変更手順 説明資料	https://cysec-lab.notion.site/1533a3874f7280dbbac9d004094f6089?pvs=4	実験用Webサイト操作手順 説明動画（Youtube）	https://www.youtube.com/watch?v=wqqQ1WCVfXo	「実験参加の前に行なっていただきたい作業」は完了していますか？	完了している@完了していない		ここには何も入力しないでください。	完了している	ここには何も入力しないでください。	1237404117
2		「実験参加の前に行なっていただきたい作業」##1. 本実験専用のWebサイトを使用する関係で、キーボードの設定変更をお願いいたします。##2. 実験用Webサイトの操作手順について、動画を視聴してください。	キーボードの設定変更手順 説明資料	https://cysec-lab.notion.site/1533a3874f7280dbbac9d004094f6089?pvs=4	実験用Webサイト操作手順 説明動画（Youtube）	https://www.youtube.com/watch?v=wqqQ1WCVfXo	「実験参加の前に行なっていただきたい作業」は完了していますか？	完了している@完了していない		ここには何も入力しないでください。	完了している	ここには何も入力しないでください。	1237420878
2		「実験参加の前に行なっていただきたい作業」##1. 本実験専用のWebサイトを使用する関係で、キーボードの設定変更をお願いいたします。##2. 実験用Webサイトの操作手順について、動画を視聴してください。	キーボードの設定変更手順 説明資料	https://cysec-lab.notion.site/1533a3874f7280dbbac9d004094f6089?pvs=4	実験用Webサイト操作手順 説明動画（Youtube）	https://www.youtube.com/watch?v=wqqQ1WCVfXo	「実験参加の前に行なっていただきたい作業」は完了していますか？	完了している@完了していない		ここには何も入力しないでください。	完了している	ここには何も入力しないでください。	1237631594
2		「実験参加の前に行なっていただきたい作業」##1. 本実験専用のWebサイトを使用する関係で、キーボードの設定変更をお願いいたします。##2. 実験用Webサイトの操作手順について、動画を視聴してください。	キーボードの設定変更手順 説明資料	https://cysec-lab.notion.site/1533a3874f7280dbbac9d004094f6089?pvs=4	実験用Webサイト操作手順 説明動画（Youtube）	https://www.youtube.com/watch?v=wqqQ1WCVfXo	「実験参加の前に行なっていただきたい作業」は完了していますか？	完了している@完了していない		ここには何も入力しないでください。	完了している	ここには何も入力しないでください。	1237907943
2		「実験参加の前に行なっていただきたい作業」##1. 本実験専用のWebサイトを使用する関係で、キーボードの設定変更をお願いいたします。##2. 実験用Webサイトの操作手順について、動画を視聴してください。	キーボードの設定変更手順 説明資料	https://cysec-lab.notion.site/1533a3874f7280dbbac9d004094f6089?pvs=4	実験用Webサイト操作手順 説明動画（Youtube）	https://www.youtube.com/watch?v=wqqQ1WCVfXo	「実験参加の前に行なっていただきたい作業」は完了していますか？	完了している@完了していない		ここには何も入力しないでください。	完了している	ここには何も入力しないでください。	1238106634
2		「実験参加の前に行なっていただきたい作業」##1. 本実験専用のWebサイトを使用する関係で、キーボードの設定変更をお願いいたします。##2. 実験用Webサイトの操作手順について、動画を視聴してください。	キーボードの設定変更手順 説明資料	https://cysec-lab.notion.site/1533a3874f7280dbbac9d004094f6089?pvs=4	実験用Webサイト操作手順 説明動画（Youtube）	https://www.youtube.com/watch?v=wqqQ1WCVfXo	「実験参加の前に行なっていただきたい作業」は完了していますか？	完了している@完了していない		ここには何も入力しないでください。	完了している	ここには何も入力しないでください。	1238166748
2		「実験参加の前に行なっていただきたい作業」##1. 本実験専用のWebサイトを使用する関係で、キーボードの設定変更をお願いいたします。##2. 実験用Webサイトの操作手順について、動画を視聴してください。	キーボードの設定変更手順 説明資料	https://cysec-lab.notion.site/1533a3874f7280dbbac9d004094f6089?pvs=4	実験用Webサイト操作手順 説明動画（Youtube）	https://www.youtube.com/watch?v=wqqQ1WCVfXo	「実験参加の前に行なっていただきたい作業」は完了していますか？	完了している@完了していない		ここには何も入力しないでください。	完了している	ここには何も入力しないでください。	1238704302
2		「実験参加の前に行なっていただきたい作業」##1. 本実験専用のWebサイトを使用する関係で、キーボードの設定変更をお願いいたします。##2. 実験用Webサイトの操作手順について、動画を視聴してください。	キーボードの設定変更手順 説明資料	https://cysec-lab.notion.site/1533a3874f7280dbbac9d004094f6089?pvs=4	実験用Webサイト操作手順 説明動画（Youtube）	https://www.youtube.com/watch?v=wqqQ1WCVfXo	「実験参加の前に行なっていただきたい作業」は完了していますか？	完了している@完了していない		ここには何も入力しないでください。	完了している	ここには何も入力しないでください。	1239002407
2		「実験参加の前に行なっていただきたい作業」##1. 本実験専用のWebサイトを使用する関係で、キーボードの設定変更をお願いいたします。##2. 実験用Webサイトの操作手順について、動画を視聴してください。	キーボードの設定変更手順 説明資料	https://cysec-lab.notion.site/1533a3874f7280dbbac9d004094f6089?pvs=4	実験用Webサイト操作手順 説明動画（Youtube）	https://www.youtube.com/watch?v=wqqQ1WCVfXo	「実験参加の前に行なっていただきたい作業」は完了していますか？	完了している@完了していない		ここには何も入力しないでください。	完了している	ここには何も入力しないでください。	1239053322
2		「実験参加の前に行なっていただきたい作業」##1. 本実験専用のWebサイトを使用する関係で、キーボードの設定変更をお願いいたします。##2. 実験用Webサイトの操作手順について、動画を視聴してください。	キーボードの設定変更手順 説明資料	https://cysec-lab.notion.site/1533a3874f7280dbbac9d004094f6089?pvs=4	実験用Webサイト操作手順 説明動画（Youtube）	https://www.youtube.com/watch?v=wqqQ1WCVfXo	「実験参加の前に行なっていただきたい作業」は完了していますか？	完了している@完了していない		ここには何も入力しないでください。	完了している	ここには何も入力しないでください。	1239059504
2		「実験参加の前に行なっていただきたい作業」##1. 本実験専用のWebサイトを使用する関係で、キーボードの設定変更をお願いいたします。##2. 実験用Webサイトの操作手順について、動画を視聴してください。	キーボードの設定変更手順 説明資料	https://cysec-lab.notion.site/1533a3874f7280dbbac9d004094f6089?pvs=4	実験用Webサイト操作手順 説明動画（Youtube）	https://www.youtube.com/watch?v=wqqQ1WCVfXo	「実験参加の前に行なっていただきたい作業」は完了していますか？	完了している@完了していない		ここには何も入力しないでください。	完了している	ここには何も入力しないでください。	1239223815
3		あなたの年齢を教えてください。	10代@20代@30代@40代@50代@60代@70代以上	50代	1225283058
3		あなたの年齢を教えてください。	10代@20代@30代@40代@50代@60代@70代以上	50代	1225481938
3		あなたの年齢を教えてください。	10代@20代@30代@40代@50代@60代@70代以上	40代	1225511524
3		あなたの年齢を教えてください。	10代@20代@30代@40代@50代@60代@70代以上	30代	1225532177
3		あなたの年齢を教えてください。	10代@20代@30代@40代@50代@60代@70代以上	50代	1225962608
3		あなたの年齢を教えてください。	10代@20代@30代@40代@50代@60代@70代以上	40代	1226281797
3		あなたの年齢を教えてください。	10代@20代@30代@40代@50代@60代@70代以上	30代	1227050337
3		あなたの年齢を教えてください。	10代@20代@30代@40代@50代@60代@70代以上	50代	1227219364
3		あなたの年齢を教えてください。	10代@20代@30代@40代@50代@60代@70代以上	40代	1228661809
3		あなたの年齢を教えてください。	10代@20代@30代@40代@50代@60代@70代以上	50代	1229261446
3		あなたの年齢を教えてください。	10代@20代@30代@40代@50代@60代@70代以上	50代	1229410825
3		あなたの年齢を教えてください。	10代@20代@30代@40代@50代@60代@70代以上	30代	1229482897
3		あなたの年齢を教えてください。	10代@20代@30代@40代@50代@60代@70代以上	50代	1230060134
3		あなたの年齢を教えてください。	10代@20代@30代@40代@50代@60代@70代以上	50代	1230517797
3		あなたの年齢を教えてください。	10代@20代@30代@40代@50代@60代@70代以上	40代	1230557481
3		あなたの年齢を教えてください。	10代@20代@30代@40代@50代@60代@70代以上	50代	1230631892
3		あなたの年齢を教えてください。	10代@20代@30代@40代@50代@60代@70代以上	40代	1230700326
3		あなたの年齢を教えてください。	10代@20代@30代@40代@50代@60代@70代以上	50代	1231067607
3		あなたの年齢を教えてください。	10代@20代@30代@40代@50代@60代@70代以上	40代	1231399086
3		あなたの年齢を教えてください。	10代@20代@30代@40代@50代@60代@70代以上	50代	1231517101
3		あなたの年齢を教えてください。	10代@20代@30代@40代@50代@60代@70代以上	50代	1231961437
3		あなたの年齢を教えてください。	10代@20代@30代@40代@50代@60代@70代以上	20代	1232018946
3		あなたの年齢を教えてください。	10代@20代@30代@40代@50代@60代@70代以上	40代	1232591233
3		あなたの年齢を教えてください。	10代@20代@30代@40代@50代@60代@70代以上	50代	1232628216
3		あなたの年齢を教えてください。	10代@20代@30代@40代@50代@60代@70代以上	50代	1233646321
3		あなたの年齢を教えてください。	10代@20代@30代@40代@50代@60代@70代以上	50代	1233721486
3		あなたの年齢を教えてください。	10代@20代@30代@40代@50代@60代@70代以上	40代	1234007169
3		あなたの年齢を教えてください。	10代@20代@30代@40代@50代@60代@70代以上	30代	1234200662
3		あなたの年齢を教えてください。	10代@20代@30代@40代@50代@60代@70代以上	50代	1235207588
3		あなたの年齢を教えてください。	10代@20代@30代@40代@50代@60代@70代以上	50代	1235302354
3		あなたの年齢を教えてください。	10代@20代@30代@40代@50代@60代@70代以上	50代	1235467494
3		あなたの年齢を教えてください。	10代@20代@30代@40代@50代@60代@70代以上	40代	1235636633
3		あなたの年齢を教えてください。	10代@20代@30代@40代@50代@60代@70代以上	20代	1236190654
3		あなたの年齢を教えてください。	10代@20代@30代@40代@50代@60代@70代以上	40代	1236443812
3		あなたの年齢を教えてください。	10代@20代@30代@40代@50代@60代@70代以上	40代	1236476325
3		あなたの年齢を教えてください。	10代@20代@30代@40代@50代@60代@70代以上	60代	1236534459
3		あなたの年齢を教えてください。	10代@20代@30代@40代@50代@60代@70代以上	50代	1236907813
3		あなたの年齢を教えてください。	10代@20代@30代@40代@50代@60代@70代以上	20代	1236921183
3		あなたの年齢を教えてください。	10代@20代@30代@40代@50代@60代@70代以上	50代	1237123252
3		あなたの年齢を教えてください。	10代@20代@30代@40代@50代@60代@70代以上	30代	1237404117
3		あなたの年齢を教えてください。	10代@20代@30代@40代@50代@60代@70代以上	40代	1237420878
3		あなたの年齢を教えてください。	10代@20代@30代@40代@50代@60代@70代以上	40代	1237631594
3		あなたの年齢を教えてください。	10代@20代@30代@40代@50代@60代@70代以上	30代	1237907943
3		あなたの年齢を教えてください。	10代@20代@30代@40代@50代@60代@70代以上	40代	1238106634
3		あなたの年齢を教えてください。	10代@20代@30代@40代@50代@60代@70代以上	50代	1238166748
3		あなたの年齢を教えてください。	10代@20代@30代@40代@50代@60代@70代以上	20代	1238704302
3		あなたの年齢を教えてください。	10代@20代@30代@40代@50代@60代@70代以上	30代	1239002407
3		あなたの年齢を教えてください。	10代@20代@30代@40代@50代@60代@70代以上	40代	1239053322
3		あなたの年齢を教えてください。	10代@20代@30代@40代@50代@60代@70代以上	20代	1239059504
3		あなたの年齢を教えてください。	10代@20代@30代@40代@50代@60代@70代以上	40代	1239223815
4		あなたの性別を教えてください。	男性@女性@その他	男性	1225283058
4		あなたの性別を教えてください。	男性@女性@その他	男性	1225481938
4		あなたの性別を教えてください。	男性@女性@その他	男性	1225511524
4		あなたの性別を教えてください。	男性@女性@その他	男性	1225532177
4		あなたの性別を教えてください。	男性@女性@その他	男性	1225962608
4		あなたの性別を教えてください。	男性@女性@その他	男性	1226281797
4		あなたの性別を教えてください。	男性@女性@その他	男性	1227050337
4		あなたの性別を教えてください。	男性@女性@その他	男性	1227219364
4		あなたの性別を教えてください。	男性@女性@その他	男性	1228661809
4		あなたの性別を教えてください。	男性@女性@その他	男性	1229261446
4		あなたの性別を教えてください。	男性@女性@その他	男性	1229410825
4		あなたの性別を教えてください。	男性@女性@その他	男性	1229482897
4		あなたの性別を教えてください。	男性@女性@その他	男性	1230060134
4		あなたの性別を教えてください。	男性@女性@その他	男性	1230517797
4		あなたの性別を教えてください。	男性@女性@その他	男性	1230557481
4		あなたの性別を教えてください。	男性@女性@その他	男性	1230631892
4		あなたの性別を教えてください。	男性@女性@その他	男性	1230700326
4		あなたの性別を教えてください。	男性@女性@その他	男性	1231067607
4		あなたの性別を教えてください。	男性@女性@その他	男性	1231399086
4		あなたの性別を教えてください。	男性@女性@その他	男性	1231517101
4		あなたの性別を教えてください。	男性@女性@その他	男性	1231961437
4		あなたの性別を教えてください。	男性@女性@その他	男性	1232018946
4		あなたの性別を教えてください。	男性@女性@その他	男性	1232591233
4		あなたの性別を教えてください。	男性@女性@その他	男性	1232628216
4		あなたの性別を教えてください。	男性@女性@その他	男性	1233646321
4		あなたの性別を教えてください。	男性@女性@その他	男性	1233721486
4		あなたの性別を教えてください。	男性@女性@その他	男性	1234007169
4		あなたの性別を教えてください。	男性@女性@その他	男性	1234200662
4		あなたの性別を教えてください。	男性@女性@その他	男性	1235207588
4		あなたの性別を教えてください。	男性@女性@その他	男性	1235302354
4		あなたの性別を教えてください。	男性@女性@その他	男性	1235467494
4		あなたの性別を教えてください。	男性@女性@その他	男性	1235636633
4		あなたの性別を教えてください。	男性@女性@その他	男性	1236190654
4		あなたの性別を教えてください。	男性@女性@その他	男性	1236443812
4		あなたの性別を教えてください。	男性@女性@その他	男性	1236476325
4		あなたの性別を教えてください。	男性@女性@その他	男性	1236534459
4		あなたの性別を教えてください。	男性@女性@その他	男性	1236907813
4		あなたの性別を教えてください。	男性@女性@その他	男性	1236921183
4		あなたの性別を教えてください。	男性@女性@その他	男性	1237123252
4		あなたの性別を教えてください。	男性@女性@その他	男性	1237404117
4		あなたの性別を教えてください。	男性@女性@その他	男性	1237420878
4		あなたの性別を教えてください。	男性@女性@その他	男性	1237631594
4		あなたの性別を教えてください。	男性@女性@その他	男性	1237907943
4		あなたの性別を教えてください。	男性@女性@その他	男性	1238106634
4		あなたの性別を教えてください。	男性@女性@その他	男性	1238166748
4		あなたの性別を教えてください。	男性@女性@その他	男性	1238704302
4		あなたの性別を教えてください。	男性@女性@その他	男性	1239002407
4		あなたの性別を教えてください。	男性@女性@その他	男性	1239053322
4		あなたの性別を教えてください。	男性@女性@その他	男性	1239059504
4		あなたの性別を教えてください。	男性@女性@その他	男性	1239223815
5		あなたの職業を教えてください。	会社勤務（一般社員）@会社勤務（管理職）@会社経営（経営者・役員）@公務員・教職員・非営利団体職員@派遣社員・契約社員@自営業（商工サービス）@SOHO@農林漁業@専門職（弁護士・税理士等・医療関連）@パート・アルバイト@専業主婦・主夫@学生@無職@その他の職業	「その他の職業」と回答された方は、以下に職業をご記入ください。		自営業（商工サービス）		1225283058
5		あなたの職業を教えてください。	会社勤務（一般社員）@会社勤務（管理職）@会社経営（経営者・役員）@公務員・教職員・非営利団体職員@派遣社員・契約社員@自営業（商工サービス）@SOHO@農林漁業@専門職（弁護士・税理士等・医療関連）@パート・アルバイト@専業主婦・主夫@学生@無職@その他の職業	「その他の職業」と回答された方は、以下に職業をご記入ください。		自営業（商工サービス）		1225481938
5		あなたの職業を教えてください。	会社勤務（一般社員）@会社勤務（管理職）@会社経営（経営者・役員）@公務員・教職員・非営利団体職員@派遣社員・契約社員@自営業（商工サービス）@SOHO@農林漁業@専門職（弁護士・税理士等・医療関連）@パート・アルバイト@専業主婦・主夫@学生@無職@その他の職業	「その他の職業」と回答された方は、以下に職業をご記入ください。		会社勤務（一般社員）		1225511524
5		あなたの職業を教えてください。	会社勤務（一般社員）@会社勤務（管理職）@会社経営（経営者・役員）@公務員・教職員・非営利団体職員@派遣社員・契約社員@自営業（商工サービス）@SOHO@農林漁業@専門職（弁護士・税理士等・医療関連）@パート・アルバイト@専業主婦・主夫@学生@無職@その他の職業	「その他の職業」と回答された方は、以下に職業をご記入ください。		学生		1225532177
5		あなたの職業を教えてください。	会社勤務（一般社員）@会社勤務（管理職）@会社経営（経営者・役員）@公務員・教職員・非営利団体職員@派遣社員・契約社員@自営業（商工サービス）@SOHO@農林漁業@専門職（弁護士・税理士等・医療関連）@パート・アルバイト@専業主婦・主夫@学生@無職@その他の職業	「その他の職業」と回答された方は、以下に職業をご記入ください。		会社勤務（一般社員）		1225962608
5		あなたの職業を教えてください。	会社勤務（一般社員）@会社勤務（管理職）@会社経営（経営者・役員）@公務員・教職員・非営利団体職員@派遣社員・契約社員@自営業（商工サービス）@SOHO@農林漁業@専門職（弁護士・税理士等・医療関連）@パート・アルバイト@専業主婦・主夫@学生@無職@その他の職業	「その他の職業」と回答された方は、以下に職業をご記入ください。		会社勤務（一般社員）		1226281797
5		あなたの職業を教えてください。	会社勤務（一般社員）@会社勤務（管理職）@会社経営（経営者・役員）@公務員・教職員・非営利団体職員@派遣社員・契約社員@自営業（商工サービス）@SOHO@農林漁業@専門職（弁護士・税理士等・医療関連）@パート・アルバイト@専業主婦・主夫@学生@無職@その他の職業	「その他の職業」と回答された方は、以下に職業をご記入ください。		会社勤務（一般社員）		1227050337
5		あなたの職業を教えてください。	会社勤務（一般社員）@会社勤務（管理職）@会社経営（経営者・役員）@公務員・教職員・非営利団体職員@派遣社員・契約社員@自営業（商工サービス）@SOHO@農林漁業@専門職（弁護士・税理士等・医療関連）@パート・アルバイト@専業主婦・主夫@学生@無職@その他の職業	「その他の職業」と回答された方は、以下に職業をご記入ください。		無職		1227219364
5		あなたの職業を教えてください。	会社勤務（一般社員）@会社勤務（管理職）@会社経営（経営者・役員）@公務員・教職員・非営利団体職員@派遣社員・契約社員@自営業（商工サービス）@SOHO@農林漁業@専門職（弁護士・税理士等・医療関連）@パート・アルバイト@専業主婦・主夫@学生@無職@その他の職業	「その他の職業」と回答された方は、以下に職業をご記入ください。		無職		1228661809
5		あなたの職業を教えてください。	会社勤務（一般社員）@会社勤務（管理職）@会社経営（経営者・役員）@公務員・教職員・非営利団体職員@派遣社員・契約社員@自営業（商工サービス）@SOHO@農林漁業@専門職（弁護士・税理士等・医療関連）@パート・アルバイト@専業主婦・主夫@学生@無職@その他の職業	「その他の職業」と回答された方は、以下に職業をご記入ください。		会社勤務（管理職）		1229261446
5		あなたの職業を教えてください。	会社勤務（一般社員）@会社勤務（管理職）@会社経営（経営者・役員）@公務員・教職員・非営利団体職員@派遣社員・契約社員@自営業（商工サービス）@SOHO@農林漁業@専門職（弁護士・税理士等・医療関連）@パート・アルバイト@専業主婦・主夫@学生@無職@その他の職業	「その他の職業」と回答された方は、以下に職業をご記入ください。		会社勤務（管理職）		1229410825
5		あなたの職業を教えてください。	会社勤務（一般社員）@会社勤務（管理職）@会社経営（経営者・役員）@公務員・教職員・非営利団体職員@派遣社員・契約社員@自営業（商工サービス）@SOHO@農林漁業@専門職（弁護士・税理士等・医療関連）@パート・アルバイト@専業主婦・主夫@学生@無職@その他の職業	「その他の職業」と回答された方は、以下に職業をご記入ください。		専業主婦・主夫		1229482897
5		あなたの職業を教えてください。	会社勤務（一般社員）@会社勤務（管理職）@会社経営（経営者・役員）@公務員・教職員・非営利団体職員@派遣社員・契約社員@自営業（商工サービス）@SOHO@農林漁業@専門職（弁護士・税理士等・医療関連）@パート・アルバイト@専業主婦・主夫@学生@無職@その他の職業	「その他の職業」と回答された方は、以下に職業をご記入ください。		公務員・教職員・非営利団体職員		1230060134
5		あなたの職業を教えてください。	会社勤務（一般社員）@会社勤務（管理職）@会社経営（経営者・役員）@公務員・教職員・非営利団体職員@派遣社員・契約社員@自営業（商工サービス）@SOHO@農林漁業@専門職（弁護士・税理士等・医療関連）@パート・アルバイト@専業主婦・主夫@学生@無職@その他の職業	「その他の職業」と回答された方は、以下に職業をご記入ください。		会社勤務（一般社員）		1230517797
5		あなたの職業を教えてください。	会社勤務（一般社員）@会社勤務（管理職）@会社経営（経営者・役員）@公務員・教職員・非営利団体職員@派遣社員・契約社員@自営業（商工サービス）@SOHO@農林漁業@専門職（弁護士・税理士等・医療関連）@パート・アルバイト@専業主婦・主夫@学生@無職@その他の職業	「その他の職業」と回答された方は、以下に職業をご記入ください。		SOHO		1230557481
5		あなたの職業を教えてください。	会社勤務（一般社員）@会社勤務（管理職）@会社経営（経営者・役員）@公務員・教職員・非営利団体職員@派遣社員・契約社員@自営業（商工サービス）@SOHO@農林漁業@専門職（弁護士・税理士等・医療関連）@パート・アルバイト@専業主婦・主夫@学生@無職@その他の職業	「その他の職業」と回答された方は、以下に職業をご記入ください。		会社勤務（一般社員）		1230631892
5		あなたの職業を教えてください。	会社勤務（一般社員）@会社勤務（管理職）@会社経営（経営者・役員）@公務員・教職員・非営利団体職員@派遣社員・契約社員@自営業（商工サービス）@SOHO@農林漁業@専門職（弁護士・税理士等・医療関連）@パート・アルバイト@専業主婦・主夫@学生@無職@その他の職業	「その他の職業」と回答された方は、以下に職業をご記入ください。		会社勤務（一般社員）		1230700326
5		あなたの職業を教えてください。	会社勤務（一般社員）@会社勤務（管理職）@会社経営（経営者・役員）@公務員・教職員・非営利団体職員@派遣社員・契約社員@自営業（商工サービス）@SOHO@農林漁業@専門職（弁護士・税理士等・医療関連）@パート・アルバイト@専業主婦・主夫@学生@無職@その他の職業	「その他の職業」と回答された方は、以下に職業をご記入ください。		会社勤務（一般社員）		1231067607
5		あなたの職業を教えてください。	会社勤務（一般社員）@会社勤務（管理職）@会社経営（経営者・役員）@公務員・教職員・非営利団体職員@派遣社員・契約社員@自営業（商工サービス）@SOHO@農林漁業@専門職（弁護士・税理士等・医療関連）@パート・アルバイト@専業主婦・主夫@学生@無職@その他の職業	「その他の職業」と回答された方は、以下に職業をご記入ください。		会社勤務（一般社員）		1231399086
5		あなたの職業を教えてください。	会社勤務（一般社員）@会社勤務（管理職）@会社経営（経営者・役員）@公務員・教職員・非営利団体職員@派遣社員・契約社員@自営業（商工サービス）@SOHO@農林漁業@専門職（弁護士・税理士等・医療関連）@パート・アルバイト@専業主婦・主夫@学生@無職@その他の職業	「その他の職業」と回答された方は、以下に職業をご記入ください。		会社勤務（一般社員）		1231517101
5		あなたの職業を教えてください。	会社勤務（一般社員）@会社勤務（管理職）@会社経営（経営者・役員）@公務員・教職員・非営利団体職員@派遣社員・契約社員@自営業（商工サービス）@SOHO@農林漁業@専門職（弁護士・税理士等・医療関連）@パート・アルバイト@専業主婦・主夫@学生@無職@その他の職業	「その他の職業」と回答された方は、以下に職業をご記入ください。		会社勤務（一般社員）		1231961437
5		あなたの職業を教えてください。	会社勤務（一般社員）@会社勤務（管理職）@会社経営（経営者・役員）@公務員・教職員・非営利団体職員@派遣社員・契約社員@自営業（商工サービス）@SOHO@農林漁業@専門職（弁護士・税理士等・医療関連）@パート・アルバイト@専業主婦・主夫@学生@無職@その他の職業	「その他の職業」と回答された方は、以下に職業をご記入ください。		会社勤務（一般社員）		1232018946
5		あなたの職業を教えてください。	会社勤務（一般社員）@会社勤務（管理職）@会社経営（経営者・役員）@公務員・教職員・非営利団体職員@派遣社員・契約社員@自営業（商工サービス）@SOHO@農林漁業@専門職（弁護士・税理士等・医療関連）@パート・アルバイト@専業主婦・主夫@学生@無職@その他の職業	「その他の職業」と回答された方は、以下に職業をご記入ください。		パート・アルバイト		1232591233
5		あなたの職業を教えてください。	会社勤務（一般社員）@会社勤務（管理職）@会社経営（経営者・役員）@公務員・教職員・非営利団体職員@派遣社員・契約社員@自営業（商工サービス）@SOHO@農林漁業@専門職（弁護士・税理士等・医療関連）@パート・アルバイト@専業主婦・主夫@学生@無職@その他の職業	「その他の職業」と回答された方は、以下に職業をご記入ください。		自営業（商工サービス）		1232628216
5		あなたの職業を教えてください。	会社勤務（一般社員）@会社勤務（管理職）@会社経営（経営者・役員）@公務員・教職員・非営利団体職員@派遣社員・契約社員@自営業（商工サービス）@SOHO@農林漁業@専門職（弁護士・税理士等・医療関連）@パート・アルバイト@専業主婦・主夫@学生@無職@その他の職業	「その他の職業」と回答された方は、以下に職業をご記入ください。		会社勤務（一般社員）		1233646321
5		あなたの職業を教えてください。	会社勤務（一般社員）@会社勤務（管理職）@会社経営（経営者・役員）@公務員・教職員・非営利団体職員@派遣社員・契約社員@自営業（商工サービス）@SOHO@農林漁業@専門職（弁護士・税理士等・医療関連）@パート・アルバイト@専業主婦・主夫@学生@無職@その他の職業	「その他の職業」と回答された方は、以下に職業をご記入ください。		パート・アルバイト		1233721486
5		あなたの職業を教えてください。	会社勤務（一般社員）@会社勤務（管理職）@会社経営（経営者・役員）@公務員・教職員・非営利団体職員@派遣社員・契約社員@自営業（商工サービス）@SOHO@農林漁業@専門職（弁護士・税理士等・医療関連）@パート・アルバイト@専業主婦・主夫@学生@無職@その他の職業	「その他の職業」と回答された方は、以下に職業をご記入ください。		無職		1234007169
5		あなたの職業を教えてください。	会社勤務（一般社員）@会社勤務（管理職）@会社経営（経営者・役員）@公務員・教職員・非営利団体職員@派遣社員・契約社員@自営業（商工サービス）@SOHO@農林漁業@専門職（弁護士・税理士等・医療関連）@パート・アルバイト@専業主婦・主夫@学生@無職@その他の職業	「その他の職業」と回答された方は、以下に職業をご記入ください。		会社勤務（一般社員）		1234200662
5		あなたの職業を教えてください。	会社勤務（一般社員）@会社勤務（管理職）@会社経営（経営者・役員）@公務員・教職員・非営利団体職員@派遣社員・契約社員@自営業（商工サービス）@SOHO@農林漁業@専門職（弁護士・税理士等・医療関連）@パート・アルバイト@専業主婦・主夫@学生@無職@その他の職業	「その他の職業」と回答された方は、以下に職業をご記入ください。		無職		1235207588
5		あなたの職業を教えてください。	会社勤務（一般社員）@会社勤務（管理職）@会社経営（経営者・役員）@公務員・教職員・非営利団体職員@派遣社員・契約社員@自営業（商工サービス）@SOHO@農林漁業@専門職（弁護士・税理士等・医療関連）@パート・アルバイト@専業主婦・主夫@学生@無職@その他の職業	「その他の職業」と回答された方は、以下に職業をご記入ください。		会社勤務（管理職）		1235302354
5		あなたの職業を教えてください。	会社勤務（一般社員）@会社勤務（管理職）@会社経営（経営者・役員）@公務員・教職員・非営利団体職員@派遣社員・契約社員@自営業（商工サービス）@SOHO@農林漁業@専門職（弁護士・税理士等・医療関連）@パート・アルバイト@専業主婦・主夫@学生@無職@その他の職業	「その他の職業」と回答された方は、以下に職業をご記入ください。		自営業（商工サービス）		1235467494
5		あなたの職業を教えてください。	会社勤務（一般社員）@会社勤務（管理職）@会社経営（経営者・役員）@公務員・教職員・非営利団体職員@派遣社員・契約社員@自営業（商工サービス）@SOHO@農林漁業@専門職（弁護士・税理士等・医療関連）@パート・アルバイト@専業主婦・主夫@学生@無職@その他の職業	「その他の職業」と回答された方は、以下に職業をご記入ください。		その他の職業	フリーランス	1235636633
5		あなたの職業を教えてください。	会社勤務（一般社員）@会社勤務（管理職）@会社経営（経営者・役員）@公務員・教職員・非営利団体職員@派遣社員・契約社員@自営業（商工サービス）@SOHO@農林漁業@専門職（弁護士・税理士等・医療関連）@パート・アルバイト@専業主婦・主夫@学生@無職@その他の職業	「その他の職業」と回答された方は、以下に職業をご記入ください。		会社勤務（一般社員）		1236190654
5		あなたの職業を教えてください。	会社勤務（一般社員）@会社勤務（管理職）@会社経営（経営者・役員）@公務員・教職員・非営利団体職員@派遣社員・契約社員@自営業（商工サービス）@SOHO@農林漁業@専門職（弁護士・税理士等・医療関連）@パート・アルバイト@専業主婦・主夫@学生@無職@その他の職業	「その他の職業」と回答された方は、以下に職業をご記入ください。		専門職（弁護士・税理士等・医療関連）		1236443812
5		あなたの職業を教えてください。	会社勤務（一般社員）@会社勤務（管理職）@会社経営（経営者・役員）@公務員・教職員・非営利団体職員@派遣社員・契約社員@自営業（商工サービス）@SOHO@農林漁業@専門職（弁護士・税理士等・医療関連）@パート・アルバイト@専業主婦・主夫@学生@無職@その他の職業	「その他の職業」と回答された方は、以下に職業をご記入ください。		会社勤務（一般社員）		1236476325
5		あなたの職業を教えてください。	会社勤務（一般社員）@会社勤務（管理職）@会社経営（経営者・役員）@公務員・教職員・非営利団体職員@派遣社員・契約社員@自営業（商工サービス）@SOHO@農林漁業@専門職（弁護士・税理士等・医療関連）@パート・アルバイト@専業主婦・主夫@学生@無職@その他の職業	「その他の職業」と回答された方は、以下に職業をご記入ください。		会社勤務（一般社員）		1236534459
5		あなたの職業を教えてください。	会社勤務（一般社員）@会社勤務（管理職）@会社経営（経営者・役員）@公務員・教職員・非営利団体職員@派遣社員・契約社員@自営業（商工サービス）@SOHO@農林漁業@専門職（弁護士・税理士等・医療関連）@パート・アルバイト@専業主婦・主夫@学生@無職@その他の職業	「その他の職業」と回答された方は、以下に職業をご記入ください。		パート・アルバイト		1236907813
5		あなたの職業を教えてください。	会社勤務（一般社員）@会社勤務（管理職）@会社経営（経営者・役員）@公務員・教職員・非営利団体職員@派遣社員・契約社員@自営業（商工サービス）@SOHO@農林漁業@専門職（弁護士・税理士等・医療関連）@パート・アルバイト@専業主婦・主夫@学生@無職@その他の職業	「その他の職業」と回答された方は、以下に職業をご記入ください。		学生		1236921183
5		あなたの職業を教えてください。	会社勤務（一般社員）@会社勤務（管理職）@会社経営（経営者・役員）@公務員・教職員・非営利団体職員@派遣社員・契約社員@自営業（商工サービス）@SOHO@農林漁業@専門職（弁護士・税理士等・医療関連）@パート・アルバイト@専業主婦・主夫@学生@無職@その他の職業	「その他の職業」と回答された方は、以下に職業をご記入ください。		会社勤務（一般社員）		1237123252
5		あなたの職業を教えてください。	会社勤務（一般社員）@会社勤務（管理職）@会社経営（経営者・役員）@公務員・教職員・非営利団体職員@派遣社員・契約社員@自営業（商工サービス）@SOHO@農林漁業@専門職（弁護士・税理士等・医療関連）@パート・アルバイト@専業主婦・主夫@学生@無職@その他の職業	「その他の職業」と回答された方は、以下に職業をご記入ください。		SOHO		1237404117
5		あなたの職業を教えてください。	会社勤務（一般社員）@会社勤務（管理職）@会社経営（経営者・役員）@公務員・教職員・非営利団体職員@派遣社員・契約社員@自営業（商工サービス）@SOHO@農林漁業@専門職（弁護士・税理士等・医療関連）@パート・アルバイト@専業主婦・主夫@学生@無職@その他の職業	「その他の職業」と回答された方は、以下に職業をご記入ください。		パート・アルバイト		1237420878
5		あなたの職業を教えてください。	会社勤務（一般社員）@会社勤務（管理職）@会社経営（経営者・役員）@公務員・教職員・非営利団体職員@派遣社員・契約社員@自営業（商工サービス）@SOHO@農林漁業@専門職（弁護士・税理士等・医療関連）@パート・アルバイト@専業主婦・主夫@学生@無職@その他の職業	「その他の職業」と回答された方は、以下に職業をご記入ください。		パート・アルバイト		1237631594
5		あなたの職業を教えてください。	会社勤務（一般社員）@会社勤務（管理職）@会社経営（経営者・役員）@公務員・教職員・非営利団体職員@派遣社員・契約社員@自営業（商工サービス）@SOHO@農林漁業@専門職（弁護士・税理士等・医療関連）@パート・アルバイト@専業主婦・主夫@学生@無職@その他の職業	「その他の職業」と回答された方は、以下に職業をご記入ください。		無職		1237907943
5		あなたの職業を教えてください。	会社勤務（一般社員）@会社勤務（管理職）@会社経営（経営者・役員）@公務員・教職員・非営利団体職員@派遣社員・契約社員@自営業（商工サービス）@SOHO@農林漁業@専門職（弁護士・税理士等・医療関連）@パート・アルバイト@専業主婦・主夫@学生@無職@その他の職業	「その他の職業」と回答された方は、以下に職業をご記入ください。		無職		1238106634
5		あなたの職業を教えてください。	会社勤務（一般社員）@会社勤務（管理職）@会社経営（経営者・役員）@公務員・教職員・非営利団体職員@派遣社員・契約社員@自営業（商工サービス）@SOHO@農林漁業@専門職（弁護士・税理士等・医療関連）@パート・アルバイト@専業主婦・主夫@学生@無職@その他の職業	「その他の職業」と回答された方は、以下に職業をご記入ください。		パート・アルバイト		1238166748
5		あなたの職業を教えてください。	会社勤務（一般社員）@会社勤務（管理職）@会社経営（経営者・役員）@公務員・教職員・非営利団体職員@派遣社員・契約社員@自営業（商工サービス）@SOHO@農林漁業@専門職（弁護士・税理士等・医療関連）@パート・アルバイト@専業主婦・主夫@学生@無職@その他の職業	「その他の職業」と回答された方は、以下に職業をご記入ください。		会社勤務（一般社員）		1238704302
5		あなたの職業を教えてください。	会社勤務（一般社員）@会社勤務（管理職）@会社経営（経営者・役員）@公務員・教職員・非営利団体職員@派遣社員・契約社員@自営業（商工サービス）@SOHO@農林漁業@専門職（弁護士・税理士等・医療関連）@パート・アルバイト@専業主婦・主夫@学生@無職@その他の職業	「その他の職業」と回答された方は、以下に職業をご記入ください。		会社勤務（一般社員）		1239002407
5		あなたの職業を教えてください。	会社勤務（一般社員）@会社勤務（管理職）@会社経営（経営者・役員）@公務員・教職員・非営利団体職員@派遣社員・契約社員@自営業（商工サービス）@SOHO@農林漁業@専門職（弁護士・税理士等・医療関連）@パート・アルバイト@専業主婦・主夫@学生@無職@その他の職業	「その他の職業」と回答された方は、以下に職業をご記入ください。		会社勤務（一般社員）		1239053322
5		あなたの職業を教えてください。	会社勤務（一般社員）@会社勤務（管理職）@会社経営（経営者・役員）@公務員・教職員・非営利団体職員@派遣社員・契約社員@自営業（商工サービス）@SOHO@農林漁業@専門職（弁護士・税理士等・医療関連）@パート・アルバイト@専業主婦・主夫@学生@無職@その他の職業	「その他の職業」と回答された方は、以下に職業をご記入ください。		会社勤務（一般社員）		1239059504
5		あなたの職業を教えてください。	会社勤務（一般社員）@会社勤務（管理職）@会社経営（経営者・役員）@公務員・教職員・非営利団体職員@派遣社員・契約社員@自営業（商工サービス）@SOHO@農林漁業@専門職（弁護士・税理士等・医療関連）@パート・アルバイト@専業主婦・主夫@学生@無職@その他の職業	「その他の職業」と回答された方は、以下に職業をご記入ください。		会社勤務（管理職）		1239223815
6		あなたがお勤めの組織の業種を教えてください。	エネルギー・素材・産業機械@食品@飲料・嗜好品@薬品・医療用品@化粧品・トイレタリー・サニタリー@ファッション・アクセサリー@精密機械・事務用品@家電・AV機器@自動車・輸送機器@家庭用品@趣味・スポーツ用品@不動産・住宅設備@情報・通信@流通・小売業@金融・保険@交通・レジャー@外食・各種サービス@官公庁・団体@教育・医療サービス・宗教@新聞・雑誌・テレビ・ラジオ・広告等マスコミ関係@市場調査@その他@この中に当てはまるものがない	「その他」と回答したかたは、以下に業種をご記入ください。		教育・医療サービス・宗教		1225283058
6		あなたがお勤めの組織の業種を教えてください。	エネルギー・素材・産業機械@食品@飲料・嗜好品@薬品・医療用品@化粧品・トイレタリー・サニタリー@ファッション・アクセサリー@精密機械・事務用品@家電・AV機器@自動車・輸送機器@家庭用品@趣味・スポーツ用品@不動産・住宅設備@情報・通信@流通・小売業@金融・保険@交通・レジャー@外食・各種サービス@官公庁・団体@教育・医療サービス・宗教@新聞・雑誌・テレビ・ラジオ・広告等マスコミ関係@市場調査@その他@この中に当てはまるものがない	「その他」と回答したかたは、以下に業種をご記入ください。		家電・AV機器		1225481938
6		あなたがお勤めの組織の業種を教えてください。	エネルギー・素材・産業機械@食品@飲料・嗜好品@薬品・医療用品@化粧品・トイレタリー・サニタリー@ファッション・アクセサリー@精密機械・事務用品@家電・AV機器@自動車・輸送機器@家庭用品@趣味・スポーツ用品@不動産・住宅設備@情報・通信@流通・小売業@金融・保険@交通・レジャー@外食・各種サービス@官公庁・団体@教育・医療サービス・宗教@新聞・雑誌・テレビ・ラジオ・広告等マスコミ関係@市場調査@その他@この中に当てはまるものがない	「その他」と回答したかたは、以下に業種をご記入ください。		情報・通信		1225511524
6		あなたがお勤めの組織の業種を教えてください。	エネルギー・素材・産業機械@食品@飲料・嗜好品@薬品・医療用品@化粧品・トイレタリー・サニタリー@ファッション・アクセサリー@精密機械・事務用品@家電・AV機器@自動車・輸送機器@家庭用品@趣味・スポーツ用品@不動産・住宅設備@情報・通信@流通・小売業@金融・保険@交通・レジャー@外食・各種サービス@官公庁・団体@教育・医療サービス・宗教@新聞・雑誌・テレビ・ラジオ・広告等マスコミ関係@市場調査@その他@この中に当てはまるものがない	「その他」と回答したかたは、以下に業種をご記入ください。		その他		1225532177
6		あなたがお勤めの組織の業種を教えてください。	エネルギー・素材・産業機械@食品@飲料・嗜好品@薬品・医療用品@化粧品・トイレタリー・サニタリー@ファッション・アクセサリー@精密機械・事務用品@家電・AV機器@自動車・輸送機器@家庭用品@趣味・スポーツ用品@不動産・住宅設備@情報・通信@流通・小売業@金融・保険@交通・レジャー@外食・各種サービス@官公庁・団体@教育・医療サービス・宗教@新聞・雑誌・テレビ・ラジオ・広告等マスコミ関係@市場調査@その他@この中に当てはまるものがない	「その他」と回答したかたは、以下に業種をご記入ください。		流通・小売業		1225962608
6		あなたがお勤めの組織の業種を教えてください。	エネルギー・素材・産業機械@食品@飲料・嗜好品@薬品・医療用品@化粧品・トイレタリー・サニタリー@ファッション・アクセサリー@精密機械・事務用品@家電・AV機器@自動車・輸送機器@家庭用品@趣味・スポーツ用品@不動産・住宅設備@情報・通信@流通・小売業@金融・保険@交通・レジャー@外食・各種サービス@官公庁・団体@教育・医療サービス・宗教@新聞・雑誌・テレビ・ラジオ・広告等マスコミ関係@市場調査@その他@この中に当てはまるものがない	「その他」と回答したかたは、以下に業種をご記入ください。		情報・通信		1226281797
6		あなたがお勤めの組織の業種を教えてください。	エネルギー・素材・産業機械@食品@飲料・嗜好品@薬品・医療用品@化粧品・トイレタリー・サニタリー@ファッション・アクセサリー@精密機械・事務用品@家電・AV機器@自動車・輸送機器@家庭用品@趣味・スポーツ用品@不動産・住宅設備@情報・通信@流通・小売業@金融・保険@交通・レジャー@外食・各種サービス@官公庁・団体@教育・医療サービス・宗教@新聞・雑誌・テレビ・ラジオ・広告等マスコミ関係@市場調査@その他@この中に当てはまるものがない	「その他」と回答したかたは、以下に業種をご記入ください。		エネルギー・素材・産業機械		1227050337
6		あなたがお勤めの組織の業種を教えてください。	エネルギー・素材・産業機械@食品@飲料・嗜好品@薬品・医療用品@化粧品・トイレタリー・サニタリー@ファッション・アクセサリー@精密機械・事務用品@家電・AV機器@自動車・輸送機器@家庭用品@趣味・スポーツ用品@不動産・住宅設備@情報・通信@流通・小売業@金融・保険@交通・レジャー@外食・各種サービス@官公庁・団体@教育・医療サービス・宗教@新聞・雑誌・テレビ・ラジオ・広告等マスコミ関係@市場調査@その他@この中に当てはまるものがない	「その他」と回答したかたは、以下に業種をご記入ください。		この中に当てはまるものがない		1227219364
6		あなたがお勤めの組織の業種を教えてください。	エネルギー・素材・産業機械@食品@飲料・嗜好品@薬品・医療用品@化粧品・トイレタリー・サニタリー@ファッション・アクセサリー@精密機械・事務用品@家電・AV機器@自動車・輸送機器@家庭用品@趣味・スポーツ用品@不動産・住宅設備@情報・通信@流通・小売業@金融・保険@交通・レジャー@外食・各種サービス@官公庁・団体@教育・医療サービス・宗教@新聞・雑誌・テレビ・ラジオ・広告等マスコミ関係@市場調査@その他@この中に当てはまるものがない	「その他」と回答したかたは、以下に業種をご記入ください。		この中に当てはまるものがない		1228661809
6		あなたがお勤めの組織の業種を教えてください。	エネルギー・素材・産業機械@食品@飲料・嗜好品@薬品・医療用品@化粧品・トイレタリー・サニタリー@ファッション・アクセサリー@精密機械・事務用品@家電・AV機器@自動車・輸送機器@家庭用品@趣味・スポーツ用品@不動産・住宅設備@情報・通信@流通・小売業@金融・保険@交通・レジャー@外食・各種サービス@官公庁・団体@教育・医療サービス・宗教@新聞・雑誌・テレビ・ラジオ・広告等マスコミ関係@市場調査@その他@この中に当てはまるものがない	「その他」と回答したかたは、以下に業種をご記入ください。		教育・医療サービス・宗教		1229261446
6		あなたがお勤めの組織の業種を教えてください。	エネルギー・素材・産業機械@食品@飲料・嗜好品@薬品・医療用品@化粧品・トイレタリー・サニタリー@ファッション・アクセサリー@精密機械・事務用品@家電・AV機器@自動車・輸送機器@家庭用品@趣味・スポーツ用品@不動産・住宅設備@情報・通信@流通・小売業@金融・保険@交通・レジャー@外食・各種サービス@官公庁・団体@教育・医療サービス・宗教@新聞・雑誌・テレビ・ラジオ・広告等マスコミ関係@市場調査@その他@この中に当てはまるものがない	「その他」と回答したかたは、以下に業種をご記入ください。		不動産・住宅設備		1229410825
6		あなたがお勤めの組織の業種を教えてください。	エネルギー・素材・産業機械@食品@飲料・嗜好品@薬品・医療用品@化粧品・トイレタリー・サニタリー@ファッション・アクセサリー@精密機械・事務用品@家電・AV機器@自動車・輸送機器@家庭用品@趣味・スポーツ用品@不動産・住宅設備@情報・通信@流通・小売業@金融・保険@交通・レジャー@外食・各種サービス@官公庁・団体@教育・医療サービス・宗教@新聞・雑誌・テレビ・ラジオ・広告等マスコミ関係@市場調査@その他@この中に当てはまるものがない	「その他」と回答したかたは、以下に業種をご記入ください。		ファッション・アクセサリー		1229482897
6		あなたがお勤めの組織の業種を教えてください。	エネルギー・素材・産業機械@食品@飲料・嗜好品@薬品・医療用品@化粧品・トイレタリー・サニタリー@ファッション・アクセサリー@精密機械・事務用品@家電・AV機器@自動車・輸送機器@家庭用品@趣味・スポーツ用品@不動産・住宅設備@情報・通信@流通・小売業@金融・保険@交通・レジャー@外食・各種サービス@官公庁・団体@教育・医療サービス・宗教@新聞・雑誌・テレビ・ラジオ・広告等マスコミ関係@市場調査@その他@この中に当てはまるものがない	「その他」と回答したかたは、以下に業種をご記入ください。		教育・医療サービス・宗教		1230060134
6		あなたがお勤めの組織の業種を教えてください。	エネルギー・素材・産業機械@食品@飲料・嗜好品@薬品・医療用品@化粧品・トイレタリー・サニタリー@ファッション・アクセサリー@精密機械・事務用品@家電・AV機器@自動車・輸送機器@家庭用品@趣味・スポーツ用品@不動産・住宅設備@情報・通信@流通・小売業@金融・保険@交通・レジャー@外食・各種サービス@官公庁・団体@教育・医療サービス・宗教@新聞・雑誌・テレビ・ラジオ・広告等マスコミ関係@市場調査@その他@この中に当てはまるものがない	「その他」と回答したかたは、以下に業種をご記入ください。		教育・医療サービス・宗教		1230517797
6		あなたがお勤めの組織の業種を教えてください。	エネルギー・素材・産業機械@食品@飲料・嗜好品@薬品・医療用品@化粧品・トイレタリー・サニタリー@ファッション・アクセサリー@精密機械・事務用品@家電・AV機器@自動車・輸送機器@家庭用品@趣味・スポーツ用品@不動産・住宅設備@情報・通信@流通・小売業@金融・保険@交通・レジャー@外食・各種サービス@官公庁・団体@教育・医療サービス・宗教@新聞・雑誌・テレビ・ラジオ・広告等マスコミ関係@市場調査@その他@この中に当てはまるものがない	「その他」と回答したかたは、以下に業種をご記入ください。		情報・通信		1230557481
6		あなたがお勤めの組織の業種を教えてください。	エネルギー・素材・産業機械@食品@飲料・嗜好品@薬品・医療用品@化粧品・トイレタリー・サニタリー@ファッション・アクセサリー@精密機械・事務用品@家電・AV機器@自動車・輸送機器@家庭用品@趣味・スポーツ用品@不動産・住宅設備@情報・通信@流通・小売業@金融・保険@交通・レジャー@外食・各種サービス@官公庁・団体@教育・医療サービス・宗教@新聞・雑誌・テレビ・ラジオ・広告等マスコミ関係@市場調査@その他@この中に当てはまるものがない	「その他」と回答したかたは、以下に業種をご記入ください。		自動車・輸送機器		1230631892
6		あなたがお勤めの組織の業種を教えてください。	エネルギー・素材・産業機械@食品@飲料・嗜好品@薬品・医療用品@化粧品・トイレタリー・サニタリー@ファッション・アクセサリー@精密機械・事務用品@家電・AV機器@自動車・輸送機器@家庭用品@趣味・スポーツ用品@不動産・住宅設備@情報・通信@流通・小売業@金融・保険@交通・レジャー@外食・各種サービス@官公庁・団体@教育・医療サービス・宗教@新聞・雑誌・テレビ・ラジオ・広告等マスコミ関係@市場調査@その他@この中に当てはまるものがない	「その他」と回答したかたは、以下に業種をご記入ください。		エネルギー・素材・産業機械		1230700326
6		あなたがお勤めの組織の業種を教えてください。	エネルギー・素材・産業機械@食品@飲料・嗜好品@薬品・医療用品@化粧品・トイレタリー・サニタリー@ファッション・アクセサリー@精密機械・事務用品@家電・AV機器@自動車・輸送機器@家庭用品@趣味・スポーツ用品@不動産・住宅設備@情報・通信@流通・小売業@金融・保険@交通・レジャー@外食・各種サービス@官公庁・団体@教育・医療サービス・宗教@新聞・雑誌・テレビ・ラジオ・広告等マスコミ関係@市場調査@その他@この中に当てはまるものがない	「その他」と回答したかたは、以下に業種をご記入ください。		教育・医療サービス・宗教		1231067607
6		あなたがお勤めの組織の業種を教えてください。	エネルギー・素材・産業機械@食品@飲料・嗜好品@薬品・医療用品@化粧品・トイレタリー・サニタリー@ファッション・アクセサリー@精密機械・事務用品@家電・AV機器@自動車・輸送機器@家庭用品@趣味・スポーツ用品@不動産・住宅設備@情報・通信@流通・小売業@金融・保険@交通・レジャー@外食・各種サービス@官公庁・団体@教育・医療サービス・宗教@新聞・雑誌・テレビ・ラジオ・広告等マスコミ関係@市場調査@その他@この中に当てはまるものがない	「その他」と回答したかたは、以下に業種をご記入ください。		交通・レジャー		1231399086
6		あなたがお勤めの組織の業種を教えてください。	エネルギー・素材・産業機械@食品@飲料・嗜好品@薬品・医療用品@化粧品・トイレタリー・サニタリー@ファッション・アクセサリー@精密機械・事務用品@家電・AV機器@自動車・輸送機器@家庭用品@趣味・スポーツ用品@不動産・住宅設備@情報・通信@流通・小売業@金融・保険@交通・レジャー@外食・各種サービス@官公庁・団体@教育・医療サービス・宗教@新聞・雑誌・テレビ・ラジオ・広告等マスコミ関係@市場調査@その他@この中に当てはまるものがない	「その他」と回答したかたは、以下に業種をご記入ください。		交通・レジャー		1231517101
6		あなたがお勤めの組織の業種を教えてください。	エネルギー・素材・産業機械@食品@飲料・嗜好品@薬品・医療用品@化粧品・トイレタリー・サニタリー@ファッション・アクセサリー@精密機械・事務用品@家電・AV機器@自動車・輸送機器@家庭用品@趣味・スポーツ用品@不動産・住宅設備@情報・通信@流通・小売業@金融・保険@交通・レジャー@外食・各種サービス@官公庁・団体@教育・医療サービス・宗教@新聞・雑誌・テレビ・ラジオ・広告等マスコミ関係@市場調査@その他@この中に当てはまるものがない	「その他」と回答したかたは、以下に業種をご記入ください。		家電・AV機器		1231961437
6		あなたがお勤めの組織の業種を教えてください。	エネルギー・素材・産業機械@食品@飲料・嗜好品@薬品・医療用品@化粧品・トイレタリー・サニタリー@ファッション・アクセサリー@精密機械・事務用品@家電・AV機器@自動車・輸送機器@家庭用品@趣味・スポーツ用品@不動産・住宅設備@情報・通信@流通・小売業@金融・保険@交通・レジャー@外食・各種サービス@官公庁・団体@教育・医療サービス・宗教@新聞・雑誌・テレビ・ラジオ・広告等マスコミ関係@市場調査@その他@この中に当てはまるものがない	「その他」と回答したかたは、以下に業種をご記入ください。		自動車・輸送機器		1232018946
6		あなたがお勤めの組織の業種を教えてください。	エネルギー・素材・産業機械@食品@飲料・嗜好品@薬品・医療用品@化粧品・トイレタリー・サニタリー@ファッション・アクセサリー@精密機械・事務用品@家電・AV機器@自動車・輸送機器@家庭用品@趣味・スポーツ用品@不動産・住宅設備@情報・通信@流通・小売業@金融・保険@交通・レジャー@外食・各種サービス@官公庁・団体@教育・医療サービス・宗教@新聞・雑誌・テレビ・ラジオ・広告等マスコミ関係@市場調査@その他@この中に当てはまるものがない	「その他」と回答したかたは、以下に業種をご記入ください。		流通・小売業		1232591233
6		あなたがお勤めの組織の業種を教えてください。	エネルギー・素材・産業機械@食品@飲料・嗜好品@薬品・医療用品@化粧品・トイレタリー・サニタリー@ファッション・アクセサリー@精密機械・事務用品@家電・AV機器@自動車・輸送機器@家庭用品@趣味・スポーツ用品@不動産・住宅設備@情報・通信@流通・小売業@金融・保険@交通・レジャー@外食・各種サービス@官公庁・団体@教育・医療サービス・宗教@新聞・雑誌・テレビ・ラジオ・広告等マスコミ関係@市場調査@その他@この中に当てはまるものがない	「その他」と回答したかたは、以下に業種をご記入ください。		流通・小売業		1232628216
6		あなたがお勤めの組織の業種を教えてください。	エネルギー・素材・産業機械@食品@飲料・嗜好品@薬品・医療用品@化粧品・トイレタリー・サニタリー@ファッション・アクセサリー@精密機械・事務用品@家電・AV機器@自動車・輸送機器@家庭用品@趣味・スポーツ用品@不動産・住宅設備@情報・通信@流通・小売業@金融・保険@交通・レジャー@外食・各種サービス@官公庁・団体@教育・医療サービス・宗教@新聞・雑誌・テレビ・ラジオ・広告等マスコミ関係@市場調査@その他@この中に当てはまるものがない	「その他」と回答したかたは、以下に業種をご記入ください。		流通・小売業		1233646321
6		あなたがお勤めの組織の業種を教えてください。	エネルギー・素材・産業機械@食品@飲料・嗜好品@薬品・医療用品@化粧品・トイレタリー・サニタリー@ファッション・アクセサリー@精密機械・事務用品@家電・AV機器@自動車・輸送機器@家庭用品@趣味・スポーツ用品@不動産・住宅設備@情報・通信@流通・小売業@金融・保険@交通・レジャー@外食・各種サービス@官公庁・団体@教育・医療サービス・宗教@新聞・雑誌・テレビ・ラジオ・広告等マスコミ関係@市場調査@その他@この中に当てはまるものがない	「その他」と回答したかたは、以下に業種をご記入ください。		流通・小売業		1233721486
6		あなたがお勤めの組織の業種を教えてください。	エネルギー・素材・産業機械@食品@飲料・嗜好品@薬品・医療用品@化粧品・トイレタリー・サニタリー@ファッション・アクセサリー@精密機械・事務用品@家電・AV機器@自動車・輸送機器@家庭用品@趣味・スポーツ用品@不動産・住宅設備@情報・通信@流通・小売業@金融・保険@交通・レジャー@外食・各種サービス@官公庁・団体@教育・医療サービス・宗教@新聞・雑誌・テレビ・ラジオ・広告等マスコミ関係@市場調査@その他@この中に当てはまるものがない	「その他」と回答したかたは、以下に業種をご記入ください。		この中に当てはまるものがない		1234007169
6		あなたがお勤めの組織の業種を教えてください。	エネルギー・素材・産業機械@食品@飲料・嗜好品@薬品・医療用品@化粧品・トイレタリー・サニタリー@ファッション・アクセサリー@精密機械・事務用品@家電・AV機器@自動車・輸送機器@家庭用品@趣味・スポーツ用品@不動産・住宅設備@情報・通信@流通・小売業@金融・保険@交通・レジャー@外食・各種サービス@官公庁・団体@教育・医療サービス・宗教@新聞・雑誌・テレビ・ラジオ・広告等マスコミ関係@市場調査@その他@この中に当てはまるものがない	「その他」と回答したかたは、以下に業種をご記入ください。		飲料・嗜好品		1234200662
6		あなたがお勤めの組織の業種を教えてください。	エネルギー・素材・産業機械@食品@飲料・嗜好品@薬品・医療用品@化粧品・トイレタリー・サニタリー@ファッション・アクセサリー@精密機械・事務用品@家電・AV機器@自動車・輸送機器@家庭用品@趣味・スポーツ用品@不動産・住宅設備@情報・通信@流通・小売業@金融・保険@交通・レジャー@外食・各種サービス@官公庁・団体@教育・医療サービス・宗教@新聞・雑誌・テレビ・ラジオ・広告等マスコミ関係@市場調査@その他@この中に当てはまるものがない	「その他」と回答したかたは、以下に業種をご記入ください。		この中に当てはまるものがない		1235207588
6		あなたがお勤めの組織の業種を教えてください。	エネルギー・素材・産業機械@食品@飲料・嗜好品@薬品・医療用品@化粧品・トイレタリー・サニタリー@ファッション・アクセサリー@精密機械・事務用品@家電・AV機器@自動車・輸送機器@家庭用品@趣味・スポーツ用品@不動産・住宅設備@情報・通信@流通・小売業@金融・保険@交通・レジャー@外食・各種サービス@官公庁・団体@教育・医療サービス・宗教@新聞・雑誌・テレビ・ラジオ・広告等マスコミ関係@市場調査@その他@この中に当てはまるものがない	「その他」と回答したかたは、以下に業種をご記入ください。		情報・通信		1235302354
6		あなたがお勤めの組織の業種を教えてください。	エネルギー・素材・産業機械@食品@飲料・嗜好品@薬品・医療用品@化粧品・トイレタリー・サニタリー@ファッション・アクセサリー@精密機械・事務用品@家電・AV機器@自動車・輸送機器@家庭用品@趣味・スポーツ用品@不動産・住宅設備@情報・通信@流通・小売業@金融・保険@交通・レジャー@外食・各種サービス@官公庁・団体@教育・医療サービス・宗教@新聞・雑誌・テレビ・ラジオ・広告等マスコミ関係@市場調査@その他@この中に当てはまるものがない	「その他」と回答したかたは、以下に業種をご記入ください。		情報・通信		1235467494
6		あなたがお勤めの組織の業種を教えてください。	エネルギー・素材・産業機械@食品@飲料・嗜好品@薬品・医療用品@化粧品・トイレタリー・サニタリー@ファッション・アクセサリー@精密機械・事務用品@家電・AV機器@自動車・輸送機器@家庭用品@趣味・スポーツ用品@不動産・住宅設備@情報・通信@流通・小売業@金融・保険@交通・レジャー@外食・各種サービス@官公庁・団体@教育・医療サービス・宗教@新聞・雑誌・テレビ・ラジオ・広告等マスコミ関係@市場調査@その他@この中に当てはまるものがない	「その他」と回答したかたは、以下に業種をご記入ください。		その他	クリエイティブ	1235636633
6		あなたがお勤めの組織の業種を教えてください。	エネルギー・素材・産業機械@食品@飲料・嗜好品@薬品・医療用品@化粧品・トイレタリー・サニタリー@ファッション・アクセサリー@精密機械・事務用品@家電・AV機器@自動車・輸送機器@家庭用品@趣味・スポーツ用品@不動産・住宅設備@情報・通信@流通・小売業@金融・保険@交通・レジャー@外食・各種サービス@官公庁・団体@教育・医療サービス・宗教@新聞・雑誌・テレビ・ラジオ・広告等マスコミ関係@市場調査@その他@この中に当てはまるものがない	「その他」と回答したかたは、以下に業種をご記入ください。		不動産・住宅設備		1236190654
6		あなたがお勤めの組織の業種を教えてください。	エネルギー・素材・産業機械@食品@飲料・嗜好品@薬品・医療用品@化粧品・トイレタリー・サニタリー@ファッション・アクセサリー@精密機械・事務用品@家電・AV機器@自動車・輸送機器@家庭用品@趣味・スポーツ用品@不動産・住宅設備@情報・通信@流通・小売業@金融・保険@交通・レジャー@外食・各種サービス@官公庁・団体@教育・医療サービス・宗教@新聞・雑誌・テレビ・ラジオ・広告等マスコミ関係@市場調査@その他@この中に当てはまるものがない	「その他」と回答したかたは、以下に業種をご記入ください。		教育・医療サービス・宗教		1236443812
6		あなたがお勤めの組織の業種を教えてください。	エネルギー・素材・産業機械@食品@飲料・嗜好品@薬品・医療用品@化粧品・トイレタリー・サニタリー@ファッション・アクセサリー@精密機械・事務用品@家電・AV機器@自動車・輸送機器@家庭用品@趣味・スポーツ用品@不動産・住宅設備@情報・通信@流通・小売業@金融・保険@交通・レジャー@外食・各種サービス@官公庁・団体@教育・医療サービス・宗教@新聞・雑誌・テレビ・ラジオ・広告等マスコミ関係@市場調査@その他@この中に当てはまるものがない	「その他」と回答したかたは、以下に業種をご記入ください。		流通・小売業		1236476325
6		あなたがお勤めの組織の業種を教えてください。	エネルギー・素材・産業機械@食品@飲料・嗜好品@薬品・医療用品@化粧品・トイレタリー・サニタリー@ファッション・アクセサリー@精密機械・事務用品@家電・AV機器@自動車・輸送機器@家庭用品@趣味・スポーツ用品@不動産・住宅設備@情報・通信@流通・小売業@金融・保険@交通・レジャー@外食・各種サービス@官公庁・団体@教育・医療サービス・宗教@新聞・雑誌・テレビ・ラジオ・広告等マスコミ関係@市場調査@その他@この中に当てはまるものがない	「その他」と回答したかたは、以下に業種をご記入ください。		家電・AV機器		1236534459
6		あなたがお勤めの組織の業種を教えてください。	エネルギー・素材・産業機械@食品@飲料・嗜好品@薬品・医療用品@化粧品・トイレタリー・サニタリー@ファッション・アクセサリー@精密機械・事務用品@家電・AV機器@自動車・輸送機器@家庭用品@趣味・スポーツ用品@不動産・住宅設備@情報・通信@流通・小売業@金融・保険@交通・レジャー@外食・各種サービス@官公庁・団体@教育・医療サービス・宗教@新聞・雑誌・テレビ・ラジオ・広告等マスコミ関係@市場調査@その他@この中に当てはまるものがない	「その他」と回答したかたは、以下に業種をご記入ください。		この中に当てはまるものがない		1236907813
6		あなたがお勤めの組織の業種を教えてください。	エネルギー・素材・産業機械@食品@飲料・嗜好品@薬品・医療用品@化粧品・トイレタリー・サニタリー@ファッション・アクセサリー@精密機械・事務用品@家電・AV機器@自動車・輸送機器@家庭用品@趣味・スポーツ用品@不動産・住宅設備@情報・通信@流通・小売業@金融・保険@交通・レジャー@外食・各種サービス@官公庁・団体@教育・医療サービス・宗教@新聞・雑誌・テレビ・ラジオ・広告等マスコミ関係@市場調査@その他@この中に当てはまるものがない	「その他」と回答したかたは、以下に業種をご記入ください。		食品		1236921183
6		あなたがお勤めの組織の業種を教えてください。	エネルギー・素材・産業機械@食品@飲料・嗜好品@薬品・医療用品@化粧品・トイレタリー・サニタリー@ファッション・アクセサリー@精密機械・事務用品@家電・AV機器@自動車・輸送機器@家庭用品@趣味・スポーツ用品@不動産・住宅設備@情報・通信@流通・小売業@金融・保険@交通・レジャー@外食・各種サービス@官公庁・団体@教育・医療サービス・宗教@新聞・雑誌・テレビ・ラジオ・広告等マスコミ関係@市場調査@その他@この中に当てはまるものがない	「その他」と回答したかたは、以下に業種をご記入ください。		情報・通信		1237123252
6		あなたがお勤めの組織の業種を教えてください。	エネルギー・素材・産業機械@食品@飲料・嗜好品@薬品・医療用品@化粧品・トイレタリー・サニタリー@ファッション・アクセサリー@精密機械・事務用品@家電・AV機器@自動車・輸送機器@家庭用品@趣味・スポーツ用品@不動産・住宅設備@情報・通信@流通・小売業@金融・保険@交通・レジャー@外食・各種サービス@官公庁・団体@教育・医療サービス・宗教@新聞・雑誌・テレビ・ラジオ・広告等マスコミ関係@市場調査@その他@この中に当てはまるものがない	「その他」と回答したかたは、以下に業種をご記入ください。		情報・通信		1237404117
6		あなたがお勤めの組織の業種を教えてください。	エネルギー・素材・産業機械@食品@飲料・嗜好品@薬品・医療用品@化粧品・トイレタリー・サニタリー@ファッション・アクセサリー@精密機械・事務用品@家電・AV機器@自動車・輸送機器@家庭用品@趣味・スポーツ用品@不動産・住宅設備@情報・通信@流通・小売業@金融・保険@交通・レジャー@外食・各種サービス@官公庁・団体@教育・医療サービス・宗教@新聞・雑誌・テレビ・ラジオ・広告等マスコミ関係@市場調査@その他@この中に当てはまるものがない	「その他」と回答したかたは、以下に業種をご記入ください。		情報・通信		1237420878
6		あなたがお勤めの組織の業種を教えてください。	エネルギー・素材・産業機械@食品@飲料・嗜好品@薬品・医療用品@化粧品・トイレタリー・サニタリー@ファッション・アクセサリー@精密機械・事務用品@家電・AV機器@自動車・輸送機器@家庭用品@趣味・スポーツ用品@不動産・住宅設備@情報・通信@流通・小売業@金融・保険@交通・レジャー@外食・各種サービス@官公庁・団体@教育・医療サービス・宗教@新聞・雑誌・テレビ・ラジオ・広告等マスコミ関係@市場調査@その他@この中に当てはまるものがない	「その他」と回答したかたは、以下に業種をご記入ください。		食品		1237631594
6		あなたがお勤めの組織の業種を教えてください。	エネルギー・素材・産業機械@食品@飲料・嗜好品@薬品・医療用品@化粧品・トイレタリー・サニタリー@ファッション・アクセサリー@精密機械・事務用品@家電・AV機器@自動車・輸送機器@家庭用品@趣味・スポーツ用品@不動産・住宅設備@情報・通信@流通・小売業@金融・保険@交通・レジャー@外食・各種サービス@官公庁・団体@教育・医療サービス・宗教@新聞・雑誌・テレビ・ラジオ・広告等マスコミ関係@市場調査@その他@この中に当てはまるものがない	「その他」と回答したかたは、以下に業種をご記入ください。		この中に当てはまるものがない		1237907943
6		あなたがお勤めの組織の業種を教えてください。	エネルギー・素材・産業機械@食品@飲料・嗜好品@薬品・医療用品@化粧品・トイレタリー・サニタリー@ファッション・アクセサリー@精密機械・事務用品@家電・AV機器@自動車・輸送機器@家庭用品@趣味・スポーツ用品@不動産・住宅設備@情報・通信@流通・小売業@金融・保険@交通・レジャー@外食・各種サービス@官公庁・団体@教育・医療サービス・宗教@新聞・雑誌・テレビ・ラジオ・広告等マスコミ関係@市場調査@その他@この中に当てはまるものがない	「その他」と回答したかたは、以下に業種をご記入ください。		この中に当てはまるものがない		1238106634
6		あなたがお勤めの組織の業種を教えてください。	エネルギー・素材・産業機械@食品@飲料・嗜好品@薬品・医療用品@化粧品・トイレタリー・サニタリー@ファッション・アクセサリー@精密機械・事務用品@家電・AV機器@自動車・輸送機器@家庭用品@趣味・スポーツ用品@不動産・住宅設備@情報・通信@流通・小売業@金融・保険@交通・レジャー@外食・各種サービス@官公庁・団体@教育・医療サービス・宗教@新聞・雑誌・テレビ・ラジオ・広告等マスコミ関係@市場調査@その他@この中に当てはまるものがない	「その他」と回答したかたは、以下に業種をご記入ください。		交通・レジャー		1238166748
6		あなたがお勤めの組織の業種を教えてください。	エネルギー・素材・産業機械@食品@飲料・嗜好品@薬品・医療用品@化粧品・トイレタリー・サニタリー@ファッション・アクセサリー@精密機械・事務用品@家電・AV機器@自動車・輸送機器@家庭用品@趣味・スポーツ用品@不動産・住宅設備@情報・通信@流通・小売業@金融・保険@交通・レジャー@外食・各種サービス@官公庁・団体@教育・医療サービス・宗教@新聞・雑誌・テレビ・ラジオ・広告等マスコミ関係@市場調査@その他@この中に当てはまるものがない	「その他」と回答したかたは、以下に業種をご記入ください。		エネルギー・素材・産業機械		1238704302
6		あなたがお勤めの組織の業種を教えてください。	エネルギー・素材・産業機械@食品@飲料・嗜好品@薬品・医療用品@化粧品・トイレタリー・サニタリー@ファッション・アクセサリー@精密機械・事務用品@家電・AV機器@自動車・輸送機器@家庭用品@趣味・スポーツ用品@不動産・住宅設備@情報・通信@流通・小売業@金融・保険@交通・レジャー@外食・各種サービス@官公庁・団体@教育・医療サービス・宗教@新聞・雑誌・テレビ・ラジオ・広告等マスコミ関係@市場調査@その他@この中に当てはまるものがない	「その他」と回答したかたは、以下に業種をご記入ください。		教育・医療サービス・宗教		1239002407
6		あなたがお勤めの組織の業種を教えてください。	エネルギー・素材・産業機械@食品@飲料・嗜好品@薬品・医療用品@化粧品・トイレタリー・サニタリー@ファッション・アクセサリー@精密機械・事務用品@家電・AV機器@自動車・輸送機器@家庭用品@趣味・スポーツ用品@不動産・住宅設備@情報・通信@流通・小売業@金融・保険@交通・レジャー@外食・各種サービス@官公庁・団体@教育・医療サービス・宗教@新聞・雑誌・テレビ・ラジオ・広告等マスコミ関係@市場調査@その他@この中に当てはまるものがない	「その他」と回答したかたは、以下に業種をご記入ください。		食品		1239053322
6		あなたがお勤めの組織の業種を教えてください。	エネルギー・素材・産業機械@食品@飲料・嗜好品@薬品・医療用品@化粧品・トイレタリー・サニタリー@ファッション・アクセサリー@精密機械・事務用品@家電・AV機器@自動車・輸送機器@家庭用品@趣味・スポーツ用品@不動産・住宅設備@情報・通信@流通・小売業@金融・保険@交通・レジャー@外食・各種サービス@官公庁・団体@教育・医療サービス・宗教@新聞・雑誌・テレビ・ラジオ・広告等マスコミ関係@市場調査@その他@この中に当てはまるものがない	「その他」と回答したかたは、以下に業種をご記入ください。		教育・医療サービス・宗教		1239059504
6		あなたがお勤めの組織の業種を教えてください。	エネルギー・素材・産業機械@食品@飲料・嗜好品@薬品・医療用品@化粧品・トイレタリー・サニタリー@ファッション・アクセサリー@精密機械・事務用品@家電・AV機器@自動車・輸送機器@家庭用品@趣味・スポーツ用品@不動産・住宅設備@情報・通信@流通・小売業@金融・保険@交通・レジャー@外食・各種サービス@官公庁・団体@教育・医療サービス・宗教@新聞・雑誌・テレビ・ラジオ・広告等マスコミ関係@市場調査@その他@この中に当てはまるものがない	「その他」と回答したかたは、以下に業種をご記入ください。		不動産・住宅設備		1239223815
7		あなたが今使用しているキーボードのキー配列について教えてください。	日本語配列（JIS配列）##※一般的にはこちらが使用されています。	https://crowdsourcing-pctr.c.yimg.jp/BgIFgYJGVIVv8u0nVJvw8Hh6g6tTQ94_GtbibT0M2tGibgzMKCIgriJiGFe6eP88ANkjrMHnzYaHAcQAjsVjqwwZRw_FMzoPg2QRJwCNmnO0PtPdBKQhMBr-E9EVUN-BZLXnimzemwd-rirBNcfumAkLWAmAOAEQszshvWazv2hoE7ie47HZ2tVV9mt_goSmtIPkH2f2ooQ49DaBDWtGHQ==	英語配列（US配列）	https://crowdsourcing-pctr.c.yimg.jp/BgIFgYJGVIVv8u0nVJvw8Hh6g6tTQ94_GtbibT0M2tGibgzMKCIgriJiGFe6eP88ANkjrMHnzYaHAcQAjsVjq4nVWzXhUs9ffdQOomiKRcYRukgZQWudcFTJxB0re9c3nFSsKQ-gYIO2yrkwWTx5cUHxJERprdcEyb5QCOaEJckQUdc-HA-jHe-brRcSOUG-03jpgfAqA7wmCgabzhgGiw==	日本語配列（JIS配列）@英語配列（US配列）@その他	「その他」と回答したかたは、以下にキー配列をご記入ください。			日本語配列（JIS配列）		1225283058
7		あなたが今使用しているキーボードのキー配列について教えてください。	日本語配列（JIS配列）##※一般的にはこちらが使用されています。	https://crowdsourcing-pctr.c.yimg.jp/BgIFgYJGVIVv8u0nVJvw8Hh6g6tTQ94_GtbibT0M2tGibgzMKCIgriJiGFe6eP88ANkjrMHnzYaHAcQAjsVjqwwZRw_FMzoPg2QRJwCNmnO0PtPdBKQhMBr-E9EVUN-BZLXnimzemwd-rirBNcfumAkLWAmAOAEQszshvWazv2hoE7ie47HZ2tVV9mt_goSmtIPkH2f2ooQ49DaBDWtGHQ==	英語配列（US配列）	https://crowdsourcing-pctr.c.yimg.jp/BgIFgYJGVIVv8u0nVJvw8Hh6g6tTQ94_GtbibT0M2tGibgzMKCIgriJiGFe6eP88ANkjrMHnzYaHAcQAjsVjq4nVWzXhUs9ffdQOomiKRcYRukgZQWudcFTJxB0re9c3nFSsKQ-gYIO2yrkwWTx5cUHxJERprdcEyb5QCOaEJckQUdc-HA-jHe-brRcSOUG-03jpgfAqA7wmCgabzhgGiw==	日本語配列（JIS配列）@英語配列（US配列）@その他	「その他」と回答したかたは、以下にキー配列をご記入ください。			日本語配列（JIS配列）		1225481938
7		あなたが今使用しているキーボードのキー配列について教えてください。	日本語配列（JIS配列）##※一般的にはこちらが使用されています。	https://crowdsourcing-pctr.c.yimg.jp/BgIFgYJGVIVv8u0nVJvw8Hh6g6tTQ94_GtbibT0M2tGibgzMKCIgriJiGFe6eP88ANkjrMHnzYaHAcQAjsVjqwwZRw_FMzoPg2QRJwCNmnO0PtPdBKQhMBr-E9EVUN-BZLXnimzemwd-rirBNcfumAkLWAmAOAEQszshvWazv2hoE7ie47HZ2tVV9mt_goSmtIPkH2f2ooQ49DaBDWtGHQ==	英語配列（US配列）	https://crowdsourcing-pctr.c.yimg.jp/BgIFgYJGVIVv8u0nVJvw8Hh6g6tTQ94_GtbibT0M2tGibgzMKCIgriJiGFe6eP88ANkjrMHnzYaHAcQAjsVjq4nVWzXhUs9ffdQOomiKRcYRukgZQWudcFTJxB0re9c3nFSsKQ-gYIO2yrkwWTx5cUHxJERprdcEyb5QCOaEJckQUdc-HA-jHe-brRcSOUG-03jpgfAqA7wmCgabzhgGiw==	日本語配列（JIS配列）@英語配列（US配列）@その他	「その他」と回答したかたは、以下にキー配列をご記入ください。			日本語配列（JIS配列）		1225511524
7		あなたが今使用しているキーボードのキー配列について教えてください。	日本語配列（JIS配列）##※一般的にはこちらが使用されています。	https://crowdsourcing-pctr.c.yimg.jp/BgIFgYJGVIVv8u0nVJvw8Hh6g6tTQ94_GtbibT0M2tGibgzMKCIgriJiGFe6eP88ANkjrMHnzYaHAcQAjsVjqwwZRw_FMzoPg2QRJwCNmnO0PtPdBKQhMBr-E9EVUN-BZLXnimzemwd-rirBNcfumAkLWAmAOAEQszshvWazv2hoE7ie47HZ2tVV9mt_goSmtIPkH2f2ooQ49DaBDWtGHQ==	英語配列（US配列）	https://crowdsourcing-pctr.c.yimg.jp/BgIFgYJGVIVv8u0nVJvw8Hh6g6tTQ94_GtbibT0M2tGibgzMKCIgriJiGFe6eP88ANkjrMHnzYaHAcQAjsVjq4nVWzXhUs9ffdQOomiKRcYRukgZQWudcFTJxB0re9c3nFSsKQ-gYIO2yrkwWTx5cUHxJERprdcEyb5QCOaEJckQUdc-HA-jHe-brRcSOUG-03jpgfAqA7wmCgabzhgGiw==	日本語配列（JIS配列）@英語配列（US配列）@その他	「その他」と回答したかたは、以下にキー配列をご記入ください。			日本語配列（JIS配列）		1225532177
7		あなたが今使用しているキーボードのキー配列について教えてください。	日本語配列（JIS配列）##※一般的にはこちらが使用されています。	https://crowdsourcing-pctr.c.yimg.jp/BgIFgYJGVIVv8u0nVJvw8Hh6g6tTQ94_GtbibT0M2tGibgzMKCIgriJiGFe6eP88ANkjrMHnzYaHAcQAjsVjqwwZRw_FMzoPg2QRJwCNmnO0PtPdBKQhMBr-E9EVUN-BZLXnimzemwd-rirBNcfumAkLWAmAOAEQszshvWazv2hoE7ie47HZ2tVV9mt_goSmtIPkH2f2ooQ49DaBDWtGHQ==	英語配列（US配列）	https://crowdsourcing-pctr.c.yimg.jp/BgIFgYJGVIVv8u0nVJvw8Hh6g6tTQ94_GtbibT0M2tGibgzMKCIgriJiGFe6eP88ANkjrMHnzYaHAcQAjsVjq4nVWzXhUs9ffdQOomiKRcYRukgZQWudcFTJxB0re9c3nFSsKQ-gYIO2yrkwWTx5cUHxJERprdcEyb5QCOaEJckQUdc-HA-jHe-brRcSOUG-03jpgfAqA7wmCgabzhgGiw==	日本語配列（JIS配列）@英語配列（US配列）@その他	「その他」と回答したかたは、以下にキー配列をご記入ください。			日本語配列（JIS配列）		1225962608
7		あなたが今使用しているキーボードのキー配列について教えてください。	日本語配列（JIS配列）##※一般的にはこちらが使用されています。	https://crowdsourcing-pctr.c.yimg.jp/BgIFgYJGVIVv8u0nVJvw8Hh6g6tTQ94_GtbibT0M2tGibgzMKCIgriJiGFe6eP88ANkjrMHnzYaHAcQAjsVjqwwZRw_FMzoPg2QRJwCNmnO0PtPdBKQhMBr-E9EVUN-BZLXnimzemwd-rirBNcfumAkLWAmAOAEQszshvWazv2hoE7ie47HZ2tVV9mt_goSmtIPkH2f2ooQ49DaBDWtGHQ==	英語配列（US配列）	https://crowdsourcing-pctr.c.yimg.jp/BgIFgYJGVIVv8u0nVJvw8Hh6g6tTQ94_GtbibT0M2tGibgzMKCIgriJiGFe6eP88ANkjrMHnzYaHAcQAjsVjq4nVWzXhUs9ffdQOomiKRcYRukgZQWudcFTJxB0re9c3nFSsKQ-gYIO2yrkwWTx5cUHxJERprdcEyb5QCOaEJckQUdc-HA-jHe-brRcSOUG-03jpgfAqA7wmCgabzhgGiw==	日本語配列（JIS配列）@英語配列（US配列）@その他	「その他」と回答したかたは、以下にキー配列をご記入ください。			日本語配列（JIS配列）		1226281797
7		あなたが今使用しているキーボードのキー配列について教えてください。	日本語配列（JIS配列）##※一般的にはこちらが使用されています。	https://crowdsourcing-pctr.c.yimg.jp/BgIFgYJGVIVv8u0nVJvw8Hh6g6tTQ94_GtbibT0M2tGibgzMKCIgriJiGFe6eP88ANkjrMHnzYaHAcQAjsVjqwwZRw_FMzoPg2QRJwCNmnO0PtPdBKQhMBr-E9EVUN-BZLXnimzemwd-rirBNcfumAkLWAmAOAEQszshvWazv2hoE7ie47HZ2tVV9mt_goSmtIPkH2f2ooQ49DaBDWtGHQ==	英語配列（US配列）	https://crowdsourcing-pctr.c.yimg.jp/BgIFgYJGVIVv8u0nVJvw8Hh6g6tTQ94_GtbibT0M2tGibgzMKCIgriJiGFe6eP88ANkjrMHnzYaHAcQAjsVjq4nVWzXhUs9ffdQOomiKRcYRukgZQWudcFTJxB0re9c3nFSsKQ-gYIO2yrkwWTx5cUHxJERprdcEyb5QCOaEJckQUdc-HA-jHe-brRcSOUG-03jpgfAqA7wmCgabzhgGiw==	日本語配列（JIS配列）@英語配列（US配列）@その他	「その他」と回答したかたは、以下にキー配列をご記入ください。			日本語配列（JIS配列）		1227050337
7		あなたが今使用しているキーボードのキー配列について教えてください。	日本語配列（JIS配列）##※一般的にはこちらが使用されています。	https://crowdsourcing-pctr.c.yimg.jp/BgIFgYJGVIVv8u0nVJvw8Hh6g6tTQ94_GtbibT0M2tGibgzMKCIgriJiGFe6eP88ANkjrMHnzYaHAcQAjsVjqwwZRw_FMzoPg2QRJwCNmnO0PtPdBKQhMBr-E9EVUN-BZLXnimzemwd-rirBNcfumAkLWAmAOAEQszshvWazv2hoE7ie47HZ2tVV9mt_goSmtIPkH2f2ooQ49DaBDWtGHQ==	英語配列（US配列）	https://crowdsourcing-pctr.c.yimg.jp/BgIFgYJGVIVv8u0nVJvw8Hh6g6tTQ94_GtbibT0M2tGibgzMKCIgriJiGFe6eP88ANkjrMHnzYaHAcQAjsVjq4nVWzXhUs9ffdQOomiKRcYRukgZQWudcFTJxB0re9c3nFSsKQ-gYIO2yrkwWTx5cUHxJERprdcEyb5QCOaEJckQUdc-HA-jHe-brRcSOUG-03jpgfAqA7wmCgabzhgGiw==	日本語配列（JIS配列）@英語配列（US配列）@その他	「その他」と回答したかたは、以下にキー配列をご記入ください。			日本語配列（JIS配列）		1227219364
7		あなたが今使用しているキーボードのキー配列について教えてください。	日本語配列（JIS配列）##※一般的にはこちらが使用されています。	https://crowdsourcing-pctr.c.yimg.jp/BgIFgYJGVIVv8u0nVJvw8Hh6g6tTQ94_GtbibT0M2tGibgzMKCIgriJiGFe6eP88ANkjrMHnzYaHAcQAjsVjqwwZRw_FMzoPg2QRJwCNmnO0PtPdBKQhMBr-E9EVUN-BZLXnimzemwd-rirBNcfumAkLWAmAOAEQszshvWazv2hoE7ie47HZ2tVV9mt_goSmtIPkH2f2ooQ49DaBDWtGHQ==	英語配列（US配列）	https://crowdsourcing-pctr.c.yimg.jp/BgIFgYJGVIVv8u0nVJvw8Hh6g6tTQ94_GtbibT0M2tGibgzMKCIgriJiGFe6eP88ANkjrMHnzYaHAcQAjsVjq4nVWzXhUs9ffdQOomiKRcYRukgZQWudcFTJxB0re9c3nFSsKQ-gYIO2yrkwWTx5cUHxJERprdcEyb5QCOaEJckQUdc-HA-jHe-brRcSOUG-03jpgfAqA7wmCgabzhgGiw==	日本語配列（JIS配列）@英語配列（US配列）@その他	「その他」と回答したかたは、以下にキー配列をご記入ください。			日本語配列（JIS配列）		1228661809
7		あなたが今使用しているキーボードのキー配列について教えてください。	日本語配列（JIS配列）##※一般的にはこちらが使用されています。	https://crowdsourcing-pctr.c.yimg.jp/BgIFgYJGVIVv8u0nVJvw8Hh6g6tTQ94_GtbibT0M2tGibgzMKCIgriJiGFe6eP88ANkjrMHnzYaHAcQAjsVjqwwZRw_FMzoPg2QRJwCNmnO0PtPdBKQhMBr-E9EVUN-BZLXnimzemwd-rirBNcfumAkLWAmAOAEQszshvWazv2hoE7ie47HZ2tVV9mt_goSmtIPkH2f2ooQ49DaBDWtGHQ==	英語配列（US配列）	https://crowdsourcing-pctr.c.yimg.jp/BgIFgYJGVIVv8u0nVJvw8Hh6g6tTQ94_GtbibT0M2tGibgzMKCIgriJiGFe6eP88ANkjrMHnzYaHAcQAjsVjq4nVWzXhUs9ffdQOomiKRcYRukgZQWudcFTJxB0re9c3nFSsKQ-gYIO2yrkwWTx5cUHxJERprdcEyb5QCOaEJckQUdc-HA-jHe-brRcSOUG-03jpgfAqA7wmCgabzhgGiw==	日本語配列（JIS配列）@英語配列（US配列）@その他	「その他」と回答したかたは、以下にキー配列をご記入ください。			日本語配列（JIS配列）		1229261446
7		あなたが今使用しているキーボードのキー配列について教えてください。	日本語配列（JIS配列）##※一般的にはこちらが使用されています。	https://crowdsourcing-pctr.c.yimg.jp/BgIFgYJGVIVv8u0nVJvw8Hh6g6tTQ94_GtbibT0M2tGibgzMKCIgriJiGFe6eP88ANkjrMHnzYaHAcQAjsVjqwwZRw_FMzoPg2QRJwCNmnO0PtPdBKQhMBr-E9EVUN-BZLXnimzemwd-rirBNcfumAkLWAmAOAEQszshvWazv2hoE7ie47HZ2tVV9mt_goSmtIPkH2f2ooQ49DaBDWtGHQ==	英語配列（US配列）	https://crowdsourcing-pctr.c.yimg.jp/BgIFgYJGVIVv8u0nVJvw8Hh6g6tTQ94_GtbibT0M2tGibgzMKCIgriJiGFe6eP88ANkjrMHnzYaHAcQAjsVjq4nVWzXhUs9ffdQOomiKRcYRukgZQWudcFTJxB0re9c3nFSsKQ-gYIO2yrkwWTx5cUHxJERprdcEyb5QCOaEJckQUdc-HA-jHe-brRcSOUG-03jpgfAqA7wmCgabzhgGiw==	日本語配列（JIS配列）@英語配列（US配列）@その他	「その他」と回答したかたは、以下にキー配列をご記入ください。			日本語配列（JIS配列）		1229410825
7		あなたが今使用しているキーボードのキー配列について教えてください。	日本語配列（JIS配列）##※一般的にはこちらが使用されています。	https://crowdsourcing-pctr.c.yimg.jp/BgIFgYJGVIVv8u0nVJvw8Hh6g6tTQ94_GtbibT0M2tGibgzMKCIgriJiGFe6eP88ANkjrMHnzYaHAcQAjsVjqwwZRw_FMzoPg2QRJwCNmnO0PtPdBKQhMBr-E9EVUN-BZLXnimzemwd-rirBNcfumAkLWAmAOAEQszshvWazv2hoE7ie47HZ2tVV9mt_goSmtIPkH2f2ooQ49DaBDWtGHQ==	英語配列（US配列）	https://crowdsourcing-pctr.c.yimg.jp/BgIFgYJGVIVv8u0nVJvw8Hh6g6tTQ94_GtbibT0M2tGibgzMKCIgriJiGFe6eP88ANkjrMHnzYaHAcQAjsVjq4nVWzXhUs9ffdQOomiKRcYRukgZQWudcFTJxB0re9c3nFSsKQ-gYIO2yrkwWTx5cUHxJERprdcEyb5QCOaEJckQUdc-HA-jHe-brRcSOUG-03jpgfAqA7wmCgabzhgGiw==	日本語配列（JIS配列）@英語配列（US配列）@その他	「その他」と回答したかたは、以下にキー配列をご記入ください。			日本語配列（JIS配列）		1229482897
7		あなたが今使用しているキーボードのキー配列について教えてください。	日本語配列（JIS配列）##※一般的にはこちらが使用されています。	https://crowdsourcing-pctr.c.yimg.jp/BgIFgYJGVIVv8u0nVJvw8Hh6g6tTQ94_GtbibT0M2tGibgzMKCIgriJiGFe6eP88ANkjrMHnzYaHAcQAjsVjqwwZRw_FMzoPg2QRJwCNmnO0PtPdBKQhMBr-E9EVUN-BZLXnimzemwd-rirBNcfumAkLWAmAOAEQszshvWazv2hoE7ie47HZ2tVV9mt_goSmtIPkH2f2ooQ49DaBDWtGHQ==	英語配列（US配列）	https://crowdsourcing-pctr.c.yimg.jp/BgIFgYJGVIVv8u0nVJvw8Hh6g6tTQ94_GtbibT0M2tGibgzMKCIgriJiGFe6eP88ANkjrMHnzYaHAcQAjsVjq4nVWzXhUs9ffdQOomiKRcYRukgZQWudcFTJxB0re9c3nFSsKQ-gYIO2yrkwWTx5cUHxJERprdcEyb5QCOaEJckQUdc-HA-jHe-brRcSOUG-03jpgfAqA7wmCgabzhgGiw==	日本語配列（JIS配列）@英語配列（US配列）@その他	「その他」と回答したかたは、以下にキー配列をご記入ください。			日本語配列（JIS配列）		1230060134
7		あなたが今使用しているキーボードのキー配列について教えてください。	日本語配列（JIS配列）##※一般的にはこちらが使用されています。	https://crowdsourcing-pctr.c.yimg.jp/BgIFgYJGVIVv8u0nVJvw8Hh6g6tTQ94_GtbibT0M2tGibgzMKCIgriJiGFe6eP88ANkjrMHnzYaHAcQAjsVjqwwZRw_FMzoPg2QRJwCNmnO0PtPdBKQhMBr-E9EVUN-BZLXnimzemwd-rirBNcfumAkLWAmAOAEQszshvWazv2hoE7ie47HZ2tVV9mt_goSmtIPkH2f2ooQ49DaBDWtGHQ==	英語配列（US配列）	https://crowdsourcing-pctr.c.yimg.jp/BgIFgYJGVIVv8u0nVJvw8Hh6g6tTQ94_GtbibT0M2tGibgzMKCIgriJiGFe6eP88ANkjrMHnzYaHAcQAjsVjq4nVWzXhUs9ffdQOomiKRcYRukgZQWudcFTJxB0re9c3nFSsKQ-gYIO2yrkwWTx5cUHxJERprdcEyb5QCOaEJckQUdc-HA-jHe-brRcSOUG-03jpgfAqA7wmCgabzhgGiw==	日本語配列（JIS配列）@英語配列（US配列）@その他	「その他」と回答したかたは、以下にキー配列をご記入ください。			日本語配列（JIS配列）		1230517797
7		あなたが今使用しているキーボードのキー配列について教えてください。	日本語配列（JIS配列）##※一般的にはこちらが使用されています。	https://crowdsourcing-pctr.c.yimg.jp/BgIFgYJGVIVv8u0nVJvw8Hh6g6tTQ94_GtbibT0M2tGibgzMKCIgriJiGFe6eP88ANkjrMHnzYaHAcQAjsVjqwwZRw_FMzoPg2QRJwCNmnO0PtPdBKQhMBr-E9EVUN-BZLXnimzemwd-rirBNcfumAkLWAmAOAEQszshvWazv2hoE7ie47HZ2tVV9mt_goSmtIPkH2f2ooQ49DaBDWtGHQ==	英語配列（US配列）	https://crowdsourcing-pctr.c.yimg.jp/BgIFgYJGVIVv8u0nVJvw8Hh6g6tTQ94_GtbibT0M2tGibgzMKCIgriJiGFe6eP88ANkjrMHnzYaHAcQAjsVjq4nVWzXhUs9ffdQOomiKRcYRukgZQWudcFTJxB0re9c3nFSsKQ-gYIO2yrkwWTx5cUHxJERprdcEyb5QCOaEJckQUdc-HA-jHe-brRcSOUG-03jpgfAqA7wmCgabzhgGiw==	日本語配列（JIS配列）@英語配列（US配列）@その他	「その他」と回答したかたは、以下にキー配列をご記入ください。			日本語配列（JIS配列）		1230557481
7		あなたが今使用しているキーボードのキー配列について教えてください。	日本語配列（JIS配列）##※一般的にはこちらが使用されています。	https://crowdsourcing-pctr.c.yimg.jp/BgIFgYJGVIVv8u0nVJvw8Hh6g6tTQ94_GtbibT0M2tGibgzMKCIgriJiGFe6eP88ANkjrMHnzYaHAcQAjsVjqwwZRw_FMzoPg2QRJwCNmnO0PtPdBKQhMBr-E9EVUN-BZLXnimzemwd-rirBNcfumAkLWAmAOAEQszshvWazv2hoE7ie47HZ2tVV9mt_goSmtIPkH2f2ooQ49DaBDWtGHQ==	英語配列（US配列）	https://crowdsourcing-pctr.c.yimg.jp/BgIFgYJGVIVv8u0nVJvw8Hh6g6tTQ94_GtbibT0M2tGibgzMKCIgriJiGFe6eP88ANkjrMHnzYaHAcQAjsVjq4nVWzXhUs9ffdQOomiKRcYRukgZQWudcFTJxB0re9c3nFSsKQ-gYIO2yrkwWTx5cUHxJERprdcEyb5QCOaEJckQUdc-HA-jHe-brRcSOUG-03jpgfAqA7wmCgabzhgGiw==	日本語配列（JIS配列）@英語配列（US配列）@その他	「その他」と回答したかたは、以下にキー配列をご記入ください。			日本語配列（JIS配列）		1230631892
7		あなたが今使用しているキーボードのキー配列について教えてください。	日本語配列（JIS配列）##※一般的にはこちらが使用されています。	https://crowdsourcing-pctr.c.yimg.jp/BgIFgYJGVIVv8u0nVJvw8Hh6g6tTQ94_GtbibT0M2tGibgzMKCIgriJiGFe6eP88ANkjrMHnzYaHAcQAjsVjqwwZRw_FMzoPg2QRJwCNmnO0PtPdBKQhMBr-E9EVUN-BZLXnimzemwd-rirBNcfumAkLWAmAOAEQszshvWazv2hoE7ie47HZ2tVV9mt_goSmtIPkH2f2ooQ49DaBDWtGHQ==	英語配列（US配列）	https://crowdsourcing-pctr.c.yimg.jp/BgIFgYJGVIVv8u0nVJvw8Hh6g6tTQ94_GtbibT0M2tGibgzMKCIgriJiGFe6eP88ANkjrMHnzYaHAcQAjsVjq4nVWzXhUs9ffdQOomiKRcYRukgZQWudcFTJxB0re9c3nFSsKQ-gYIO2yrkwWTx5cUHxJERprdcEyb5QCOaEJckQUdc-HA-jHe-brRcSOUG-03jpgfAqA7wmCgabzhgGiw==	日本語配列（JIS配列）@英語配列（US配列）@その他	「その他」と回答したかたは、以下にキー配列をご記入ください。			日本語配列（JIS配列）		1230700326
7		あなたが今使用しているキーボードのキー配列について教えてください。	日本語配列（JIS配列）##※一般的にはこちらが使用されています。	https://crowdsourcing-pctr.c.yimg.jp/BgIFgYJGVIVv8u0nVJvw8Hh6g6tTQ94_GtbibT0M2tGibgzMKCIgriJiGFe6eP88ANkjrMHnzYaHAcQAjsVjqwwZRw_FMzoPg2QRJwCNmnO0PtPdBKQhMBr-E9EVUN-BZLXnimzemwd-rirBNcfumAkLWAmAOAEQszshvWazv2hoE7ie47HZ2tVV9mt_goSmtIPkH2f2ooQ49DaBDWtGHQ==	英語配列（US配列）	https://crowdsourcing-pctr.c.yimg.jp/BgIFgYJGVIVv8u0nVJvw8Hh6g6tTQ94_GtbibT0M2tGibgzMKCIgriJiGFe6eP88ANkjrMHnzYaHAcQAjsVjq4nVWzXhUs9ffdQOomiKRcYRukgZQWudcFTJxB0re9c3nFSsKQ-gYIO2yrkwWTx5cUHxJERprdcEyb5QCOaEJckQUdc-HA-jHe-brRcSOUG-03jpgfAqA7wmCgabzhgGiw==	日本語配列（JIS配列）@英語配列（US配列）@その他	「その他」と回答したかたは、以下にキー配列をご記入ください。			日本語配列（JIS配列）		1231067607
7		あなたが今使用しているキーボードのキー配列について教えてください。	日本語配列（JIS配列）##※一般的にはこちらが使用されています。	https://crowdsourcing-pctr.c.yimg.jp/BgIFgYJGVIVv8u0nVJvw8Hh6g6tTQ94_GtbibT0M2tGibgzMKCIgriJiGFe6eP88ANkjrMHnzYaHAcQAjsVjqwwZRw_FMzoPg2QRJwCNmnO0PtPdBKQhMBr-E9EVUN-BZLXnimzemwd-rirBNcfumAkLWAmAOAEQszshvWazv2hoE7ie47HZ2tVV9mt_goSmtIPkH2f2ooQ49DaBDWtGHQ==	英語配列（US配列）	https://crowdsourcing-pctr.c.yimg.jp/BgIFgYJGVIVv8u0nVJvw8Hh6g6tTQ94_GtbibT0M2tGibgzMKCIgriJiGFe6eP88ANkjrMHnzYaHAcQAjsVjq4nVWzXhUs9ffdQOomiKRcYRukgZQWudcFTJxB0re9c3nFSsKQ-gYIO2yrkwWTx5cUHxJERprdcEyb5QCOaEJckQUdc-HA-jHe-brRcSOUG-03jpgfAqA7wmCgabzhgGiw==	日本語配列（JIS配列）@英語配列（US配列）@その他	「その他」と回答したかたは、以下にキー配列をご記入ください。			日本語配列（JIS配列）		1231399086
7		あなたが今使用しているキーボードのキー配列について教えてください。	日本語配列（JIS配列）##※一般的にはこちらが使用されています。	https://crowdsourcing-pctr.c.yimg.jp/BgIFgYJGVIVv8u0nVJvw8Hh6g6tTQ94_GtbibT0M2tGibgzMKCIgriJiGFe6eP88ANkjrMHnzYaHAcQAjsVjqwwZRw_FMzoPg2QRJwCNmnO0PtPdBKQhMBr-E9EVUN-BZLXnimzemwd-rirBNcfumAkLWAmAOAEQszshvWazv2hoE7ie47HZ2tVV9mt_goSmtIPkH2f2ooQ49DaBDWtGHQ==	英語配列（US配列）	https://crowdsourcing-pctr.c.yimg.jp/BgIFgYJGVIVv8u0nVJvw8Hh6g6tTQ94_GtbibT0M2tGibgzMKCIgriJiGFe6eP88ANkjrMHnzYaHAcQAjsVjq4nVWzXhUs9ffdQOomiKRcYRukgZQWudcFTJxB0re9c3nFSsKQ-gYIO2yrkwWTx5cUHxJERprdcEyb5QCOaEJckQUdc-HA-jHe-brRcSOUG-03jpgfAqA7wmCgabzhgGiw==	日本語配列（JIS配列）@英語配列（US配列）@その他	「その他」と回答したかたは、以下にキー配列をご記入ください。			英語配列（US配列）		1231517101
7		あなたが今使用しているキーボードのキー配列について教えてください。	日本語配列（JIS配列）##※一般的にはこちらが使用されています。	https://crowdsourcing-pctr.c.yimg.jp/BgIFgYJGVIVv8u0nVJvw8Hh6g6tTQ94_GtbibT0M2tGibgzMKCIgriJiGFe6eP88ANkjrMHnzYaHAcQAjsVjqwwZRw_FMzoPg2QRJwCNmnO0PtPdBKQhMBr-E9EVUN-BZLXnimzemwd-rirBNcfumAkLWAmAOAEQszshvWazv2hoE7ie47HZ2tVV9mt_goSmtIPkH2f2ooQ49DaBDWtGHQ==	英語配列（US配列）	https://crowdsourcing-pctr.c.yimg.jp/BgIFgYJGVIVv8u0nVJvw8Hh6g6tTQ94_GtbibT0M2tGibgzMKCIgriJiGFe6eP88ANkjrMHnzYaHAcQAjsVjq4nVWzXhUs9ffdQOomiKRcYRukgZQWudcFTJxB0re9c3nFSsKQ-gYIO2yrkwWTx5cUHxJERprdcEyb5QCOaEJckQUdc-HA-jHe-brRcSOUG-03jpgfAqA7wmCgabzhgGiw==	日本語配列（JIS配列）@英語配列（US配列）@その他	「その他」と回答したかたは、以下にキー配列をご記入ください。			日本語配列（JIS配列）		1231961437
7		あなたが今使用しているキーボードのキー配列について教えてください。	日本語配列（JIS配列）##※一般的にはこちらが使用されています。	https://crowdsourcing-pctr.c.yimg.jp/BgIFgYJGVIVv8u0nVJvw8Hh6g6tTQ94_GtbibT0M2tGibgzMKCIgriJiGFe6eP88ANkjrMHnzYaHAcQAjsVjqwwZRw_FMzoPg2QRJwCNmnO0PtPdBKQhMBr-E9EVUN-BZLXnimzemwd-rirBNcfumAkLWAmAOAEQszshvWazv2hoE7ie47HZ2tVV9mt_goSmtIPkH2f2ooQ49DaBDWtGHQ==	英語配列（US配列）	https://crowdsourcing-pctr.c.yimg.jp/BgIFgYJGVIVv8u0nVJvw8Hh6g6tTQ94_GtbibT0M2tGibgzMKCIgriJiGFe6eP88ANkjrMHnzYaHAcQAjsVjq4nVWzXhUs9ffdQOomiKRcYRukgZQWudcFTJxB0re9c3nFSsKQ-gYIO2yrkwWTx5cUHxJERprdcEyb5QCOaEJckQUdc-HA-jHe-brRcSOUG-03jpgfAqA7wmCgabzhgGiw==	日本語配列（JIS配列）@英語配列（US配列）@その他	「その他」と回答したかたは、以下にキー配列をご記入ください。			日本語配列（JIS配列）		1232018946
7		あなたが今使用しているキーボードのキー配列について教えてください。	日本語配列（JIS配列）##※一般的にはこちらが使用されています。	https://crowdsourcing-pctr.c.yimg.jp/BgIFgYJGVIVv8u0nVJvw8Hh6g6tTQ94_GtbibT0M2tGibgzMKCIgriJiGFe6eP88ANkjrMHnzYaHAcQAjsVjqwwZRw_FMzoPg2QRJwCNmnO0PtPdBKQhMBr-E9EVUN-BZLXnimzemwd-rirBNcfumAkLWAmAOAEQszshvWazv2hoE7ie47HZ2tVV9mt_goSmtIPkH2f2ooQ49DaBDWtGHQ==	英語配列（US配列）	https://crowdsourcing-pctr.c.yimg.jp/BgIFgYJGVIVv8u0nVJvw8Hh6g6tTQ94_GtbibT0M2tGibgzMKCIgriJiGFe6eP88ANkjrMHnzYaHAcQAjsVjq4nVWzXhUs9ffdQOomiKRcYRukgZQWudcFTJxB0re9c3nFSsKQ-gYIO2yrkwWTx5cUHxJERprdcEyb5QCOaEJckQUdc-HA-jHe-brRcSOUG-03jpgfAqA7wmCgabzhgGiw==	日本語配列（JIS配列）@英語配列（US配列）@その他	「その他」と回答したかたは、以下にキー配列をご記入ください。			日本語配列（JIS配列）		1232591233
7		あなたが今使用しているキーボードのキー配列について教えてください。	日本語配列（JIS配列）##※一般的にはこちらが使用されています。	https://crowdsourcing-pctr.c.yimg.jp/BgIFgYJGVIVv8u0nVJvw8Hh6g6tTQ94_GtbibT0M2tGibgzMKCIgriJiGFe6eP88ANkjrMHnzYaHAcQAjsVjqwwZRw_FMzoPg2QRJwCNmnO0PtPdBKQhMBr-E9EVUN-BZLXnimzemwd-rirBNcfumAkLWAmAOAEQszshvWazv2hoE7ie47HZ2tVV9mt_goSmtIPkH2f2ooQ49DaBDWtGHQ==	英語配列（US配列）	https://crowdsourcing-pctr.c.yimg.jp/BgIFgYJGVIVv8u0nVJvw8Hh6g6tTQ94_GtbibT0M2tGibgzMKCIgriJiGFe6eP88ANkjrMHnzYaHAcQAjsVjq4nVWzXhUs9ffdQOomiKRcYRukgZQWudcFTJxB0re9c3nFSsKQ-gYIO2yrkwWTx5cUHxJERprdcEyb5QCOaEJckQUdc-HA-jHe-brRcSOUG-03jpgfAqA7wmCgabzhgGiw==	日本語配列（JIS配列）@英語配列（US配列）@その他	「その他」と回答したかたは、以下にキー配列をご記入ください。			日本語配列（JIS配列）		1232628216
7		あなたが今使用しているキーボードのキー配列について教えてください。	日本語配列（JIS配列）##※一般的にはこちらが使用されています。	https://crowdsourcing-pctr.c.yimg.jp/BgIFgYJGVIVv8u0nVJvw8Hh6g6tTQ94_GtbibT0M2tGibgzMKCIgriJiGFe6eP88ANkjrMHnzYaHAcQAjsVjqwwZRw_FMzoPg2QRJwCNmnO0PtPdBKQhMBr-E9EVUN-BZLXnimzemwd-rirBNcfumAkLWAmAOAEQszshvWazv2hoE7ie47HZ2tVV9mt_goSmtIPkH2f2ooQ49DaBDWtGHQ==	英語配列（US配列）	https://crowdsourcing-pctr.c.yimg.jp/BgIFgYJGVIVv8u0nVJvw8Hh6g6tTQ94_GtbibT0M2tGibgzMKCIgriJiGFe6eP88ANkjrMHnzYaHAcQAjsVjq4nVWzXhUs9ffdQOomiKRcYRukgZQWudcFTJxB0re9c3nFSsKQ-gYIO2yrkwWTx5cUHxJERprdcEyb5QCOaEJckQUdc-HA-jHe-brRcSOUG-03jpgfAqA7wmCgabzhgGiw==	日本語配列（JIS配列）@英語配列（US配列）@その他	「その他」と回答したかたは、以下にキー配列をご記入ください。			日本語配列（JIS配列）		1233646321
7		あなたが今使用しているキーボードのキー配列について教えてください。	日本語配列（JIS配列）##※一般的にはこちらが使用されています。	https://crowdsourcing-pctr.c.yimg.jp/BgIFgYJGVIVv8u0nVJvw8Hh6g6tTQ94_GtbibT0M2tGibgzMKCIgriJiGFe6eP88ANkjrMHnzYaHAcQAjsVjqwwZRw_FMzoPg2QRJwCNmnO0PtPdBKQhMBr-E9EVUN-BZLXnimzemwd-rirBNcfumAkLWAmAOAEQszshvWazv2hoE7ie47HZ2tVV9mt_goSmtIPkH2f2ooQ49DaBDWtGHQ==	英語配列（US配列）	https://crowdsourcing-pctr.c.yimg.jp/BgIFgYJGVIVv8u0nVJvw8Hh6g6tTQ94_GtbibT0M2tGibgzMKCIgriJiGFe6eP88ANkjrMHnzYaHAcQAjsVjq4nVWzXhUs9ffdQOomiKRcYRukgZQWudcFTJxB0re9c3nFSsKQ-gYIO2yrkwWTx5cUHxJERprdcEyb5QCOaEJckQUdc-HA-jHe-brRcSOUG-03jpgfAqA7wmCgabzhgGiw==	日本語配列（JIS配列）@英語配列（US配列）@その他	「その他」と回答したかたは、以下にキー配列をご記入ください。			日本語配列（JIS配列）		1233721486
7		あなたが今使用しているキーボードのキー配列について教えてください。	日本語配列（JIS配列）##※一般的にはこちらが使用されています。	https://crowdsourcing-pctr.c.yimg.jp/BgIFgYJGVIVv8u0nVJvw8Hh6g6tTQ94_GtbibT0M2tGibgzMKCIgriJiGFe6eP88ANkjrMHnzYaHAcQAjsVjqwwZRw_FMzoPg2QRJwCNmnO0PtPdBKQhMBr-E9EVUN-BZLXnimzemwd-rirBNcfumAkLWAmAOAEQszshvWazv2hoE7ie47HZ2tVV9mt_goSmtIPkH2f2ooQ49DaBDWtGHQ==	英語配列（US配列）	https://crowdsourcing-pctr.c.yimg.jp/BgIFgYJGVIVv8u0nVJvw8Hh6g6tTQ94_GtbibT0M2tGibgzMKCIgriJiGFe6eP88ANkjrMHnzYaHAcQAjsVjq4nVWzXhUs9ffdQOomiKRcYRukgZQWudcFTJxB0re9c3nFSsKQ-gYIO2yrkwWTx5cUHxJERprdcEyb5QCOaEJckQUdc-HA-jHe-brRcSOUG-03jpgfAqA7wmCgabzhgGiw==	日本語配列（JIS配列）@英語配列（US配列）@その他	「その他」と回答したかたは、以下にキー配列をご記入ください。			日本語配列（JIS配列）		1234007169
7		あなたが今使用しているキーボードのキー配列について教えてください。	日本語配列（JIS配列）##※一般的にはこちらが使用されています。	https://crowdsourcing-pctr.c.yimg.jp/BgIFgYJGVIVv8u0nVJvw8Hh6g6tTQ94_GtbibT0M2tGibgzMKCIgriJiGFe6eP88ANkjrMHnzYaHAcQAjsVjqwwZRw_FMzoPg2QRJwCNmnO0PtPdBKQhMBr-E9EVUN-BZLXnimzemwd-rirBNcfumAkLWAmAOAEQszshvWazv2hoE7ie47HZ2tVV9mt_goSmtIPkH2f2ooQ49DaBDWtGHQ==	英語配列（US配列）	https://crowdsourcing-pctr.c.yimg.jp/BgIFgYJGVIVv8u0nVJvw8Hh6g6tTQ94_GtbibT0M2tGibgzMKCIgriJiGFe6eP88ANkjrMHnzYaHAcQAjsVjq4nVWzXhUs9ffdQOomiKRcYRukgZQWudcFTJxB0re9c3nFSsKQ-gYIO2yrkwWTx5cUHxJERprdcEyb5QCOaEJckQUdc-HA-jHe-brRcSOUG-03jpgfAqA7wmCgabzhgGiw==	日本語配列（JIS配列）@英語配列（US配列）@その他	「その他」と回答したかたは、以下にキー配列をご記入ください。			日本語配列（JIS配列）		1234200662
7		あなたが今使用しているキーボードのキー配列について教えてください。	日本語配列（JIS配列）##※一般的にはこちらが使用されています。	https://crowdsourcing-pctr.c.yimg.jp/BgIFgYJGVIVv8u0nVJvw8Hh6g6tTQ94_GtbibT0M2tGibgzMKCIgriJiGFe6eP88ANkjrMHnzYaHAcQAjsVjqwwZRw_FMzoPg2QRJwCNmnO0PtPdBKQhMBr-E9EVUN-BZLXnimzemwd-rirBNcfumAkLWAmAOAEQszshvWazv2hoE7ie47HZ2tVV9mt_goSmtIPkH2f2ooQ49DaBDWtGHQ==	英語配列（US配列）	https://crowdsourcing-pctr.c.yimg.jp/BgIFgYJGVIVv8u0nVJvw8Hh6g6tTQ94_GtbibT0M2tGibgzMKCIgriJiGFe6eP88ANkjrMHnzYaHAcQAjsVjq4nVWzXhUs9ffdQOomiKRcYRukgZQWudcFTJxB0re9c3nFSsKQ-gYIO2yrkwWTx5cUHxJERprdcEyb5QCOaEJckQUdc-HA-jHe-brRcSOUG-03jpgfAqA7wmCgabzhgGiw==	日本語配列（JIS配列）@英語配列（US配列）@その他	「その他」と回答したかたは、以下にキー配列をご記入ください。			英語配列（US配列）		1235207588
7		あなたが今使用しているキーボードのキー配列について教えてください。	日本語配列（JIS配列）##※一般的にはこちらが使用されています。	https://crowdsourcing-pctr.c.yimg.jp/BgIFgYJGVIVv8u0nVJvw8Hh6g6tTQ94_GtbibT0M2tGibgzMKCIgriJiGFe6eP88ANkjrMHnzYaHAcQAjsVjqwwZRw_FMzoPg2QRJwCNmnO0PtPdBKQhMBr-E9EVUN-BZLXnimzemwd-rirBNcfumAkLWAmAOAEQszshvWazv2hoE7ie47HZ2tVV9mt_goSmtIPkH2f2ooQ49DaBDWtGHQ==	英語配列（US配列）	https://crowdsourcing-pctr.c.yimg.jp/BgIFgYJGVIVv8u0nVJvw8Hh6g6tTQ94_GtbibT0M2tGibgzMKCIgriJiGFe6eP88ANkjrMHnzYaHAcQAjsVjq4nVWzXhUs9ffdQOomiKRcYRukgZQWudcFTJxB0re9c3nFSsKQ-gYIO2yrkwWTx5cUHxJERprdcEyb5QCOaEJckQUdc-HA-jHe-brRcSOUG-03jpgfAqA7wmCgabzhgGiw==	日本語配列（JIS配列）@英語配列（US配列）@その他	「その他」と回答したかたは、以下にキー配列をご記入ください。			日本語配列（JIS配列）		1235302354
7		あなたが今使用しているキーボードのキー配列について教えてください。	日本語配列（JIS配列）##※一般的にはこちらが使用されています。	https://crowdsourcing-pctr.c.yimg.jp/BgIFgYJGVIVv8u0nVJvw8Hh6g6tTQ94_GtbibT0M2tGibgzMKCIgriJiGFe6eP88ANkjrMHnzYaHAcQAjsVjqwwZRw_FMzoPg2QRJwCNmnO0PtPdBKQhMBr-E9EVUN-BZLXnimzemwd-rirBNcfumAkLWAmAOAEQszshvWazv2hoE7ie47HZ2tVV9mt_goSmtIPkH2f2ooQ49DaBDWtGHQ==	英語配列（US配列）	https://crowdsourcing-pctr.c.yimg.jp/BgIFgYJGVIVv8u0nVJvw8Hh6g6tTQ94_GtbibT0M2tGibgzMKCIgriJiGFe6eP88ANkjrMHnzYaHAcQAjsVjq4nVWzXhUs9ffdQOomiKRcYRukgZQWudcFTJxB0re9c3nFSsKQ-gYIO2yrkwWTx5cUHxJERprdcEyb5QCOaEJckQUdc-HA-jHe-brRcSOUG-03jpgfAqA7wmCgabzhgGiw==	日本語配列（JIS配列）@英語配列（US配列）@その他	「その他」と回答したかたは、以下にキー配列をご記入ください。			日本語配列（JIS配列）		1235467494
7		あなたが今使用しているキーボードのキー配列について教えてください。	日本語配列（JIS配列）##※一般的にはこちらが使用されています。	https://crowdsourcing-pctr.c.yimg.jp/BgIFgYJGVIVv8u0nVJvw8Hh6g6tTQ94_GtbibT0M2tGibgzMKCIgriJiGFe6eP88ANkjrMHnzYaHAcQAjsVjqwwZRw_FMzoPg2QRJwCNmnO0PtPdBKQhMBr-E9EVUN-BZLXnimzemwd-rirBNcfumAkLWAmAOAEQszshvWazv2hoE7ie47HZ2tVV9mt_goSmtIPkH2f2ooQ49DaBDWtGHQ==	英語配列（US配列）	https://crowdsourcing-pctr.c.yimg.jp/BgIFgYJGVIVv8u0nVJvw8Hh6g6tTQ94_GtbibT0M2tGibgzMKCIgriJiGFe6eP88ANkjrMHnzYaHAcQAjsVjq4nVWzXhUs9ffdQOomiKRcYRukgZQWudcFTJxB0re9c3nFSsKQ-gYIO2yrkwWTx5cUHxJERprdcEyb5QCOaEJckQUdc-HA-jHe-brRcSOUG-03jpgfAqA7wmCgabzhgGiw==	日本語配列（JIS配列）@英語配列（US配列）@その他	「その他」と回答したかたは、以下にキー配列をご記入ください。			日本語配列（JIS配列）		1235636633
7		あなたが今使用しているキーボードのキー配列について教えてください。	日本語配列（JIS配列）##※一般的にはこちらが使用されています。	https://crowdsourcing-pctr.c.yimg.jp/BgIFgYJGVIVv8u0nVJvw8Hh6g6tTQ94_GtbibT0M2tGibgzMKCIgriJiGFe6eP88ANkjrMHnzYaHAcQAjsVjqwwZRw_FMzoPg2QRJwCNmnO0PtPdBKQhMBr-E9EVUN-BZLXnimzemwd-rirBNcfumAkLWAmAOAEQszshvWazv2hoE7ie47HZ2tVV9mt_goSmtIPkH2f2ooQ49DaBDWtGHQ==	英語配列（US配列）	https://crowdsourcing-pctr.c.yimg.jp/BgIFgYJGVIVv8u0nVJvw8Hh6g6tTQ94_GtbibT0M2tGibgzMKCIgriJiGFe6eP88ANkjrMHnzYaHAcQAjsVjq4nVWzXhUs9ffdQOomiKRcYRukgZQWudcFTJxB0re9c3nFSsKQ-gYIO2yrkwWTx5cUHxJERprdcEyb5QCOaEJckQUdc-HA-jHe-brRcSOUG-03jpgfAqA7wmCgabzhgGiw==	日本語配列（JIS配列）@英語配列（US配列）@その他	「その他」と回答したかたは、以下にキー配列をご記入ください。			日本語配列（JIS配列）		1236190654
7		あなたが今使用しているキーボードのキー配列について教えてください。	日本語配列（JIS配列）##※一般的にはこちらが使用されています。	https://crowdsourcing-pctr.c.yimg.jp/BgIFgYJGVIVv8u0nVJvw8Hh6g6tTQ94_GtbibT0M2tGibgzMKCIgriJiGFe6eP88ANkjrMHnzYaHAcQAjsVjqwwZRw_FMzoPg2QRJwCNmnO0PtPdBKQhMBr-E9EVUN-BZLXnimzemwd-rirBNcfumAkLWAmAOAEQszshvWazv2hoE7ie47HZ2tVV9mt_goSmtIPkH2f2ooQ49DaBDWtGHQ==	英語配列（US配列）	https://crowdsourcing-pctr.c.yimg.jp/BgIFgYJGVIVv8u0nVJvw8Hh6g6tTQ94_GtbibT0M2tGibgzMKCIgriJiGFe6eP88ANkjrMHnzYaHAcQAjsVjq4nVWzXhUs9ffdQOomiKRcYRukgZQWudcFTJxB0re9c3nFSsKQ-gYIO2yrkwWTx5cUHxJERprdcEyb5QCOaEJckQUdc-HA-jHe-brRcSOUG-03jpgfAqA7wmCgabzhgGiw==	日本語配列（JIS配列）@英語配列（US配列）@その他	「その他」と回答したかたは、以下にキー配列をご記入ください。			英語配列（US配列）		1236443812
7		あなたが今使用しているキーボードのキー配列について教えてください。	日本語配列（JIS配列）##※一般的にはこちらが使用されています。	https://crowdsourcing-pctr.c.yimg.jp/BgIFgYJGVIVv8u0nVJvw8Hh6g6tTQ94_GtbibT0M2tGibgzMKCIgriJiGFe6eP88ANkjrMHnzYaHAcQAjsVjqwwZRw_FMzoPg2QRJwCNmnO0PtPdBKQhMBr-E9EVUN-BZLXnimzemwd-rirBNcfumAkLWAmAOAEQszshvWazv2hoE7ie47HZ2tVV9mt_goSmtIPkH2f2ooQ49DaBDWtGHQ==	英語配列（US配列）	https://crowdsourcing-pctr.c.yimg.jp/BgIFgYJGVIVv8u0nVJvw8Hh6g6tTQ94_GtbibT0M2tGibgzMKCIgriJiGFe6eP88ANkjrMHnzYaHAcQAjsVjq4nVWzXhUs9ffdQOomiKRcYRukgZQWudcFTJxB0re9c3nFSsKQ-gYIO2yrkwWTx5cUHxJERprdcEyb5QCOaEJckQUdc-HA-jHe-brRcSOUG-03jpgfAqA7wmCgabzhgGiw==	日本語配列（JIS配列）@英語配列（US配列）@その他	「その他」と回答したかたは、以下にキー配列をご記入ください。			英語配列（US配列）		1236476325
7		あなたが今使用しているキーボードのキー配列について教えてください。	日本語配列（JIS配列）##※一般的にはこちらが使用されています。	https://crowdsourcing-pctr.c.yimg.jp/BgIFgYJGVIVv8u0nVJvw8Hh6g6tTQ94_GtbibT0M2tGibgzMKCIgriJiGFe6eP88ANkjrMHnzYaHAcQAjsVjqwwZRw_FMzoPg2QRJwCNmnO0PtPdBKQhMBr-E9EVUN-BZLXnimzemwd-rirBNcfumAkLWAmAOAEQszshvWazv2hoE7ie47HZ2tVV9mt_goSmtIPkH2f2ooQ49DaBDWtGHQ==	英語配列（US配列）	https://crowdsourcing-pctr.c.yimg.jp/BgIFgYJGVIVv8u0nVJvw8Hh6g6tTQ94_GtbibT0M2tGibgzMKCIgriJiGFe6eP88ANkjrMHnzYaHAcQAjsVjq4nVWzXhUs9ffdQOomiKRcYRukgZQWudcFTJxB0re9c3nFSsKQ-gYIO2yrkwWTx5cUHxJERprdcEyb5QCOaEJckQUdc-HA-jHe-brRcSOUG-03jpgfAqA7wmCgabzhgGiw==	日本語配列（JIS配列）@英語配列（US配列）@その他	「その他」と回答したかたは、以下にキー配列をご記入ください。			日本語配列（JIS配列）		1236534459
7		あなたが今使用しているキーボードのキー配列について教えてください。	日本語配列（JIS配列）##※一般的にはこちらが使用されています。	https://crowdsourcing-pctr.c.yimg.jp/BgIFgYJGVIVv8u0nVJvw8Hh6g6tTQ94_GtbibT0M2tGibgzMKCIgriJiGFe6eP88ANkjrMHnzYaHAcQAjsVjqwwZRw_FMzoPg2QRJwCNmnO0PtPdBKQhMBr-E9EVUN-BZLXnimzemwd-rirBNcfumAkLWAmAOAEQszshvWazv2hoE7ie47HZ2tVV9mt_goSmtIPkH2f2ooQ49DaBDWtGHQ==	英語配列（US配列）	https://crowdsourcing-pctr.c.yimg.jp/BgIFgYJGVIVv8u0nVJvw8Hh6g6tTQ94_GtbibT0M2tGibgzMKCIgriJiGFe6eP88ANkjrMHnzYaHAcQAjsVjq4nVWzXhUs9ffdQOomiKRcYRukgZQWudcFTJxB0re9c3nFSsKQ-gYIO2yrkwWTx5cUHxJERprdcEyb5QCOaEJckQUdc-HA-jHe-brRcSOUG-03jpgfAqA7wmCgabzhgGiw==	日本語配列（JIS配列）@英語配列（US配列）@その他	「その他」と回答したかたは、以下にキー配列をご記入ください。			英語配列（US配列）		1236907813
7		あなたが今使用しているキーボードのキー配列について教えてください。	日本語配列（JIS配列）##※一般的にはこちらが使用されています。	https://crowdsourcing-pctr.c.yimg.jp/BgIFgYJGVIVv8u0nVJvw8Hh6g6tTQ94_GtbibT0M2tGibgzMKCIgriJiGFe6eP88ANkjrMHnzYaHAcQAjsVjqwwZRw_FMzoPg2QRJwCNmnO0PtPdBKQhMBr-E9EVUN-BZLXnimzemwd-rirBNcfumAkLWAmAOAEQszshvWazv2hoE7ie47HZ2tVV9mt_goSmtIPkH2f2ooQ49DaBDWtGHQ==	英語配列（US配列）	https://crowdsourcing-pctr.c.yimg.jp/BgIFgYJGVIVv8u0nVJvw8Hh6g6tTQ94_GtbibT0M2tGibgzMKCIgriJiGFe6eP88ANkjrMHnzYaHAcQAjsVjq4nVWzXhUs9ffdQOomiKRcYRukgZQWudcFTJxB0re9c3nFSsKQ-gYIO2yrkwWTx5cUHxJERprdcEyb5QCOaEJckQUdc-HA-jHe-brRcSOUG-03jpgfAqA7wmCgabzhgGiw==	日本語配列（JIS配列）@英語配列（US配列）@その他	「その他」と回答したかたは、以下にキー配列をご記入ください。			日本語配列（JIS配列）		1236921183
7		あなたが今使用しているキーボードのキー配列について教えてください。	日本語配列（JIS配列）##※一般的にはこちらが使用されています。	https://crowdsourcing-pctr.c.yimg.jp/BgIFgYJGVIVv8u0nVJvw8Hh6g6tTQ94_GtbibT0M2tGibgzMKCIgriJiGFe6eP88ANkjrMHnzYaHAcQAjsVjqwwZRw_FMzoPg2QRJwCNmnO0PtPdBKQhMBr-E9EVUN-BZLXnimzemwd-rirBNcfumAkLWAmAOAEQszshvWazv2hoE7ie47HZ2tVV9mt_goSmtIPkH2f2ooQ49DaBDWtGHQ==	英語配列（US配列）	https://crowdsourcing-pctr.c.yimg.jp/BgIFgYJGVIVv8u0nVJvw8Hh6g6tTQ94_GtbibT0M2tGibgzMKCIgriJiGFe6eP88ANkjrMHnzYaHAcQAjsVjq4nVWzXhUs9ffdQOomiKRcYRukgZQWudcFTJxB0re9c3nFSsKQ-gYIO2yrkwWTx5cUHxJERprdcEyb5QCOaEJckQUdc-HA-jHe-brRcSOUG-03jpgfAqA7wmCgabzhgGiw==	日本語配列（JIS配列）@英語配列（US配列）@その他	「その他」と回答したかたは、以下にキー配列をご記入ください。			日本語配列（JIS配列）		1237123252
7		あなたが今使用しているキーボードのキー配列について教えてください。	日本語配列（JIS配列）##※一般的にはこちらが使用されています。	https://crowdsourcing-pctr.c.yimg.jp/BgIFgYJGVIVv8u0nVJvw8Hh6g6tTQ94_GtbibT0M2tGibgzMKCIgriJiGFe6eP88ANkjrMHnzYaHAcQAjsVjqwwZRw_FMzoPg2QRJwCNmnO0PtPdBKQhMBr-E9EVUN-BZLXnimzemwd-rirBNcfumAkLWAmAOAEQszshvWazv2hoE7ie47HZ2tVV9mt_goSmtIPkH2f2ooQ49DaBDWtGHQ==	英語配列（US配列）	https://crowdsourcing-pctr.c.yimg.jp/BgIFgYJGVIVv8u0nVJvw8Hh6g6tTQ94_GtbibT0M2tGibgzMKCIgriJiGFe6eP88ANkjrMHnzYaHAcQAjsVjq4nVWzXhUs9ffdQOomiKRcYRukgZQWudcFTJxB0re9c3nFSsKQ-gYIO2yrkwWTx5cUHxJERprdcEyb5QCOaEJckQUdc-HA-jHe-brRcSOUG-03jpgfAqA7wmCgabzhgGiw==	日本語配列（JIS配列）@英語配列（US配列）@その他	「その他」と回答したかたは、以下にキー配列をご記入ください。			日本語配列（JIS配列）		1237404117
7		あなたが今使用しているキーボードのキー配列について教えてください。	日本語配列（JIS配列）##※一般的にはこちらが使用されています。	https://crowdsourcing-pctr.c.yimg.jp/BgIFgYJGVIVv8u0nVJvw8Hh6g6tTQ94_GtbibT0M2tGibgzMKCIgriJiGFe6eP88ANkjrMHnzYaHAcQAjsVjqwwZRw_FMzoPg2QRJwCNmnO0PtPdBKQhMBr-E9EVUN-BZLXnimzemwd-rirBNcfumAkLWAmAOAEQszshvWazv2hoE7ie47HZ2tVV9mt_goSmtIPkH2f2ooQ49DaBDWtGHQ==	英語配列（US配列）	https://crowdsourcing-pctr.c.yimg.jp/BgIFgYJGVIVv8u0nVJvw8Hh6g6tTQ94_GtbibT0M2tGibgzMKCIgriJiGFe6eP88ANkjrMHnzYaHAcQAjsVjq4nVWzXhUs9ffdQOomiKRcYRukgZQWudcFTJxB0re9c3nFSsKQ-gYIO2yrkwWTx5cUHxJERprdcEyb5QCOaEJckQUdc-HA-jHe-brRcSOUG-03jpgfAqA7wmCgabzhgGiw==	日本語配列（JIS配列）@英語配列（US配列）@その他	「その他」と回答したかたは、以下にキー配列をご記入ください。			日本語配列（JIS配列）		1237420878
7		あなたが今使用しているキーボードのキー配列について教えてください。	日本語配列（JIS配列）##※一般的にはこちらが使用されています。	https://crowdsourcing-pctr.c.yimg.jp/BgIFgYJGVIVv8u0nVJvw8Hh6g6tTQ94_GtbibT0M2tGibgzMKCIgriJiGFe6eP88ANkjrMHnzYaHAcQAjsVjqwwZRw_FMzoPg2QRJwCNmnO0PtPdBKQhMBr-E9EVUN-BZLXnimzemwd-rirBNcfumAkLWAmAOAEQszshvWazv2hoE7ie47HZ2tVV9mt_goSmtIPkH2f2ooQ49DaBDWtGHQ==	英語配列（US配列）	https://crowdsourcing-pctr.c.yimg.jp/BgIFgYJGVIVv8u0nVJvw8Hh6g6tTQ94_GtbibT0M2tGibgzMKCIgriJiGFe6eP88ANkjrMHnzYaHAcQAjsVjq4nVWzXhUs9ffdQOomiKRcYRukgZQWudcFTJxB0re9c3nFSsKQ-gYIO2yrkwWTx5cUHxJERprdcEyb5QCOaEJckQUdc-HA-jHe-brRcSOUG-03jpgfAqA7wmCgabzhgGiw==	日本語配列（JIS配列）@英語配列（US配列）@その他	「その他」と回答したかたは、以下にキー配列をご記入ください。			日本語配列（JIS配列）		1237631594
7		あなたが今使用しているキーボードのキー配列について教えてください。	日本語配列（JIS配列）##※一般的にはこちらが使用されています。	https://crowdsourcing-pctr.c.yimg.jp/BgIFgYJGVIVv8u0nVJvw8Hh6g6tTQ94_GtbibT0M2tGibgzMKCIgriJiGFe6eP88ANkjrMHnzYaHAcQAjsVjqwwZRw_FMzoPg2QRJwCNmnO0PtPdBKQhMBr-E9EVUN-BZLXnimzemwd-rirBNcfumAkLWAmAOAEQszshvWazv2hoE7ie47HZ2tVV9mt_goSmtIPkH2f2ooQ49DaBDWtGHQ==	英語配列（US配列）	https://crowdsourcing-pctr.c.yimg.jp/BgIFgYJGVIVv8u0nVJvw8Hh6g6tTQ94_GtbibT0M2tGibgzMKCIgriJiGFe6eP88ANkjrMHnzYaHAcQAjsVjq4nVWzXhUs9ffdQOomiKRcYRukgZQWudcFTJxB0re9c3nFSsKQ-gYIO2yrkwWTx5cUHxJERprdcEyb5QCOaEJckQUdc-HA-jHe-brRcSOUG-03jpgfAqA7wmCgabzhgGiw==	日本語配列（JIS配列）@英語配列（US配列）@その他	「その他」と回答したかたは、以下にキー配列をご記入ください。			日本語配列（JIS配列）		1237907943
7		あなたが今使用しているキーボードのキー配列について教えてください。	日本語配列（JIS配列）##※一般的にはこちらが使用されています。	https://crowdsourcing-pctr.c.yimg.jp/BgIFgYJGVIVv8u0nVJvw8Hh6g6tTQ94_GtbibT0M2tGibgzMKCIgriJiGFe6eP88ANkjrMHnzYaHAcQAjsVjqwwZRw_FMzoPg2QRJwCNmnO0PtPdBKQhMBr-E9EVUN-BZLXnimzemwd-rirBNcfumAkLWAmAOAEQszshvWazv2hoE7ie47HZ2tVV9mt_goSmtIPkH2f2ooQ49DaBDWtGHQ==	英語配列（US配列）	https://crowdsourcing-pctr.c.yimg.jp/BgIFgYJGVIVv8u0nVJvw8Hh6g6tTQ94_GtbibT0M2tGibgzMKCIgriJiGFe6eP88ANkjrMHnzYaHAcQAjsVjq4nVWzXhUs9ffdQOomiKRcYRukgZQWudcFTJxB0re9c3nFSsKQ-gYIO2yrkwWTx5cUHxJERprdcEyb5QCOaEJckQUdc-HA-jHe-brRcSOUG-03jpgfAqA7wmCgabzhgGiw==	日本語配列（JIS配列）@英語配列（US配列）@その他	「その他」と回答したかたは、以下にキー配列をご記入ください。			日本語配列（JIS配列）		1238106634
7		あなたが今使用しているキーボードのキー配列について教えてください。	日本語配列（JIS配列）##※一般的にはこちらが使用されています。	https://crowdsourcing-pctr.c.yimg.jp/BgIFgYJGVIVv8u0nVJvw8Hh6g6tTQ94_GtbibT0M2tGibgzMKCIgriJiGFe6eP88ANkjrMHnzYaHAcQAjsVjqwwZRw_FMzoPg2QRJwCNmnO0PtPdBKQhMBr-E9EVUN-BZLXnimzemwd-rirBNcfumAkLWAmAOAEQszshvWazv2hoE7ie47HZ2tVV9mt_goSmtIPkH2f2ooQ49DaBDWtGHQ==	英語配列（US配列）	https://crowdsourcing-pctr.c.yimg.jp/BgIFgYJGVIVv8u0nVJvw8Hh6g6tTQ94_GtbibT0M2tGibgzMKCIgriJiGFe6eP88ANkjrMHnzYaHAcQAjsVjq4nVWzXhUs9ffdQOomiKRcYRukgZQWudcFTJxB0re9c3nFSsKQ-gYIO2yrkwWTx5cUHxJERprdcEyb5QCOaEJckQUdc-HA-jHe-brRcSOUG-03jpgfAqA7wmCgabzhgGiw==	日本語配列（JIS配列）@英語配列（US配列）@その他	「その他」と回答したかたは、以下にキー配列をご記入ください。			日本語配列（JIS配列）		1238166748
7		あなたが今使用しているキーボードのキー配列について教えてください。	日本語配列（JIS配列）##※一般的にはこちらが使用されています。	https://crowdsourcing-pctr.c.yimg.jp/BgIFgYJGVIVv8u0nVJvw8Hh6g6tTQ94_GtbibT0M2tGibgzMKCIgriJiGFe6eP88ANkjrMHnzYaHAcQAjsVjqwwZRw_FMzoPg2QRJwCNmnO0PtPdBKQhMBr-E9EVUN-BZLXnimzemwd-rirBNcfumAkLWAmAOAEQszshvWazv2hoE7ie47HZ2tVV9mt_goSmtIPkH2f2ooQ49DaBDWtGHQ==	英語配列（US配列）	https://crowdsourcing-pctr.c.yimg.jp/BgIFgYJGVIVv8u0nVJvw8Hh6g6tTQ94_GtbibT0M2tGibgzMKCIgriJiGFe6eP88ANkjrMHnzYaHAcQAjsVjq4nVWzXhUs9ffdQOomiKRcYRukgZQWudcFTJxB0re9c3nFSsKQ-gYIO2yrkwWTx5cUHxJERprdcEyb5QCOaEJckQUdc-HA-jHe-brRcSOUG-03jpgfAqA7wmCgabzhgGiw==	日本語配列（JIS配列）@英語配列（US配列）@その他	「その他」と回答したかたは、以下にキー配列をご記入ください。			日本語配列（JIS配列）		1238704302
7		あなたが今使用しているキーボードのキー配列について教えてください。	日本語配列（JIS配列）##※一般的にはこちらが使用されています。	https://crowdsourcing-pctr.c.yimg.jp/BgIFgYJGVIVv8u0nVJvw8Hh6g6tTQ94_GtbibT0M2tGibgzMKCIgriJiGFe6eP88ANkjrMHnzYaHAcQAjsVjqwwZRw_FMzoPg2QRJwCNmnO0PtPdBKQhMBr-E9EVUN-BZLXnimzemwd-rirBNcfumAkLWAmAOAEQszshvWazv2hoE7ie47HZ2tVV9mt_goSmtIPkH2f2ooQ49DaBDWtGHQ==	英語配列（US配列）	https://crowdsourcing-pctr.c.yimg.jp/BgIFgYJGVIVv8u0nVJvw8Hh6g6tTQ94_GtbibT0M2tGibgzMKCIgriJiGFe6eP88ANkjrMHnzYaHAcQAjsVjq4nVWzXhUs9ffdQOomiKRcYRukgZQWudcFTJxB0re9c3nFSsKQ-gYIO2yrkwWTx5cUHxJERprdcEyb5QCOaEJckQUdc-HA-jHe-brRcSOUG-03jpgfAqA7wmCgabzhgGiw==	日本語配列（JIS配列）@英語配列（US配列）@その他	「その他」と回答したかたは、以下にキー配列をご記入ください。			日本語配列（JIS配列）		1239002407
7		あなたが今使用しているキーボードのキー配列について教えてください。	日本語配列（JIS配列）##※一般的にはこちらが使用されています。	https://crowdsourcing-pctr.c.yimg.jp/BgIFgYJGVIVv8u0nVJvw8Hh6g6tTQ94_GtbibT0M2tGibgzMKCIgriJiGFe6eP88ANkjrMHnzYaHAcQAjsVjqwwZRw_FMzoPg2QRJwCNmnO0PtPdBKQhMBr-E9EVUN-BZLXnimzemwd-rirBNcfumAkLWAmAOAEQszshvWazv2hoE7ie47HZ2tVV9mt_goSmtIPkH2f2ooQ49DaBDWtGHQ==	英語配列（US配列）	https://crowdsourcing-pctr.c.yimg.jp/BgIFgYJGVIVv8u0nVJvw8Hh6g6tTQ94_GtbibT0M2tGibgzMKCIgriJiGFe6eP88ANkjrMHnzYaHAcQAjsVjq4nVWzXhUs9ffdQOomiKRcYRukgZQWudcFTJxB0re9c3nFSsKQ-gYIO2yrkwWTx5cUHxJERprdcEyb5QCOaEJckQUdc-HA-jHe-brRcSOUG-03jpgfAqA7wmCgabzhgGiw==	日本語配列（JIS配列）@英語配列（US配列）@その他	「その他」と回答したかたは、以下にキー配列をご記入ください。			日本語配列（JIS配列）		1239053322
7		あなたが今使用しているキーボードのキー配列について教えてください。	日本語配列（JIS配列）##※一般的にはこちらが使用されています。	https://crowdsourcing-pctr.c.yimg.jp/BgIFgYJGVIVv8u0nVJvw8Hh6g6tTQ94_GtbibT0M2tGibgzMKCIgriJiGFe6eP88ANkjrMHnzYaHAcQAjsVjqwwZRw_FMzoPg2QRJwCNmnO0PtPdBKQhMBr-E9EVUN-BZLXnimzemwd-rirBNcfumAkLWAmAOAEQszshvWazv2hoE7ie47HZ2tVV9mt_goSmtIPkH2f2ooQ49DaBDWtGHQ==	英語配列（US配列）	https://crowdsourcing-pctr.c.yimg.jp/BgIFgYJGVIVv8u0nVJvw8Hh6g6tTQ94_GtbibT0M2tGibgzMKCIgriJiGFe6eP88ANkjrMHnzYaHAcQAjsVjq4nVWzXhUs9ffdQOomiKRcYRukgZQWudcFTJxB0re9c3nFSsKQ-gYIO2yrkwWTx5cUHxJERprdcEyb5QCOaEJckQUdc-HA-jHe-brRcSOUG-03jpgfAqA7wmCgabzhgGiw==	日本語配列（JIS配列）@英語配列（US配列）@その他	「その他」と回答したかたは、以下にキー配列をご記入ください。			日本語配列（JIS配列）		1239059504
7		あなたが今使用しているキーボードのキー配列について教えてください。	日本語配列（JIS配列）##※一般的にはこちらが使用されています。	https://crowdsourcing-pctr.c.yimg.jp/BgIFgYJGVIVv8u0nVJvw8Hh6g6tTQ94_GtbibT0M2tGibgzMKCIgriJiGFe6eP88ANkjrMHnzYaHAcQAjsVjqwwZRw_FMzoPg2QRJwCNmnO0PtPdBKQhMBr-E9EVUN-BZLXnimzemwd-rirBNcfumAkLWAmAOAEQszshvWazv2hoE7ie47HZ2tVV9mt_goSmtIPkH2f2ooQ49DaBDWtGHQ==	英語配列（US配列）	https://crowdsourcing-pctr.c.yimg.jp/BgIFgYJGVIVv8u0nVJvw8Hh6g6tTQ94_GtbibT0M2tGibgzMKCIgriJiGFe6eP88ANkjrMHnzYaHAcQAjsVjq4nVWzXhUs9ffdQOomiKRcYRukgZQWudcFTJxB0re9c3nFSsKQ-gYIO2yrkwWTx5cUHxJERprdcEyb5QCOaEJckQUdc-HA-jHe-brRcSOUG-03jpgfAqA7wmCgabzhgGiw==	日本語配列（JIS配列）@英語配列（US配列）@その他	「その他」と回答したかたは、以下にキー配列をご記入ください。			日本語配列（JIS配列）		1239223815
8		あなたは業務において、1日平均で約何通メールを送信しますか？（返信・転送を含む）	1通未満@1~9通@10~19通@20~29通@30~39通@40~49通@50~99通@100~500通@500通以上	1通未満	1225283058
8		あなたは業務において、1日平均で約何通メールを送信しますか？（返信・転送を含む）	1通未満@1~9通@10~19通@20~29通@30~39通@40~49通@50~99通@100~500通@500通以上	1通未満	1225481938
8		あなたは業務において、1日平均で約何通メールを送信しますか？（返信・転送を含む）	1通未満@1~9通@10~19通@20~29通@30~39通@40~49通@50~99通@100~500通@500通以上	1通未満	1225511524
8		あなたは業務において、1日平均で約何通メールを送信しますか？（返信・転送を含む）	1通未満@1~9通@10~19通@20~29通@30~39通@40~49通@50~99通@100~500通@500通以上	10~19通	1225532177
8		あなたは業務において、1日平均で約何通メールを送信しますか？（返信・転送を含む）	1通未満@1~9通@10~19通@20~29通@30~39通@40~49通@50~99通@100~500通@500通以上	1~9通	1225962608
8		あなたは業務において、1日平均で約何通メールを送信しますか？（返信・転送を含む）	1通未満@1~9通@10~19通@20~29通@30~39通@40~49通@50~99通@100~500通@500通以上	1~9通	1226281797
8		あなたは業務において、1日平均で約何通メールを送信しますか？（返信・転送を含む）	1通未満@1~9通@10~19通@20~29通@30~39通@40~49通@50~99通@100~500通@500通以上	1~9通	1227050337
8		あなたは業務において、1日平均で約何通メールを送信しますか？（返信・転送を含む）	1通未満@1~9通@10~19通@20~29通@30~39通@40~49通@50~99通@100~500通@500通以上	1通未満	1227219364
8		あなたは業務において、1日平均で約何通メールを送信しますか？（返信・転送を含む）	1通未満@1~9通@10~19通@20~29通@30~39通@40~49通@50~99通@100~500通@500通以上	1通未満	1228661809
8		あなたは業務において、1日平均で約何通メールを送信しますか？（返信・転送を含む）	1通未満@1~9通@10~19通@20~29通@30~39通@40~49通@50~99通@100~500通@500通以上	1~9通	1229261446
8		あなたは業務において、1日平均で約何通メールを送信しますか？（返信・転送を含む）	1通未満@1~9通@10~19通@20~29通@30~39通@40~49通@50~99通@100~500通@500通以上	10~19通	1229410825
8		あなたは業務において、1日平均で約何通メールを送信しますか？（返信・転送を含む）	1通未満@1~9通@10~19通@20~29通@30~39通@40~49通@50~99通@100~500通@500通以上	30~39通	1229482897
8		あなたは業務において、1日平均で約何通メールを送信しますか？（返信・転送を含む）	1通未満@1~9通@10~19通@20~29通@30~39通@40~49通@50~99通@100~500通@500通以上	1~9通	1230060134
8		あなたは業務において、1日平均で約何通メールを送信しますか？（返信・転送を含む）	1通未満@1~9通@10~19通@20~29通@30~39通@40~49通@50~99通@100~500通@500通以上	1通未満	1230517797
8		あなたは業務において、1日平均で約何通メールを送信しますか？（返信・転送を含む）	1通未満@1~9通@10~19通@20~29通@30~39通@40~49通@50~99通@100~500通@500通以上	1~9通	1230557481
8		あなたは業務において、1日平均で約何通メールを送信しますか？（返信・転送を含む）	1通未満@1~9通@10~19通@20~29通@30~39通@40~49通@50~99通@100~500通@500通以上	1~9通	1230631892
8		あなたは業務において、1日平均で約何通メールを送信しますか？（返信・転送を含む）	1通未満@1~9通@10~19通@20~29通@30~39通@40~49通@50~99通@100~500通@500通以上	1通未満	1230700326
8		あなたは業務において、1日平均で約何通メールを送信しますか？（返信・転送を含む）	1通未満@1~9通@10~19通@20~29通@30~39通@40~49通@50~99通@100~500通@500通以上	1~9通	1231067607
8		あなたは業務において、1日平均で約何通メールを送信しますか？（返信・転送を含む）	1通未満@1~9通@10~19通@20~29通@30~39通@40~49通@50~99通@100~500通@500通以上	1通未満	1231399086
8		あなたは業務において、1日平均で約何通メールを送信しますか？（返信・転送を含む）	1通未満@1~9通@10~19通@20~29通@30~39通@40~49通@50~99通@100~500通@500通以上	1~9通	1231517101
8		あなたは業務において、1日平均で約何通メールを送信しますか？（返信・転送を含む）	1通未満@1~9通@10~19通@20~29通@30~39通@40~49通@50~99通@100~500通@500通以上	1~9通	1231961437
8		あなたは業務において、1日平均で約何通メールを送信しますか？（返信・転送を含む）	1通未満@1~9通@10~19通@20~29通@30~39通@40~49通@50~99通@100~500通@500通以上	1~9通	1232018946
8		あなたは業務において、1日平均で約何通メールを送信しますか？（返信・転送を含む）	1通未満@1~9通@10~19通@20~29通@30~39通@40~49通@50~99通@100~500通@500通以上	1~9通	1232591233
8		あなたは業務において、1日平均で約何通メールを送信しますか？（返信・転送を含む）	1通未満@1~9通@10~19通@20~29通@30~39通@40~49通@50~99通@100~500通@500通以上	1~9通	1232628216
8		あなたは業務において、1日平均で約何通メールを送信しますか？（返信・転送を含む）	1通未満@1~9通@10~19通@20~29通@30~39通@40~49通@50~99通@100~500通@500通以上	1~9通	1233646321
8		あなたは業務において、1日平均で約何通メールを送信しますか？（返信・転送を含む）	1通未満@1~9通@10~19通@20~29通@30~39通@40~49通@50~99通@100~500通@500通以上	1通未満	1233721486
8		あなたは業務において、1日平均で約何通メールを送信しますか？（返信・転送を含む）	1通未満@1~9通@10~19通@20~29通@30~39通@40~49通@50~99通@100~500通@500通以上	1通未満	1234007169
8		あなたは業務において、1日平均で約何通メールを送信しますか？（返信・転送を含む）	1通未満@1~9通@10~19通@20~29通@30~39通@40~49通@50~99通@100~500通@500通以上	1~9通	1234200662
8		あなたは業務において、1日平均で約何通メールを送信しますか？（返信・転送を含む）	1通未満@1~9通@10~19通@20~29通@30~39通@40~49通@50~99通@100~500通@500通以上	1通未満	1235207588
8		あなたは業務において、1日平均で約何通メールを送信しますか？（返信・転送を含む）	1通未満@1~9通@10~19通@20~29通@30~39通@40~49通@50~99通@100~500通@500通以上	50~99通	1235302354
8		あなたは業務において、1日平均で約何通メールを送信しますか？（返信・転送を含む）	1通未満@1~9通@10~19通@20~29通@30~39通@40~49通@50~99通@100~500通@500通以上	30~39通	1235467494
8		あなたは業務において、1日平均で約何通メールを送信しますか？（返信・転送を含む）	1通未満@1~9通@10~19通@20~29通@30~39通@40~49通@50~99通@100~500通@500通以上	1~9通	1235636633
8		あなたは業務において、1日平均で約何通メールを送信しますか？（返信・転送を含む）	1通未満@1~9通@10~19通@20~29通@30~39通@40~49通@50~99通@100~500通@500通以上	1通未満	1236190654
8		あなたは業務において、1日平均で約何通メールを送信しますか？（返信・転送を含む）	1通未満@1~9通@10~19通@20~29通@30~39通@40~49通@50~99通@100~500通@500通以上	1通未満	1236443812
8		あなたは業務において、1日平均で約何通メールを送信しますか？（返信・転送を含む）	1通未満@1~9通@10~19通@20~29通@30~39通@40~49通@50~99通@100~500通@500通以上	1通未満	1236476325
8		あなたは業務において、1日平均で約何通メールを送信しますか？（返信・転送を含む）	1通未満@1~9通@10~19通@20~29通@30~39通@40~49通@50~99通@100~500通@500通以上	1~9通	1236534459
8		あなたは業務において、1日平均で約何通メールを送信しますか？（返信・転送を含む）	1通未満@1~9通@10~19通@20~29通@30~39通@40~49通@50~99通@100~500通@500通以上	1~9通	1236907813
8		あなたは業務において、1日平均で約何通メールを送信しますか？（返信・転送を含む）	1通未満@1~9通@10~19通@20~29通@30~39通@40~49通@50~99通@100~500通@500通以上	1~9通	1236921183
8		あなたは業務において、1日平均で約何通メールを送信しますか？（返信・転送を含む）	1通未満@1~9通@10~19通@20~29通@30~39通@40~49通@50~99通@100~500通@500通以上	1~9通	1237123252
8		あなたは業務において、1日平均で約何通メールを送信しますか？（返信・転送を含む）	1通未満@1~9通@10~19通@20~29通@30~39通@40~49通@50~99通@100~500通@500通以上	1~9通	1237404117
8		あなたは業務において、1日平均で約何通メールを送信しますか？（返信・転送を含む）	1通未満@1~9通@10~19通@20~29通@30~39通@40~49通@50~99通@100~500通@500通以上	1~9通	1237420878
8		あなたは業務において、1日平均で約何通メールを送信しますか？（返信・転送を含む）	1通未満@1~9通@10~19通@20~29通@30~39通@40~49通@50~99通@100~500通@500通以上	1通未満	1237631594
8		あなたは業務において、1日平均で約何通メールを送信しますか？（返信・転送を含む）	1通未満@1~9通@10~19通@20~29通@30~39通@40~49通@50~99通@100~500通@500通以上	1通未満	1237907943
8		あなたは業務において、1日平均で約何通メールを送信しますか？（返信・転送を含む）	1通未満@1~9通@10~19通@20~29通@30~39通@40~49通@50~99通@100~500通@500通以上	1通未満	1238106634
8		あなたは業務において、1日平均で約何通メールを送信しますか？（返信・転送を含む）	1通未満@1~9通@10~19通@20~29通@30~39通@40~49通@50~99通@100~500通@500通以上	1~9通	1238166748
8		あなたは業務において、1日平均で約何通メールを送信しますか？（返信・転送を含む）	1通未満@1~9通@10~19通@20~29通@30~39通@40~49通@50~99通@100~500通@500通以上	1通未満	1238704302
8		あなたは業務において、1日平均で約何通メールを送信しますか？（返信・転送を含む）	1通未満@1~9通@10~19通@20~29通@30~39通@40~49通@50~99通@100~500通@500通以上	1~9通	1239002407
8		あなたは業務において、1日平均で約何通メールを送信しますか？（返信・転送を含む）	1通未満@1~9通@10~19通@20~29通@30~39通@40~49通@50~99通@100~500通@500通以上	10~19通	1239053322
8		あなたは業務において、1日平均で約何通メールを送信しますか？（返信・転送を含む）	1通未満@1~9通@10~19通@20~29通@30~39通@40~49通@50~99通@100~500通@500通以上	1~9通	1239059504
8		あなたは業務において、1日平均で約何通メールを送信しますか？（返信・転送を含む）	1通未満@1~9通@10~19通@20~29通@30~39通@40~49通@50~99通@100~500通@500通以上	1~9通	1239223815
9		あなたは業務において、どのような内容のメールを送信しますか？簡単に教えてください。 ##（複数ある場合は、すべて教えてください。）				特に決まっていません	1225283058
9		あなたは業務において、どのような内容のメールを送信しますか？簡単に教えてください。 ##（複数ある場合は、すべて教えてください。）				連絡事項や交渉内容などの確認	1225481938
9		あなたは業務において、どのような内容のメールを送信しますか？簡単に教えてください。 ##（複数ある場合は、すべて教えてください。）				休暇連絡	1225511524
9		あなたは業務において、どのような内容のメールを送信しますか？簡単に教えてください。 ##（複数ある場合は、すべて教えてください。）				見積もり依頼	1225532177
9		あなたは業務において、どのような内容のメールを送信しますか？簡単に教えてください。 ##（複数ある場合は、すべて教えてください。）				業務連絡	1225962608
9		あなたは業務において、どのような内容のメールを送信しますか？簡単に教えてください。 ##（複数ある場合は、すべて教えてください。）				お客さんとの情報共有##プロジェクトの概要・詳細##契約内容	1226281797
9		あなたは業務において、どのような内容のメールを送信しますか？簡単に教えてください。 ##（複数ある場合は、すべて教えてください。）				書類の受け渡し	1227050337
9		あなたは業務において、どのような内容のメールを送信しますか？簡単に教えてください。 ##（複数ある場合は、すべて教えてください。）				プレゼントの応募	1227219364
9		あなたは業務において、どのような内容のメールを送信しますか？簡単に教えてください。 ##（複数ある場合は、すべて教えてください。）					1228661809
9		あなたは業務において、どのような内容のメールを送信しますか？簡単に教えてください。 ##（複数ある場合は、すべて教えてください。）				商品の情報	1229261446
9		あなたは業務において、どのような内容のメールを送信しますか？簡単に教えてください。 ##（複数ある場合は、すべて教えてください。）				部下からの返答の確認事項や、上司の質問校の回答に使っています##	1229410825
9		あなたは業務において、どのような内容のメールを送信しますか？簡単に教えてください。 ##（複数ある場合は、すべて教えてください。）				簡単に	1229482897
9		あなたは業務において、どのような内容のメールを送信しますか？簡単に教えてください。 ##（複数ある場合は、すべて教えてください。）				様々な内容の依頼や相談について	1230060134
9		あなたは業務において、どのような内容のメールを送信しますか？簡単に教えてください。 ##（複数ある場合は、すべて教えてください。）				仕事のに対する質問	1230517797
9		あなたは業務において、どのような内容のメールを送信しますか？簡単に教えてください。 ##（複数ある場合は、すべて教えてください。）				勤怠管理	1230557481
9		あなたは業務において、どのような内容のメールを送信しますか？簡単に教えてください。 ##（複数ある場合は、すべて教えてください。）				業務連絡	1230631892
9		あなたは業務において、どのような内容のメールを送信しますか？簡単に教えてください。 ##（複数ある場合は、すべて教えてください。）				LINEが多いが電話で伝えるほどではないちょっとした伝言。	1230700326
9		あなたは業務において、どのような内容のメールを送信しますか？簡単に教えてください。 ##（複数ある場合は、すべて教えてください。）				仕事の連絡等	1231067607
9		あなたは業務において、どのような内容のメールを送信しますか？簡単に教えてください。 ##（複数ある場合は、すべて教えてください。）				学校関係	1231399086
9		あなたは業務において、どのような内容のメールを送信しますか？簡単に教えてください。 ##（複数ある場合は、すべて教えてください。）				アポ等の確認	1231517101
9		あなたは業務において、どのような内容のメールを送信しますか？簡単に教えてください。 ##（複数ある場合は、すべて教えてください。）				依頼	1231961437
9		あなたは業務において、どのような内容のメールを送信しますか？簡単に教えてください。 ##（複数ある場合は、すべて教えてください。）				日報を毎日作成し、メールに添付して送信。	1232018946
9		あなたは業務において、どのような内容のメールを送信しますか？簡単に教えてください。 ##（複数ある場合は、すべて教えてください。）				問い合わせに対する返答。##現場から上がってくる資料を受け取って、疑問点がある場合、その疑問点をメールにて問い合わせ。	1232591233
9		あなたは業務において、どのような内容のメールを送信しますか？簡単に教えてください。 ##（複数ある場合は、すべて教えてください。）				顧客からの質問への回答、販売サイトとの連絡など	1232628216
9		あなたは業務において、どのような内容のメールを送信しますか？簡単に教えてください。 ##（複数ある場合は、すべて教えてください。）				仕事に必要なデータを送る	1233646321
9		あなたは業務において、どのような内容のメールを送信しますか？簡単に教えてください。 ##（複数ある場合は、すべて教えてください。）				出退勤のメール	1233721486
9		あなたは業務において、どのような内容のメールを送信しますか？簡単に教えてください。 ##（複数ある場合は、すべて教えてください。）				社内の連絡	1234007169
9		あなたは業務において、どのような内容のメールを送信しますか？簡単に教えてください。 ##（複数ある場合は、すべて教えてください。）				業務内容	1234200662
9		あなたは業務において、どのような内容のメールを送信しますか？簡単に教えてください。 ##（複数ある場合は、すべて教えてください。）				特に使っていない	1235207588
9		あなたは業務において、どのような内容のメールを送信しますか？簡単に教えてください。 ##（複数ある場合は、すべて教えてください。）				業務指示、問合せ回答、問合せ	1235302354
9		あなたは業務において、どのような内容のメールを送信しますか？簡単に教えてください。 ##（複数ある場合は、すべて教えてください。）				イベント案内メール、発注確認メール、受注確認メール、発送通知メール、受領メール	1235467494
9		あなたは業務において、どのような内容のメールを送信しますか？簡単に教えてください。 ##（複数ある場合は、すべて教えてください。）				仕事の打ち合わせや内容、納期など	1235636633
9		あなたは業務において、どのような内容のメールを送信しますか？簡単に教えてください。 ##（複数ある場合は、すべて教えてください。）				質問	1236190654
9		あなたは業務において、どのような内容のメールを送信しますか？簡単に教えてください。 ##（複数ある場合は、すべて教えてください。）				仕事における連絡事項	1236443812
9		あなたは業務において、どのような内容のメールを送信しますか？簡単に教えてください。 ##（複数ある場合は、すべて教えてください。）				注文状況　##発注業務	1236476325
9		あなたは業務において、どのような内容のメールを送信しますか？簡単に教えてください。 ##（複数ある場合は、すべて教えてください。）				日程調整##問い合わせへの回答	1236534459
9		あなたは業務において、どのような内容のメールを送信しますか？簡単に教えてください。 ##（複数ある場合は、すべて教えてください。）				他機関との業務連絡	1236907813
9		あなたは業務において、どのような内容のメールを送信しますか？簡単に教えてください。 ##（複数ある場合は、すべて教えてください。）				連絡事項のやり取り	1236921183
9		あなたは業務において、どのような内容のメールを送信しますか？簡単に教えてください。 ##（複数ある場合は、すべて教えてください。）				報告	1237123252
9		あなたは業務において、どのような内容のメールを送信しますか？簡単に教えてください。 ##（複数ある場合は、すべて教えてください。）				報連相	1237404117
9		あなたは業務において、どのような内容のメールを送信しますか？簡単に教えてください。 ##（複数ある場合は、すべて教えてください。）				作業状況の確認	1237420878
9		あなたは業務において、どのような内容のメールを送信しますか？簡単に教えてください。 ##（複数ある場合は、すべて教えてください。）				業務連絡	1237631594
9		あなたは業務において、どのような内容のメールを送信しますか？簡単に教えてください。 ##（複数ある場合は、すべて教えてください。）				登録用空メール送信や登録用のもの	1237907943
9		あなたは業務において、どのような内容のメールを送信しますか？簡単に教えてください。 ##（複数ある場合は、すべて教えてください。）				請求関連	1238106634
9		あなたは業務において、どのような内容のメールを送信しますか？簡単に教えてください。 ##（複数ある場合は、すべて教えてください。）				業務報告	1238166748
9		あなたは業務において、どのような内容のメールを送信しますか？簡単に教えてください。 ##（複数ある場合は、すべて教えてください。）					1238704302
9		あなたは業務において、どのような内容のメールを送信しますか？簡単に教えてください。 ##（複数ある場合は、すべて教えてください。）				教育に関係する編集業務で原稿を作る方と連絡する。　クライアントとの方とのメール	1239002407
9		あなたは業務において、どのような内容のメールを送信しますか？簡単に教えてください。 ##（複数ある場合は、すべて教えてください。）				仕事に関すること	1239053322
9		あなたは業務において、どのような内容のメールを送信しますか？簡単に教えてください。 ##（複数ある場合は、すべて教えてください。）				社内での情報共有、またはお取引先様との共有	1239059504
9		あなたは業務において、どのような内容のメールを送信しますか？簡単に教えてください。 ##（複数ある場合は、すべて教えてください。）				支店や取引先（下請を含む）との連絡事項、依頼事項の伝達。	1239223815
10	221957	実験用Webサイトにアクセスして、メールアドレスを入力してください。 ##実験用Webサイトで最後に表示される「合言葉」と「被験者ID」は必ずメモしてください。			【実験用Webサイト】	https://doppel-domain.pages.dev/practice/ready	実験用Webサイトで最後に表示された「合言葉」を入力してください。（「被験者ID」は次の設問で入力します。）		221957	1225283058
10	221957	実験用Webサイトにアクセスして、メールアドレスを入力してください。 ##実験用Webサイトで最後に表示される「合言葉」と「被験者ID」は必ずメモしてください。			【実験用Webサイト】	https://doppel-domain.pages.dev/practice/ready	実験用Webサイトで最後に表示された「合言葉」を入力してください。（「被験者ID」は次の設問で入力します。）		221957	1225481938
10	221957	実験用Webサイトにアクセスして、メールアドレスを入力してください。 ##実験用Webサイトで最後に表示される「合言葉」と「被験者ID」は必ずメモしてください。			【実験用Webサイト】	https://doppel-domain.pages.dev/practice/ready	実験用Webサイトで最後に表示された「合言葉」を入力してください。（「被験者ID」は次の設問で入力します。）		221957	1225511524
10	221957	実験用Webサイトにアクセスして、メールアドレスを入力してください。 ##実験用Webサイトで最後に表示される「合言葉」と「被験者ID」は必ずメモしてください。			【実験用Webサイト】	https://doppel-domain.pages.dev/practice/ready	実験用Webサイトで最後に表示された「合言葉」を入力してください。（「被験者ID」は次の設問で入力します。）		221957	1225532177
10	221957	実験用Webサイトにアクセスして、メールアドレスを入力してください。 ##実験用Webサイトで最後に表示される「合言葉」と「被験者ID」は必ずメモしてください。			【実験用Webサイト】	https://doppel-domain.pages.dev/practice/ready	実験用Webサイトで最後に表示された「合言葉」を入力してください。（「被験者ID」は次の設問で入力します。）		221957	1225962608
10	221957	実験用Webサイトにアクセスして、メールアドレスを入力してください。 ##実験用Webサイトで最後に表示される「合言葉」と「被験者ID」は必ずメモしてください。			【実験用Webサイト】	https://doppel-domain.pages.dev/practice/ready	実験用Webサイトで最後に表示された「合言葉」を入力してください。（「被験者ID」は次の設問で入力します。）		221957	1226281797
10	221957	実験用Webサイトにアクセスして、メールアドレスを入力してください。 ##実験用Webサイトで最後に表示される「合言葉」と「被験者ID」は必ずメモしてください。			【実験用Webサイト】	https://doppel-domain.pages.dev/practice/ready	実験用Webサイトで最後に表示された「合言葉」を入力してください。（「被験者ID」は次の設問で入力します。）		221957	1227050337
10	221957	実験用Webサイトにアクセスして、メールアドレスを入力してください。 ##実験用Webサイトで最後に表示される「合言葉」と「被験者ID」は必ずメモしてください。			【実験用Webサイト】	https://doppel-domain.pages.dev/practice/ready	実験用Webサイトで最後に表示された「合言葉」を入力してください。（「被験者ID」は次の設問で入力します。）		221957	1227219364
10	221957	実験用Webサイトにアクセスして、メールアドレスを入力してください。 ##実験用Webサイトで最後に表示される「合言葉」と「被験者ID」は必ずメモしてください。			【実験用Webサイト】	https://doppel-domain.pages.dev/practice/ready	実験用Webサイトで最後に表示された「合言葉」を入力してください。（「被験者ID」は次の設問で入力します。）		221957	1228661809
10	221957	実験用Webサイトにアクセスして、メールアドレスを入力してください。 ##実験用Webサイトで最後に表示される「合言葉」と「被験者ID」は必ずメモしてください。			【実験用Webサイト】	https://doppel-domain.pages.dev/practice/ready	実験用Webサイトで最後に表示された「合言葉」を入力してください。（「被験者ID」は次の設問で入力します。）		221957	1229261446
10	221957	実験用Webサイトにアクセスして、メールアドレスを入力してください。 ##実験用Webサイトで最後に表示される「合言葉」と「被験者ID」は必ずメモしてください。			【実験用Webサイト】	https://doppel-domain.pages.dev/practice/ready	実験用Webサイトで最後に表示された「合言葉」を入力してください。（「被験者ID」は次の設問で入力します。）		221957	1229410825
10	221957	実験用Webサイトにアクセスして、メールアドレスを入力してください。 ##実験用Webサイトで最後に表示される「合言葉」と「被験者ID」は必ずメモしてください。			【実験用Webサイト】	https://doppel-domain.pages.dev/practice/ready	実験用Webサイトで最後に表示された「合言葉」を入力してください。（「被験者ID」は次の設問で入力します。）		221957	1229482897
10	221957	実験用Webサイトにアクセスして、メールアドレスを入力してください。 ##実験用Webサイトで最後に表示される「合言葉」と「被験者ID」は必ずメモしてください。			【実験用Webサイト】	https://doppel-domain.pages.dev/practice/ready	実験用Webサイトで最後に表示された「合言葉」を入力してください。（「被験者ID」は次の設問で入力します。）		221957	1230060134
10	221957	実験用Webサイトにアクセスして、メールアドレスを入力してください。 ##実験用Webサイトで最後に表示される「合言葉」と「被験者ID」は必ずメモしてください。			【実験用Webサイト】	https://doppel-domain.pages.dev/practice/ready	実験用Webサイトで最後に表示された「合言葉」を入力してください。（「被験者ID」は次の設問で入力します。）		221957	1230517797
10	221957	実験用Webサイトにアクセスして、メールアドレスを入力してください。 ##実験用Webサイトで最後に表示される「合言葉」と「被験者ID」は必ずメモしてください。			【実験用Webサイト】	https://doppel-domain.pages.dev/practice/ready	実験用Webサイトで最後に表示された「合言葉」を入力してください。（「被験者ID」は次の設問で入力します。）		221957	1230557481
10	221957	実験用Webサイトにアクセスして、メールアドレスを入力してください。 ##実験用Webサイトで最後に表示される「合言葉」と「被験者ID」は必ずメモしてください。			【実験用Webサイト】	https://doppel-domain.pages.dev/practice/ready	実験用Webサイトで最後に表示された「合言葉」を入力してください。（「被験者ID」は次の設問で入力します。）		221957	1230631892
10	221957	実験用Webサイトにアクセスして、メールアドレスを入力してください。 ##実験用Webサイトで最後に表示される「合言葉」と「被験者ID」は必ずメモしてください。			【実験用Webサイト】	https://doppel-domain.pages.dev/practice/ready	実験用Webサイトで最後に表示された「合言葉」を入力してください。（「被験者ID」は次の設問で入力します。）		221957	1230700326
10	221957	実験用Webサイトにアクセスして、メールアドレスを入力してください。 ##実験用Webサイトで最後に表示される「合言葉」と「被験者ID」は必ずメモしてください。			【実験用Webサイト】	https://doppel-domain.pages.dev/practice/ready	実験用Webサイトで最後に表示された「合言葉」を入力してください。（「被験者ID」は次の設問で入力します。）		221957	1231067607
10	221957	実験用Webサイトにアクセスして、メールアドレスを入力してください。 ##実験用Webサイトで最後に表示される「合言葉」と「被験者ID」は必ずメモしてください。			【実験用Webサイト】	https://doppel-domain.pages.dev/practice/ready	実験用Webサイトで最後に表示された「合言葉」を入力してください。（「被験者ID」は次の設問で入力します。）		221957##	1231399086
10	221957	実験用Webサイトにアクセスして、メールアドレスを入力してください。 ##実験用Webサイトで最後に表示される「合言葉」と「被験者ID」は必ずメモしてください。			【実験用Webサイト】	https://doppel-domain.pages.dev/practice/ready	実験用Webサイトで最後に表示された「合言葉」を入力してください。（「被験者ID」は次の設問で入力します。）		221957	1231517101
10	221957	実験用Webサイトにアクセスして、メールアドレスを入力してください。 ##実験用Webサイトで最後に表示される「合言葉」と「被験者ID」は必ずメモしてください。			【実験用Webサイト】	https://doppel-domain.pages.dev/practice/ready	実験用Webサイトで最後に表示された「合言葉」を入力してください。（「被験者ID」は次の設問で入力します。）		221957	1231961437
10	221957	実験用Webサイトにアクセスして、メールアドレスを入力してください。 ##実験用Webサイトで最後に表示される「合言葉」と「被験者ID」は必ずメモしてください。			【実験用Webサイト】	https://doppel-domain.pages.dev/practice/ready	実験用Webサイトで最後に表示された「合言葉」を入力してください。（「被験者ID」は次の設問で入力します。）		221957	1232018946
10	221957	実験用Webサイトにアクセスして、メールアドレスを入力してください。 ##実験用Webサイトで最後に表示される「合言葉」と「被験者ID」は必ずメモしてください。			【実験用Webサイト】	https://doppel-domain.pages.dev/practice/ready	実験用Webサイトで最後に表示された「合言葉」を入力してください。（「被験者ID」は次の設問で入力します。）		221957	1232591233
10	221957	実験用Webサイトにアクセスして、メールアドレスを入力してください。 ##実験用Webサイトで最後に表示される「合言葉」と「被験者ID」は必ずメモしてください。			【実験用Webサイト】	https://doppel-domain.pages.dev/practice/ready	実験用Webサイトで最後に表示された「合言葉」を入力してください。（「被験者ID」は次の設問で入力します。）		221957	1232628216
10	221957	実験用Webサイトにアクセスして、メールアドレスを入力してください。 ##実験用Webサイトで最後に表示される「合言葉」と「被験者ID」は必ずメモしてください。			【実験用Webサイト】	https://doppel-domain.pages.dev/practice/ready	実験用Webサイトで最後に表示された「合言葉」を入力してください。（「被験者ID」は次の設問で入力します。）		221957	1233646321
10	221957	実験用Webサイトにアクセスして、メールアドレスを入力してください。 ##実験用Webサイトで最後に表示される「合言葉」と「被験者ID」は必ずメモしてください。			【実験用Webサイト】	https://doppel-domain.pages.dev/practice/ready	実験用Webサイトで最後に表示された「合言葉」を入力してください。（「被験者ID」は次の設問で入力します。）		221957	1233721486
10	221957	実験用Webサイトにアクセスして、メールアドレスを入力してください。 ##実験用Webサイトで最後に表示される「合言葉」と「被験者ID」は必ずメモしてください。			【実験用Webサイト】	https://doppel-domain.pages.dev/practice/ready	実験用Webサイトで最後に表示された「合言葉」を入力してください。（「被験者ID」は次の設問で入力します。）		221957	1234007169
10	221957	実験用Webサイトにアクセスして、メールアドレスを入力してください。 ##実験用Webサイトで最後に表示される「合言葉」と「被験者ID」は必ずメモしてください。			【実験用Webサイト】	https://doppel-domain.pages.dev/practice/ready	実験用Webサイトで最後に表示された「合言葉」を入力してください。（「被験者ID」は次の設問で入力します。）		221957	1234200662
10	221957	実験用Webサイトにアクセスして、メールアドレスを入力してください。 ##実験用Webサイトで最後に表示される「合言葉」と「被験者ID」は必ずメモしてください。			【実験用Webサイト】	https://doppel-domain.pages.dev/practice/ready	実験用Webサイトで最後に表示された「合言葉」を入力してください。（「被験者ID」は次の設問で入力します。）		221957	1235207588
10	221957	実験用Webサイトにアクセスして、メールアドレスを入力してください。 ##実験用Webサイトで最後に表示される「合言葉」と「被験者ID」は必ずメモしてください。			【実験用Webサイト】	https://doppel-domain.pages.dev/practice/ready	実験用Webサイトで最後に表示された「合言葉」を入力してください。（「被験者ID」は次の設問で入力します。）		221957	1235302354
10	221957	実験用Webサイトにアクセスして、メールアドレスを入力してください。 ##実験用Webサイトで最後に表示される「合言葉」と「被験者ID」は必ずメモしてください。			【実験用Webサイト】	https://doppel-domain.pages.dev/practice/ready	実験用Webサイトで最後に表示された「合言葉」を入力してください。（「被験者ID」は次の設問で入力します。）		221957	1235467494
10	221957	実験用Webサイトにアクセスして、メールアドレスを入力してください。 ##実験用Webサイトで最後に表示される「合言葉」と「被験者ID」は必ずメモしてください。			【実験用Webサイト】	https://doppel-domain.pages.dev/practice/ready	実験用Webサイトで最後に表示された「合言葉」を入力してください。（「被験者ID」は次の設問で入力します。）		221957	1235636633
10	221957	実験用Webサイトにアクセスして、メールアドレスを入力してください。 ##実験用Webサイトで最後に表示される「合言葉」と「被験者ID」は必ずメモしてください。			【実験用Webサイト】	https://doppel-domain.pages.dev/practice/ready	実験用Webサイトで最後に表示された「合言葉」を入力してください。（「被験者ID」は次の設問で入力します。）		221957	1236190654
10	221957	実験用Webサイトにアクセスして、メールアドレスを入力してください。 ##実験用Webサイトで最後に表示される「合言葉」と「被験者ID」は必ずメモしてください。			【実験用Webサイト】	https://doppel-domain.pages.dev/practice/ready	実験用Webサイトで最後に表示された「合言葉」を入力してください。（「被験者ID」は次の設問で入力します。）		221957	1236443812
10	221957	実験用Webサイトにアクセスして、メールアドレスを入力してください。 ##実験用Webサイトで最後に表示される「合言葉」と「被験者ID」は必ずメモしてください。			【実験用Webサイト】	https://doppel-domain.pages.dev/practice/ready	実験用Webサイトで最後に表示された「合言葉」を入力してください。（「被験者ID」は次の設問で入力します。）		221957	1236476325
10	221957	実験用Webサイトにアクセスして、メールアドレスを入力してください。 ##実験用Webサイトで最後に表示される「合言葉」と「被験者ID」は必ずメモしてください。			【実験用Webサイト】	https://doppel-domain.pages.dev/practice/ready	実験用Webサイトで最後に表示された「合言葉」を入力してください。（「被験者ID」は次の設問で入力します。）		221957##	1236534459
10	221957	実験用Webサイトにアクセスして、メールアドレスを入力してください。 ##実験用Webサイトで最後に表示される「合言葉」と「被験者ID」は必ずメモしてください。			【実験用Webサイト】	https://doppel-domain.pages.dev/practice/ready	実験用Webサイトで最後に表示された「合言葉」を入力してください。（「被験者ID」は次の設問で入力します。）		221957	1236907813
10	221957	実験用Webサイトにアクセスして、メールアドレスを入力してください。 ##実験用Webサイトで最後に表示される「合言葉」と「被験者ID」は必ずメモしてください。			【実験用Webサイト】	https://doppel-domain.pages.dev/practice/ready	実験用Webサイトで最後に表示された「合言葉」を入力してください。（「被験者ID」は次の設問で入力します。）		221957	1236921183
10	221957	実験用Webサイトにアクセスして、メールアドレスを入力してください。 ##実験用Webサイトで最後に表示される「合言葉」と「被験者ID」は必ずメモしてください。			【実験用Webサイト】	https://doppel-domain.pages.dev/practice/ready	実験用Webサイトで最後に表示された「合言葉」を入力してください。（「被験者ID」は次の設問で入力します。）		221957	1237123252
10	221957	実験用Webサイトにアクセスして、メールアドレスを入力してください。 ##実験用Webサイトで最後に表示される「合言葉」と「被験者ID」は必ずメモしてください。			【実験用Webサイト】	https://doppel-domain.pages.dev/practice/ready	実験用Webサイトで最後に表示された「合言葉」を入力してください。（「被験者ID」は次の設問で入力します。）		221957	1237404117
10	221957	実験用Webサイトにアクセスして、メールアドレスを入力してください。 ##実験用Webサイトで最後に表示される「合言葉」と「被験者ID」は必ずメモしてください。			【実験用Webサイト】	https://doppel-domain.pages.dev/practice/ready	実験用Webサイトで最後に表示された「合言葉」を入力してください。（「被験者ID」は次の設問で入力します。）		221957	1237420878
10	221957	実験用Webサイトにアクセスして、メールアドレスを入力してください。 ##実験用Webサイトで最後に表示される「合言葉」と「被験者ID」は必ずメモしてください。			【実験用Webサイト】	https://doppel-domain.pages.dev/practice/ready	実験用Webサイトで最後に表示された「合言葉」を入力してください。（「被験者ID」は次の設問で入力します。）		221957	1237631594
10	221957	実験用Webサイトにアクセスして、メールアドレスを入力してください。 ##実験用Webサイトで最後に表示される「合言葉」と「被験者ID」は必ずメモしてください。			【実験用Webサイト】	https://doppel-domain.pages.dev/practice/ready	実験用Webサイトで最後に表示された「合言葉」を入力してください。（「被験者ID」は次の設問で入力します。）		221957	1237907943
10	221957	実験用Webサイトにアクセスして、メールアドレスを入力してください。 ##実験用Webサイトで最後に表示される「合言葉」と「被験者ID」は必ずメモしてください。			【実験用Webサイト】	https://doppel-domain.pages.dev/practice/ready	実験用Webサイトで最後に表示された「合言葉」を入力してください。（「被験者ID」は次の設問で入力します。）		221957	1238106634
10	221957	実験用Webサイトにアクセスして、メールアドレスを入力してください。 ##実験用Webサイトで最後に表示される「合言葉」と「被験者ID」は必ずメモしてください。			【実験用Webサイト】	https://doppel-domain.pages.dev/practice/ready	実験用Webサイトで最後に表示された「合言葉」を入力してください。（「被験者ID」は次の設問で入力します。）		221957	1238166748
10	221957	実験用Webサイトにアクセスして、メールアドレスを入力してください。 ##実験用Webサイトで最後に表示される「合言葉」と「被験者ID」は必ずメモしてください。			【実験用Webサイト】	https://doppel-domain.pages.dev/practice/ready	実験用Webサイトで最後に表示された「合言葉」を入力してください。（「被験者ID」は次の設問で入力します。）		221957	1238704302
10	221957	実験用Webサイトにアクセスして、メールアドレスを入力してください。 ##実験用Webサイトで最後に表示される「合言葉」と「被験者ID」は必ずメモしてください。			【実験用Webサイト】	https://doppel-domain.pages.dev/practice/ready	実験用Webサイトで最後に表示された「合言葉」を入力してください。（「被験者ID」は次の設問で入力します。）		221957	1239002407
10	221957	実験用Webサイトにアクセスして、メールアドレスを入力してください。 ##実験用Webサイトで最後に表示される「合言葉」と「被験者ID」は必ずメモしてください。			【実験用Webサイト】	https://doppel-domain.pages.dev/practice/ready	実験用Webサイトで最後に表示された「合言葉」を入力してください。（「被験者ID」は次の設問で入力します。）		221957	1239053322
10	221957	実験用Webサイトにアクセスして、メールアドレスを入力してください。 ##実験用Webサイトで最後に表示される「合言葉」と「被験者ID」は必ずメモしてください。			【実験用Webサイト】	https://doppel-domain.pages.dev/practice/ready	実験用Webサイトで最後に表示された「合言葉」を入力してください。（「被験者ID」は次の設問で入力します。）		221957	1239059504
10	221957	実験用Webサイトにアクセスして、メールアドレスを入力してください。 ##実験用Webサイトで最後に表示される「合言葉」と「被験者ID」は必ずメモしてください。			【実験用Webサイト】	https://doppel-domain.pages.dev/practice/ready	実験用Webサイトで最後に表示された「合言葉」を入力してください。（「被験者ID」は次の設問で入力します。）		221957	1239223815
11		実験用Webサイトで最後に表示された「被験者ID」を入力してください。				dp4hHwPg	1225283058
11		実験用Webサイトで最後に表示された「被験者ID」を入力してください。				wJfmNJVt	1225481938
11		実験用Webサイトで最後に表示された「被験者ID」を入力してください。				6zg4pxhy	1225511524
11		実験用Webサイトで最後に表示された「被験者ID」を入力してください。				2TYrh5PI	1225532177
11		実験用Webサイトで最後に表示された「被験者ID」を入力してください。				dp44HwPg	1225962608
11		実験用Webサイトで最後に表示された「被験者ID」を入力してください。				dp44cwPg	1226281797
11		実験用Webサイトで最後に表示された「被験者ID」を入力してください。				Km5z7Qhe	1227050337
11		実験用Webサイトで最後に表示された「被験者ID」を入力してください。				MBnQEyn8	1227219364
11		実験用Webサイトで最後に表示された「被験者ID」を入力してください。				0FTLVt07	1228661809
11		実験用Webサイトで最後に表示された「被験者ID」を入力してください。				OKJbXLdf	1229261446
11		実験用Webサイトで最後に表示された「被験者ID」を入力してください。				UCLJCW93	1229410825
11		実験用Webサイトで最後に表示された「被験者ID」を入力してください。				xVouLCyM	1229482897
11		実験用Webサイトで最後に表示された「被験者ID」を入力してください。				3fWrXpP1	1230060134
11		実験用Webサイトで最後に表示された「被験者ID」を入力してください。				SeIJhsMx	1230517797
11		実験用Webサイトで最後に表示された「被験者ID」を入力してください。				1U7qtLsE	1230557481
11		実験用Webサイトで最後に表示された「被験者ID」を入力してください。				pIkbXl3J	1230631892
11		実験用Webサイトで最後に表示された「被験者ID」を入力してください。				LSpwqH1j	1230700326
11		実験用Webサイトで最後に表示された「被験者ID」を入力してください。				7Ld2LD25	1231067607
11		実験用Webサイトで最後に表示された「被験者ID」を入力してください。				pIkWTl3J	1231399086
11		実験用Webサイトで最後に表示された「被験者ID」を入力してください。				mHxKR3L3	1231517101
11		実験用Webサイトで最後に表示された「被験者ID」を入力してください。				iZD4cf7l	1231961437
11		実験用Webサイトで最後に表示された「被験者ID」を入力してください。				SeIcysMx	1232018946
11		実験用Webサイトで最後に表示された「被験者ID」を入力してください。				7LdxED25	1232591233
11		実験用Webサイトで最後に表示された「被験者ID」を入力してください。				gcHVHJEq	1232628216
11		実験用Webサイトで最後に表示された「被験者ID」を入力してください。				gcHBaJEq	1233646321
11		実験用Webサイトで最後に表示された「被験者ID」を入力してください。				9tFU0qHA	1233721486
11		実験用Webサイトで最後に表示された「被験者ID」を入力してください。				wJfEKJVt	1234007169
11		実験用Webサイトで最後に表示された「被験者ID」を入力してください。				FyG3EX2u	1234200662
11		実験用Webサイトで最後に表示された「被験者ID」を入力してください。				9tF4oqHA	1235207588
11		実験用Webサイトで最後に表示された「被験者ID」を入力してください。				W90Qyr1u	1235302354
11		実験用Webサイトで最後に表示された「被験者ID」を入力してください。				3fWWspP1	1235467494
11		実験用Webサイトで最後に表示された「被験者ID」を入力してください。				qw3Rs14c	1235636633
11		実験用Webサイトで最後に表示された「被験者ID」を入力してください。				FyGY0X2u	1236190654
11		実験用Webサイトで最後に表示された「被験者ID」を入力してください。				njqpIfLs	1236443812
11		実験用Webサイトで最後に表示された「被験者ID」を入力してください。				1U7qALsE	1236476325
11		実験用Webサイトで最後に表示された「被験者ID」を入力してください。				J5aUVELP	1236534459
11		実験用Webサイトで最後に表示された「被験者ID」を入力してください。				eN6MGl3G	1236907813
11		実験用Webサイトで最後に表示された「被験者ID」を入力してください。				TG1YknNU	1236921183
11		実験用Webサイトで最後に表示された「被験者ID」を入力してください。				aQtrJN7y	1237123252
11		実験用Webサイトで最後に表示された「被験者ID」を入力してください。				aQtApN7y	1237404117
11		実験用Webサイトで最後に表示された「被験者ID」を入力してください。				8DRWw0Ym	1237420878
11		実験用Webサイトで最後に表示された「被験者ID」を入力してください。				kvK8VTER	1237631594
11		実験用Webサイトで最後に表示された「被験者ID」を入力してください。				HuVLutNr	1237907943
11		実験用Webサイトで最後に表示された「被験者ID」を入力してください。				oXlBqr7q	1238106634
11		実験用Webサイトで最後に表示された「被験者ID」を入力してください。				hdBsov2r	1238166748
11		実験用Webサイトで最後に表示された「被験者ID」を入力してください。				Als6N16v	1238704302
11		実験用Webサイトで最後に表示された「被験者ID」を入力してください。				E7hk5xkH	1239002407
11		実験用Webサイトで最後に表示された「被験者ID」を入力してください。				5xQQ7Zjz	1239053322
11		実験用Webサイトで最後に表示された「被験者ID」を入力してください。				xVoWYCyM	1239059504
11		実験用Webサイトで最後に表示された「被験者ID」を入力してください。				eN6Wol3G	1239223815
12		今回の実験に関する、ご意見・ご指摘等がありましたら教えてください。					1225283058
12		今回の実験に関する、ご意見・ご指摘等がありましたら教えてください。				時間制限があると焦ると思う	1225481938
12		今回の実験に関する、ご意見・ご指摘等がありましたら教えてください。					1225511524
12		今回の実験に関する、ご意見・ご指摘等がありましたら教えてください。					1225532177
12		今回の実験に関する、ご意見・ご指摘等がありましたら教えてください。				いい訓練になりました	1225962608
12		今回の実験に関する、ご意見・ご指摘等がありましたら教えてください。					1226281797
12		今回の実験に関する、ご意見・ご指摘等がありましたら教えてください。					1227050337
12		今回の実験に関する、ご意見・ご指摘等がありましたら教えてください。				画面が小さくて疲れた	1227219364
12		今回の実験に関する、ご意見・ご指摘等がありましたら教えてください。					1228661809
12		今回の実験に関する、ご意見・ご指摘等がありましたら教えてください。					1229261446
12		今回の実験に関する、ご意見・ご指摘等がありましたら教えてください。				面白かったです	1229410825
12		今回の実験に関する、ご意見・ご指摘等がありましたら教えてください。				ない	1229482897
12		今回の実験に関する、ご意見・ご指摘等がありましたら教えてください。				時間制限があると焦ってしまいました。また、会社によっては非常に分かりにくいアドレスもあり、間違いが多いのではと思いました。	1230060134
12		今回の実験に関する、ご意見・ご指摘等がありましたら教えてください。					1230517797
12		今回の実験に関する、ご意見・ご指摘等がありましたら教えてください。				時間切れが多かったです	1230557481
12		今回の実験に関する、ご意見・ご指摘等がありましたら教えてください。					1230631892
12		今回の実験に関する、ご意見・ご指摘等がありましたら教えてください。					1230700326
12		今回の実験に関する、ご意見・ご指摘等がありましたら教えてください。				なかなか難しかったです。	1231067607
12		今回の実験に関する、ご意見・ご指摘等がありましたら教えてください。					1231399086
12		今回の実験に関する、ご意見・ご指摘等がありましたら教えてください。					1231517101
12		今回の実験に関する、ご意見・ご指摘等がありましたら教えてください。					1231961437
12		今回の実験に関する、ご意見・ご指摘等がありましたら教えてください。					1232018946
12		今回の実験に関する、ご意見・ご指摘等がありましたら教えてください。				何だったのかよくわからない	1232591233
12		今回の実験に関する、ご意見・ご指摘等がありましたら教えてください。				時間制限にもう少し余裕が欲しかった	1232628216
12		今回の実験に関する、ご意見・ご指摘等がありましたら教えてください。					1233646321
12		今回の実験に関する、ご意見・ご指摘等がありましたら教えてください。				なし	1233721486
12		今回の実験に関する、ご意見・ご指摘等がありましたら教えてください。				結構しんどかった	1234007169
12		今回の実験に関する、ご意見・ご指摘等がありましたら教えてください。					1234200662
12		今回の実験に関する、ご意見・ご指摘等がありましたら教えてください。					1235207588
12		今回の実験に関する、ご意見・ご指摘等がありましたら教えてください。				長い	1235302354
12		今回の実験に関する、ご意見・ご指摘等がありましたら教えてください。					1235467494
12		今回の実験に関する、ご意見・ご指摘等がありましたら教えてください。				特になし	1235636633
12		今回の実験に関する、ご意見・ご指摘等がありましたら教えてください。					1236190654
12		今回の実験に関する、ご意見・ご指摘等がありましたら教えてください。				特になし	1236443812
12		今回の実験に関する、ご意見・ご指摘等がありましたら教えてください。				むずかしい	1236476325
12		今回の実験に関する、ご意見・ご指摘等がありましたら教えてください。				特になし	1236534459
12		今回の実験に関する、ご意見・ご指摘等がありましたら教えてください。				時間に追われてしまいました	1236907813
12		今回の実験に関する、ご意見・ご指摘等がありましたら教えてください。					1236921183
12		今回の実験に関する、ご意見・ご指摘等がありましたら教えてください。					1237123252
12		今回の実験に関する、ご意見・ご指摘等がありましたら教えてください。				アドレス帳の視認性悪すぎィ！！配置が終わってます！！	1237404117
12		今回の実験に関する、ご意見・ご指摘等がありましたら教えてください。				5問目か6問目でいきなり制限時間が０だった、、	1237420878
12		今回の実験に関する、ご意見・ご指摘等がありましたら教えてください。					1237631594
12		今回の実験に関する、ご意見・ご指摘等がありましたら教えてください。					1237907943
12		今回の実験に関する、ご意見・ご指摘等がありましたら教えてください。					1238106634
12		今回の実験に関する、ご意見・ご指摘等がありましたら教えてください。				なし	1238166748
12		今回の実験に関する、ご意見・ご指摘等がありましたら教えてください。					1238704302
12		今回の実験に関する、ご意見・ご指摘等がありましたら教えてください。					1239002407
12		今回の実験に関する、ご意見・ご指摘等がありましたら教えてください。				大変疲れました	1239053322
12		今回の実験に関する、ご意見・ご指摘等がありましたら教えてください。					1239059504
12		今回の実験に関する、ご意見・ご指摘等がありましたら教えてください。					1239223815
